label,ae_z1,ae_z2,vae_mu1,vae_mu2,vae_logvar1,vae_logvar2
1,5.847026,-7.4785275,-0.28462392,-2.538956,-2.4509912,-2.378583
2,3.3075757,-9.126937,0.026279196,0.99808294,-3.6476243,-3.7478294
2,0.65330243,-2.7758105,0.21239263,0.7436357,-3.597989,-3.3523154
0,-2.9790025,-8.253795,-1.1202942,2.28609,-3.3640206,-2.6819134
4,3.9275656,0.9520638,0.23232147,0.3101119,-3.268068,-3.6151075
9,7.2539377,-0.7076417,0.26609275,-0.29280972,-3.4523926,-3.429595
0,-5.0752764,-1.560772,-2.828112,0.6014896,-2.8327098,-4.1083064
3,0.13341975,-5.36639,-1.2009543,-0.5493136,-2.8341084,-3.0742464
5,0.19029441,-4.7815933,-0.46460032,-0.36633205,-3.2801766,-3.3897667
8,8.997872,-10.737636,0.83290184,-0.5354265,-2.9563513,-3.2101607
1,4.444632,-5.531752,-0.4041494,-2.5256574,-2.360092,-2.1656606
5,4.4804025,-6.4529076,0.15952145,-2.5874827,-2.5391586,-2.7380762
9,5.002302,-1.5130224,0.59421766,-0.35069,-2.8014193,-2.8347268
2,1.5084671,-5.7704363,-2.1294901,-0.9665888,-3.785692,-4.239274
6,2.6054826,-7.4230385,1.1356058,1.4893858,-3.1241968,-3.0681996
3,1.0332932,-9.516338,-0.5080329,-0.6501741,-3.7340827,-3.906527
1,5.5297465,-5.111104,0.95698017,-2.4389448,-2.9530334,-2.731038
6,-1.7424237,-8.147975,-0.12224014,1.6538367,-3.6912544,-3.3486533
9,11.51064,-6.323491,1.0683928,-0.68706965,-3.4014192,-3.3125772
9,13.227389,-11.059372,2.4195824,-0.40138713,-2.531965,-2.6129537
6,-0.54371643,-7.083837,0.0008035116,1.7674391,-3.1835093,-2.5796494
9,9.561828,-1.2850922,0.649543,-0.3069563,-3.5803235,-3.7159567
2,3.5599198,-3.7408545,0.86068445,-1.6738474,-2.6819866,-2.534995
7,6.600556,2.8026955,0.08255763,0.098491974,-3.9883368,-4.195363
2,4.4854918,-11.408436,0.5231805,1.6077714,-3.6394987,-3.5405421
6,2.4635382,-7.217593,0.89919144,1.5168412,-3.7876172,-3.3059554
8,0.3332872,-3.910116,-0.82671297,-0.46856454,-2.9898405,-3.3072038
9,0.3847383,-6.641555,-0.4787286,-0.1521854,-3.9699638,-4.049442
8,7.0529604,-14.963866,2.4901586,1.9249659,-2.9902894,-2.940671
5,-0.72018105,-6.465633,-1.2573,0.16287108,-3.8925188,-4.298835
1,1.177302,-4.6745048,-0.7392169,-1.1031287,-3.0293617,-3.260394
9,8.971866,-3.3155901,0.8735716,-0.9158066,-2.856808,-3.0438428
0,-4.832192,-2.3400006,-2.395272,0.7697141,-3.089236,-4.0128264
4,9.055758,-0.21032685,0.39787105,-0.10579322,-3.7046957,-3.8366947
3,1.7512263,-7.5590634,-0.30971113,-0.78656113,-4.302162,-4.584451
6,-0.33563548,-4.7154207,0.36129707,1.4679517,-3.0864043,-2.5686922
1,4.603613,-7.129048,-1.651638,-2.490278,-2.3318331,-2.450346
6,1.515697,-7.139529,0.5694638,1.990818,-3.321679,-2.4216418
4,5.241205,-0.022327457,0.29777092,0.031076545,-3.6249695,-3.7952218
4,5.848546,2.483487,0.19963703,0.3051068,-3.9540772,-4.604687
0,-1.606806,-8.127342,-0.70377076,0.822999,-3.8196502,-3.2977805
4,8.474453,-7.2977023,1.5731907,0.70641327,-2.912184,-3.0373154
6,-1.7958012,-3.5127923,-0.49603456,0.62394774,-4.3110943,-4.239236
3,2.9515662,-7.3913364,-0.33989358,-1.1565408,-3.070591,-3.3198466
3,0.75722003,-4.180614,-0.47990185,-1.278612,-2.8773344,-3.2770767
7,13.722511,-8.392809,1.9672215,-0.48667508,-2.5234015,-3.1096282
5,2.7433507,-11.77637,0.101135164,-0.48287708,-3.8388424,-4.1628027
6,2.1366947,-11.889491,0.1892506,1.9965439,-3.3385158,-2.698597
0,-3.2094254,-8.236863,-1.2703896,1.6038227,-3.5532842,-3.0598464
4,9.162267,-8.074189,1.5389074,0.87927365,-3.502488,-4.021124
1,4.498135,-3.0148597,1.0197395,-2.0710118,-3.2620938,-2.9986258
8,7.816209,-13.358448,-0.544215,-1.5004385,-2.1071186,-2.8717422
4,11.191449,-4.0068765,1.679856,0.71761036,-3.1986518,-3.6411347
8,0.83977014,-8.638284,-0.4544953,-0.038991272,-3.4148479,-3.4305902
7,12.569528,-13.1325035,2.7509573,-0.87767965,-2.636783,-3.1196923
2,0.8353172,-5.312197,-0.18440647,-0.41938496,-2.8385077,-3.019782
6,2.514203,-8.258371,0.96065253,1.89226,-3.8120036,-3.2493815
0,-0.9953187,-7.290825,-0.43147948,1.3641073,-3.2846386,-2.5767593
1,4.843489,-3.895881,0.64759916,-2.1217659,-2.7373998,-2.5486708
6,2.566314,-5.881884,0.60067415,1.3657019,-3.5008738,-2.932918
7,15.117062,-15.188047,2.916539,-0.38969228,-2.6758428,-3.3601737
7,6.7506557,-8.01964,1.0593884,-0.92563385,-2.3005326,-2.3509269
9,9.548389,-0.5311701,0.3626209,0.1182395,-3.6621232,-3.7908792
8,3.2811081,-10.100533,-0.20570213,-1.2693882,-3.0479538,-3.1924024
1,3.6336486,-2.149615,0.81839085,-1.6205872,-3.5280774,-3.4214768
2,1.3597709,-3.3227067,0.6631264,0.52426064,-2.7313485,-2.720457
1,5.0615673,-4.664548,1.0147207,-2.1442504,-3.2078552,-3.0993872
8,6.2363915,-13.661728,1.6507968,1.1858983,-2.7068431,-2.6953144
8,1.6423937,-5.351656,-0.17298304,-0.67541814,-3.317333,-3.4615855
6,2.9821477,-7.1448984,1.1204482,1.7646632,-3.0167441,-2.8799677
0,2.068008,-9.680763,-0.11097264,-0.19946349,-3.6005058,-3.4403028
2,2.267727,-6.5187945,0.26011494,0.9171444,-3.7449095,-3.8114753
8,1.313188,-4.9819703,-0.1372619,-0.5255277,-3.230489,-3.4002547
1,6.3970613,-11.890933,-0.4781831,-1.4138248,-2.8859031,-3.0311356
1,3.0699334,-1.4977591,0.64216757,-1.5605263,-3.2447526,-3.1545272
4,8.759384,-1.7372049,0.87879914,0.6554106,-3.5402014,-3.2301774
4,9.099912,-8.128637,1.6379924,0.46926525,-2.9410722,-3.0580583
3,1.7037517,-9.762073,-1.47543,-0.33519307,-2.8154624,-3.383576
6,-0.8321457,-3.4023688,-0.32784787,0.53693014,-3.0982895,-2.7551394
9,7.32442,1.5783532,0.027436856,0.2826729,-4.1140985,-4.1356525
8,7.3602123,-9.431359,0.015660001,-0.27593404,-3.6691437,-3.982523
6,-1.7726947,-2.9747431,-0.08884111,1.126709,-3.816208,-3.5936832
8,2.5621207,-7.16045,-0.13839102,-0.32872474,-3.0794196,-3.3565955
7,10.501261,0.42377234,1.0778313,-0.05997686,-2.999862,-3.4498687
3,4.3021812,-13.09596,-0.19797564,-0.32875067,-2.7116487,-2.9243455
9,3.7584467,1.8356667,0.059081215,0.35369456,-3.8586729,-4.228033
6,1.8182365,-8.053392,0.95394254,2.1171224,-4.1776223,-3.8069978
2,1.2102439,-4.6331754,0.06732464,1.3262281,-3.3284419,-3.194799
9,10.433443,-11.387973,2.1152892,-0.1449855,-2.4443192,-2.908761
4,3.7894506,1.3781524,0.099735126,0.11670516,-4.5321736,-4.8471127
0,-3.4288275,-9.375299,-1.0553669,2.8023813,-3.5972052,-2.6309228
6,-1.5961529,-1.07967,-0.50985277,0.6084208,-4.539853,-4.837662
4,10.354917,-12.152486,1.8748472,-0.101341076,-2.7452855,-3.0169353
9,4.432647,1.6378914,0.13600132,0.12413483,-3.684537,-3.7595305
1,3.5880804,-3.8413074,0.50473803,-2.1027293,-2.276206,-2.08744
0,-5.287492,-9.203521,-1.6409222,2.921416,-3.5664034,-2.827415
8,6.5734234,-14.75423,-0.47035003,-1.1110628,-2.6578555,-3.075523
8,4.6131988,-9.280978,0.7639301,-0.28791526,-2.69024,-2.8000412
0,-3.9088264,-13.426651,-1.495893,2.5843542,-4.600782,-3.5614924
4,4.1857758,1.5873532,0.21956386,0.18871872,-3.4629843,-3.5378923
0,-4.3288207,-2.9738703,-1.4706042,1.0750449,-3.1028914,-3.461988
6,1.2846872,-7.488392,0.8582417,2.0329783,-4.2249274,-3.7310424
7,10.681981,1.8982563,0.683924,-0.37791038,-3.27346,-3.232057
7,13.006064,-11.81714,2.4417021,-1.0278699,-2.79633,-3.1890345
5,1.3458134,-7.7558136,-0.041274015,-0.82528037,-2.99605,-3.0994492
5,3.06611,-9.908914,0.57633775,1.686574,-2.710025,-2.4488616
5,0.39219302,-8.324399,-0.6699747,-0.077732876,-3.4035497,-3.2211914
0,-6.0478663,-6.7679577,-1.8523331,2.4053652,-3.0449686,-2.7825732
0,-3.0104017,-11.547293,-1.353336,1.7306732,-4.355293,-3.7484288
1,5.878685,-3.4756494,0.93718123,-1.7269524,-3.6365662,-3.4070063
0,-6.5437207,-2.414151,-2.857615,0.6667102,-3.770762,-4.948714
0,-1.1816928,-10.15692,-0.14114079,2.8072846,-3.9899263,-2.8241549
6,1.6434956,-6.133027,0.6067515,1.0644264,-3.4978185,-3.1099586
3,0.83306634,-9.360348,-0.75103074,-0.5266457,-4.099855,-4.410187
7,6.4693794,7.860931,-0.029000666,0.14170423,-3.6366901,-3.4510398
6,0.50346416,-6.7548637,0.5056524,2.1798513,-3.8505306,-3.1431093
7,9.10988,-1.563715,0.7867024,-0.5915509,-3.3490365,-3.522809
7,10.012489,-4.7255197,1.4060546,-0.70923245,-3.1536431,-3.3119984
7,8.449127,-10.667014,-0.12071903,-2.5285141,-2.2438695,-2.6073513
2,1.7419016,-6.357295,0.05622001,0.6972885,-3.6152277,-3.4148126
4,4.5894103,0.39084247,0.410419,-0.07924682,-3.082718,-3.1745315
2,3.331994,-9.310734,0.5865068,0.6247951,-2.6956055,-2.7243533
7,13.363663,-6.4558067,1.4790295,-0.56986636,-3.7870288,-4.1121573
7,9.463126,-10.791779,2.111343,-0.67255783,-2.353081,-2.731783
1,4.4749413,-2.9914508,0.8875767,-1.8680893,-3.3464282,-3.3680768
7,10.192983,-9.714289,1.9871773,-1.5770254,-2.3743503,-2.61793
9,9.084293,-4.714355,1.154893,0.21011856,-2.2398674,-2.3936057
8,4.428318,-13.290941,0.20201,-0.6304019,-2.850523,-3.3908625
6,1.8275986,-4.058999,0.6910246,1.0052559,-2.5308015,-2.4019504
5,4.6148148,-4.3318777,0.94273406,0.27827796,-3.1069841,-2.6529436
3,0.06621279,-7.4819293,-0.78457975,-0.14449464,-3.8439867,-3.8126268
9,12.28504,-13.208691,2.7880688,0.24157217,-2.5053756,-2.6818242
2,2.7699313,-7.2681203,0.2797802,0.7375103,-3.29409,-2.926639
8,5.548983,-13.99338,1.5036527,0.42786574,-2.3100638,-2.3588796
9,10.001518,-5.4707975,1.3088441,-0.48580092,-2.9063396,-2.777926
5,0.11639246,-7.522779,-0.9504494,-0.2928106,-4.1316485,-4.5169234
3,1.8905784,-10.770057,-1.0667756,-0.7559113,-4.014695,-4.364899
5,0.55100465,-6.205617,-0.27164897,-0.31884232,-3.0724323,-3.4214082
5,5.1351924,-6.770789,1.4491653,-1.8186569,-2.359349,-2.4633918
7,9.937866,1.1241049,0.42390743,-0.2689826,-3.4916234,-3.6196437
0,-2.2971997,-8.325581,-1.2354262,0.77426964,-3.430188,-3.4527936
0,-4.8947387,-5.755307,-1.3789711,1.9198905,-3.3266263,-3.018415
3,3.9266195,-13.221104,-0.11047262,-0.7501005,-3.159956,-3.6696968
0,-7.6579647,-10.452958,-2.4417922,1.5830821,-4.615327,-5.151402
9,10.717379,-2.6255682,0.5393007,-0.61103684,-3.7787335,-3.7912045
7,11.940831,0.4878206,0.7799485,-0.27807674,-3.6242745,-3.7472353
9,16.497797,-4.6701627,1.0358192,-0.34914938,-3.7984486,-4.094151
8,1.8418247,-6.7319922,-0.31545866,-0.7458435,-3.4463515,-3.8378477
8,3.7018156,-11.223777,-0.45922956,-0.8125613,-3.2545211,-3.7196164
8,0.032948118,-5.3581185,-0.65752745,-0.0050519854,-3.8940465,-4.152471
0,2.2537944,-12.585335,0.25325382,2.768582,-3.1668668,-2.376348
9,11.812077,-7.216153,0.86917245,-0.50822264,-3.4625652,-3.8426046
3,3.725416,-2.5057924,0.4434275,-1.2224065,-3.592958,-3.702561
6,1.6262131,-5.1568336,0.58717465,0.906268,-3.5321393,-2.980486
1,3.4196975,-2.8899329,0.7375809,-2.2317045,-2.7475634,-2.6435475
8,5.7384295,-12.491509,0.19576034,-0.65996826,-3.090542,-3.463842
4,10.844204,-2.676666,0.7095047,0.40975246,-3.7825487,-4.5676727
5,6.1656322,-1.4027753,0.7843393,-0.9323124,-2.433939,-2.1406085
4,9.176725,-2.8847547,0.86978406,-0.6451669,-2.8656266,-2.9780555
4,12.943308,-2.4969027,1.1160444,-0.039817095,-3.4321184,-4.0137396
7,8.607068,-8.545985,1.7552701,-1.3414496,-2.2913647,-2.3581362
8,8.8744545,-18.002913,1.88054,0.92758304,-3.0543563,-3.1145258
5,3.6783679,-4.975077,0.54888624,-1.8370206,-1.9695584,-2.009287
8,3.985096,-7.2020535,-0.49246633,-1.6554067,-2.3625927,-2.6631036
3,2.1996737,-10.468422,-0.9916847,-1.0943956,-3.5047507,-3.7825627
6,-2.702242,-3.3511074,-0.8567385,0.96430093,-3.2923436,-3.4528027
3,0.2209152,-8.183304,-1.370907,-0.26970604,-3.968356,-4.5730996
6,1.1138865,-6.4224997,0.67860407,1.8008441,-3.7530463,-3.08186
3,0.2092781,-3.3744476,-0.20319106,-0.34084335,-2.9625587,-3.1347456
2,1.8759918,-8.504949,-0.5088197,0.8829257,-2.7312543,-2.7451901
2,4.527081,-10.777256,-2.2291644,-1.3033755,-2.880669,-3.7319527
7,15.001345,-15.586128,3.439752,-1.0019045,-2.4862556,-3.214952
4,6.8851957,2.7315006,0.034876518,0.1984927,-4.7378716,-5.0500383
6,4.8885384,-1.4811112,0.07919258,0.8191065,-3.2119741,-3.0024486
8,1.2278775,-6.8396997,-0.6192544,-0.7755734,-3.0484827,-3.3509588
4,4.1959496,-4.5082936,1.0892106,0.38748097,-2.7305162,-2.7724705
7,9.800772,-6.5409393,1.5568432,-0.4867731,-2.7654486,-2.9613729
7,15.200299,-10.572535,2.0931194,-0.7050709,-3.733309,-3.8490582
5,4.8048882,-1.1777736,0.63566864,0.37592033,-3.1784792,-2.8691888
6,-1.7563909,-4.772836,-0.30287114,0.9521689,-3.544538,-3.3635721
3,4.576555,-12.790912,-0.94395053,-1.2124525,-2.7089102,-3.314158
6,-1.513693,-1.096721,-0.19056968,0.79241097,-4.187375,-4.4198484
0,-4.889629,-7.140846,-1.9604706,1.2200707,-3.313818,-3.6026607
2,2.2870882,-5.960075,-0.03733631,0.079036474,-2.4233851,-2.3696012
5,7.000629,-4.557698,0.16284709,-0.88605213,-3.38781,-3.605298
9,9.110035,-3.0722153,1.1133316,0.27440628,-2.779994,-2.908299
8,7.383815,-12.744526,-0.76087666,-1.8739253,-2.2210484,-2.8587437
8,1.7972561,-6.0426,-0.3019469,-1.0087042,-3.144384,-3.5715775
7,14.173721,0.72663444,0.83140236,-0.37499946,-3.705711,-3.9988418
8,-0.481378,-2.957818,-1.1626456,-0.05996158,-3.1207535,-3.6748176
4,6.9676843,-0.40111822,0.6176589,0.13827501,-3.9542296,-4.474778
6,2.6205518,-8.313616,0.8882694,1.1895413,-2.7748952,-2.240734
4,10.794325,-0.9059218,0.69772536,-0.1498931,-3.8553414,-3.802402
2,3.3145852,-8.962351,0.38368586,1.025248,-3.6386998,-3.5486245
2,0.6773051,-3.3212454,0.06272729,0.9159634,-3.8580055,-3.5291371
8,5.241628,-11.833505,0.4961463,-0.793944,-2.8164737,-3.088347
3,4.0526953,-9.378263,0.03937829,-0.98171926,-3.489554,-3.8444405
3,0.18983829,-5.5218177,-1.2927612,-0.3483915,-3.691366,-4.3179045
7,12.653802,-12.785476,2.6093535,-0.87336415,-2.8226166,-3.2764902
3,4.019507,-10.2744055,0.20764384,-0.914914,-2.5953372,-3.033804
2,1.3513193,-4.758289,0.019897249,0.9986499,-3.8191333,-3.5524015
1,5.5291495,-8.539136,-1.7445385,-2.7720442,-2.504315,-2.6322112
6,3.868243,-9.886351,1.0876824,2.049787,-4.389372,-3.853716
1,3.9574175,-2.706766,1.0088576,-2.1103954,-2.9949768,-2.7563043
5,-0.33801797,-10.199393,-0.22051018,1.4295051,-3.6079514,-3.3102422
2,0.64443505,-3.3064368,0.26435098,0.9012629,-3.6246524,-3.6901622
1,5.052374,-4.2740865,0.77153194,-1.965629,-3.5995178,-3.4419022
0,-7.114963,-6.451987,-2.1820955,1.8159926,-3.394974,-3.4907289
7,6.3075695,-1.7863098,0.9082285,-1.0294998,-3.0453522,-3.0123014
3,2.967599,-14.089757,-0.5262015,-0.79149973,-3.3569953,-3.60954
5,3.5594532,-5.5626845,-0.09515725,-1.9753634,-2.4998243,-2.8542104
6,-1.1536399,-7.0756526,0.2645578,1.4887805,-3.007022,-2.7086158
1,4.7310863,-5.609438,0.85671824,-2.0037098,-3.4558654,-3.3979359
8,3.065987,-12.259232,-0.29738802,-0.69305044,-3.0365057,-3.3028035
1,4.484048,-6.8549933,-1.514285,-2.6768486,-2.1990633,-2.30518
2,2.014665,-5.109591,0.29602045,0.7677739,-2.78513,-2.159283
5,2.3514278,-10.002529,0.45894372,-0.13075441,-2.7120886,-2.6055984
8,3.6596193,-9.031343,0.023444463,-0.9280021,-2.4698968,-2.9577765
0,-3.115316,-3.0145373,-0.85401744,1.1077238,-2.9938505,-3.1482077
5,0.45299965,-9.529913,-0.4301395,-0.39181075,-4.0744724,-4.2707176
6,1.3388778,-4.5477505,0.48489442,0.44214895,-2.4747376,-2.186211
0,1.5664533,-8.197096,0.30541664,1.0157746,-3.2950249,-2.7621827
2,-2.4185772,-4.390724,-0.18447939,1.604216,-3.6922994,-3.7676783
0,-2.5842202,-7.226856,-0.54425347,1.9169298,-3.3863914,-2.74854
0,-3.603274,-7.407672,-1.4753368,1.0743936,-4.2143354,-4.0811157
6,2.3012805,-8.435943,0.7890609,1.5933352,-3.7263267,-3.1816854
1,4.122655,-4.141091,0.6940266,-2.3746169,-2.7980218,-2.6440349
1,3.4631732,-4.6218567,-0.59779054,-2.810793,-2.3908176,-2.253893
1,3.117482,-1.7119585,0.8527759,-1.7200772,-3.2651858,-3.108943
4,13.078817,-6.7177353,1.5558196,0.14988066,-3.3639896,-4.076642
2,0.5764129,-4.53272,-0.0304779,0.9802836,-3.2706,-2.969225
2,2.4801748,-8.222966,-0.5117845,0.022616478,-2.88773,-3.0329509
8,5.950481,-10.726968,1.0789876,-0.10641465,-2.2500293,-2.2011714
3,1.1812488,-8.226567,-1.062351,-0.85042,-4.0854745,-4.515797
8,4.813785,-9.732801,0.3265576,-0.90167034,-3.1379943,-3.1843486
0,2.9837723,-14.405422,0.45104134,2.758937,-3.3368232,-2.6430106
6,1.9296699,-6.156609,0.7819467,1.7455846,-3.8247771,-3.5822291
3,2.0838976,-8.168698,-0.47394365,-0.5745386,-3.4375556,-3.9780812
5,2.9777994,-7.9907866,0.85596627,0.90037763,-3.1352131,-2.608347
6,1.3381172,-4.9269166,0.31434882,1.0096061,-3.5433552,-3.3496556
4,12.040997,-4.5882564,1.1611048,-0.2056823,-3.8437784,-4.5702047
6,5.503613,-10.002068,-0.66663724,-1.7881212,-2.5022206,-2.72514
3,0.89781415,-9.152951,-0.97726524,-0.6001488,-3.9871633,-4.3233705
2,-0.9467494,-1.1624572,0.25812244,1.1094829,-4.1894383,-4.6391363
9,15.322826,-8.875732,1.558377,-0.17080368,-2.9796257,-3.3684826
4,5.2710013,-0.6000276,0.30823392,-0.31543747,-3.0006626,-2.8950868
8,3.1223707,-8.553697,0.037156012,-1.177957,-3.2678182,-3.226735
1,3.1971977,-3.5247438,0.52385,-2.4311516,-2.595589,-2.361774
1,4.0082774,-2.6834755,0.90918887,-1.8403873,-2.8725705,-2.706346
2,5.161354,-12.58117,0.0824769,1.5891025,-2.760653,-2.6565733
4,8.573877,-3.2355373,1.1103296,0.19936855,-3.0367851,-2.9015393
8,7.904946,-12.047359,1.2409042,-1.1413447,-2.492497,-2.6650763
4,12.435797,-3.9961472,1.0279018,-0.055086806,-3.1818936,-3.9296608
2,1.0866704,-4.5965376,-0.17815626,0.9158318,-3.7529085,-3.6501527
9,6.340612,0.8654032,0.19879419,-0.26998588,-4.0971265,-4.145489
1,5.1775074,-9.836989,1.1518023,-0.9776544,-2.5780995,-2.5519848
4,6.299701,-0.32720694,0.36874068,0.07995083,-3.6251566,-3.3655095
9,8.527953,-11.554989,1.966027,0.7535044,-2.4985065,-2.5357647
7,11.821589,-4.470771,1.2369897,-0.69774705,-3.7816901,-3.942441
2,-2.9929109,-2.6156776,-0.20812102,1.3366104,-3.910705,-4.173223
7,11.895853,-3.725687,1.1644852,-0.5052342,-3.6407368,-3.9316592
0,-5.8265114,-4.42689,-1.861415,1.559113,-3.1023574,-3.4661956
9,10.184763,-5.9876266,1.0799289,-1.0573457,-3.3791747,-3.4204116
8,5.079283,-7.8103623,0.18139414,-1.5673741,-1.637955,-2.0212026
1,4.992021,-7.6761265,-1.279734,-2.6724923,-2.3798375,-2.3514814
6,-2.3178346,-5.9817348,-0.36370483,1.5067493,-3.5216262,-3.2473679
2,0.8444862,-3.0660594,0.16899464,0.7910277,-3.8505487,-3.688335
7,8.862476,-9.218809,2.1017578,-1.2760619,-2.2545028,-2.3512225
8,4.001441,-6.2439914,-0.6628805,-2.2889009,-2.0237308,-2.1434388
2,2.127299,-6.719311,-0.116972074,0.93318975,-3.3249152,-3.2375708
4,8.726425,-5.573827,1.228805,0.59212714,-3.2245836,-3.1458197
7,14.891472,0.37925836,1.000942,-0.4402758,-3.577014,-3.7198086
2,-1.659488,-4.971881,0.039881334,1.2797965,-3.2133148,-3.4818802
3,2.2177773,-12.264196,-0.5252242,-0.74628985,-3.8735933,-4.271755
5,-0.382753,-7.7538714,-0.38045323,-0.12810668,-3.436833,-3.5509043
9,11.687489,-1.2028501,0.5033003,-0.19261368,-3.492267,-4.188399
5,0.44507003,-3.7172074,-0.42223698,-0.38491258,-3.809263,-4.0721555
7,11.285156,-14.533262,3.2730117,-0.31666836,-2.0899408,-2.3122644
9,16.393724,-11.572011,1.8972157,0.0692407,-4.2807875,-4.7189145
2,2.126535,-4.514282,0.47143027,0.630283,-2.8340454,-2.7884412
7,13.988739,-13.264193,2.8983514,-1.13853,-2.690336,-3.0616093
1,4.189732,-4.7274094,0.07069768,-2.5682304,-2.6552682,-2.290988
5,2.1012397,-6.7581367,0.23360066,-1.3833355,-3.2718492,-3.720996
7,11.057107,-11.105484,2.5783107,-0.97674847,-2.6983285,-3.1040711
3,3.2356431,-14.342727,-0.5884686,-0.69299316,-3.9465246,-4.4289236
0,-6.3268394,-4.2324862,-2.0504408,1.4434825,-3.0525656,-3.4663162
5,0.043747395,-6.4045243,-0.5651599,0.100178994,-3.6401227,-3.50289
5,3.3243754,-4.978373,0.2083115,-2.1404817,-2.1189673,-2.1274679
2,5.5755653,-14.094645,-2.1913009,-1.002665,-3.0894487,-3.8169723
8,1.794118,-8.48013,-0.15981025,-0.4232297,-3.6882465,-3.8514657
4,6.6503735,-1.7741367,0.75373524,0.71665114,-3.1849296,-2.9683466
9,4.338996,-0.15024462,-0.13092992,-0.08489937,-3.7666051,-3.7660847
8,6.847081,-9.254357,0.55726177,-0.47546664,-3.1423485,-3.381322
4,7.35179,-1.6466022,1.0870312,0.2508105,-3.1950715,-3.6555052
9,10.100616,-3.5787876,0.922747,-0.60268635,-2.8896432,-2.73166
2,4.49519,-8.271061,-2.689842,-1.2787607,-2.3035216,-3.3716035
8,6.574619,-12.517438,1.1440513,0.24604684,-2.031531,-2.3497891
4,13.694207,-7.1702785,1.3314929,0.22689813,-3.477274,-4.054138
4,11.307678,-1.8351264,0.80548114,-0.19515301,-4.0362144,-4.129997
1,3.5476873,-2.2460847,0.94163436,-1.8301181,-2.5424488,-2.4725008
5,-0.5325301,-7.6354194,-0.8002719,0.030529922,-3.7978356,-3.618085
6,1.2327539,-4.527521,0.62902826,1.2078927,-3.4686306,-3.1088443
1,4.9482336,-6.232437,0.7516477,-2.2631617,-2.936048,-2.8099718
9,11.678461,-7.302816,1.312997,-0.59612894,-2.7085724,-2.8759975
9,12.205961,-3.783624,1.1324586,0.053831093,-2.973319,-3.2377505
2,1.2565625,-6.00402,-0.4661911,0.30518463,-3.5907114,-3.649086
0,0.7743426,-12.937631,-0.03717279,2.2583582,-4.0272484,-3.0527687
0,-2.5846696,-9.576557,-1.0181843,1.7411097,-3.6509738,-2.9015913
4,2.588484,-6.9448366,0.70243233,0.8104757,-3.2581806,-2.9280305
2,5.3694487,-10.988455,-1.8467953,-1.4826934,-2.3488393,-3.1681633
9,7.274192,1.4365971,0.3814174,0.15978004,-3.6423557,-4.1164403
0,-3.7797484,-6.061406,-1.1368917,2.4703066,-3.1332564,-2.4891582
1,3.6072464,-4.722399,-0.080245376,-2.6372693,-2.3714683,-2.132165
7,7.180872,-5.091201,1.2058849,-1.1353636,-2.878804,-2.843162
1,5.0195026,-7.39227,-1.7571168,-2.1085496,-2.165047,-2.7122765
9,13.493786,-8.74608,1.7620531,-0.15486188,-2.6614125,-2.9295712
2,-0.9361344,-1.944194,0.19809723,0.84477156,-3.15532,-2.7876492
3,0.212427,-7.7665052,-1.4802027,-0.39453954,-3.9809277,-4.3828506
8,6.6402717,-14.255032,1.3401872,0.66689277,-2.663954,-2.4201908
4,11.185092,-12.962851,2.7962995,-0.49736166,-2.2364893,-2.63061
1,3.3524225,-2.4213018,0.93521637,-1.6152332,-2.9837232,-2.8659606
2,0.58687365,-3.183719,0.21074528,0.817132,-3.8020403,-3.687069
7,12.207536,-13.741261,3.3130682,-0.21557763,-2.5114715,-2.8370104
9,8.558991,-0.51183623,0.39450544,-0.06347039,-4.191776,-4.1434765
7,10.121857,-10.657156,2.2426846,-1.0174167,-2.5612009,-2.8700337
8,5.9422355,-10.082838,1.4714848,0.79553187,-2.481381,-2.5752015
9,12.498009,0.37306958,0.48980087,-0.10538549,-3.774947,-4.0736575
5,0.89558494,-9.085637,-0.4818681,1.2680049,-3.188918,-2.8094301
0,-3.831714,-5.0380073,-1.2586216,2.1500769,-3.244905,-2.6884274
3,1.731457,-8.390923,-0.79074657,-0.9665196,-3.1636562,-3.664672
3,0.278152,-8.981485,-0.33366835,1.4667135,-4.3410797,-3.7482457
2,6.1848383,-13.551315,1.0428349,1.3128916,-2.527659,-2.541698
1,3.0153208,-2.2058003,0.8251424,-2.0084352,-2.7208195,-2.49548
5,2.9862113,-10.851409,1.092057,0.70973974,-3.1879835,-3.0677829
5,1.5043385,-4.926918,0.56002563,0.14802456,-3.2658832,-3.0046873
6,-2.7586815,-1.3247992,-0.9304381,0.74476266,-2.8405318,-3.1346736
8,9.569949,-18.073952,2.8352873,1.3709024,-2.715387,-2.9043865
3,-0.4868951,-4.8927655,-1.3258232,-0.09284561,-3.2060173,-3.5907817
3,0.16333243,-8.511673,-1.6450874,-0.3679324,-2.69341,-3.0448747
2,3.4621096,-8.353149,0.6214783,1.1455903,-3.0785406,-2.7854905
3,2.5655766,-10.687713,-1.0346045,-0.99656945,-4.0310864,-4.6791196
8,3.8489335,-9.473031,-0.35090232,-0.99964595,-3.256941,-3.6460505
7,12.764053,-15.751528,3.3024015,-0.6557151,-2.302842,-2.8607206
9,13.447635,-9.2538805,1.7196299,0.089919105,-2.4900334,-2.7706285
1,2.3966408,-3.547711,-0.8254512,-2.3110673,-1.780817,-1.8113153
0,-5.869859,-0.9001532,-3.0990448,0.39550856,-3.0764945,-4.4434204
0,-0.8257184,-11.139747,-0.45868596,2.0710516,-4.032751,-2.768352
4,4.1706734,-12.592203,0.20771237,1.6079035,-3.0838234,-3.2353482
5,-0.16997987,-5.158427,-0.6334372,0.052685298,-4.1873884,-4.4009438
0,2.7232351,-13.613958,-0.029077057,3.0897841,-3.1562498,-2.3287015
5,1.2251663,-8.413061,-0.3330043,-0.34845024,-3.685559,-4.0887527
3,-1.2236657,-2.653491,-0.72610027,0.65817547,-3.0125506,-2.952345
2,2.3758814,-5.52815,-1.4477806,-1.0089462,-2.885572,-3.4944162
3,0.22306895,-4.9647593,-1.4534619,-0.41159672,-3.24008,-3.8624387
3,0.6070137,-6.612247,-0.70308524,-0.58858865,-3.643504,-4.045302
7,17.487186,-2.9054935,1.4144288,-0.5978367,-3.6664808,-4.216475
4,5.6101317,0.9785594,0.33221006,0.17224558,-3.5224853,-3.5637636
4,3.7346635,0.7802485,0.079371914,-0.02762086,-3.793231,-3.926703
9,12.493244,-3.9172277,1.0090857,0.18242987,-3.7576392,-3.59726
9,6.64295,0.23870894,0.13801003,0.0019036438,-4.3182755,-4.3609977
1,6.671285,-10.476459,-1.0151972,-2.3900602,-2.7194011,-2.8433151
1,4.547963,-6.521108,-1.0397977,-2.1065814,-2.0609574,-2.2043953
6,1.2211494,-7.2436504,0.45817703,1.471921,-4.2700357,-3.8558822
6,-2.3914146,-3.6277778,-0.7603391,0.885844,-3.8261342,-3.8629704
2,3.0652385,-6.9885435,0.25410035,1.038359,-3.353909,-3.3068237
7,7.470616,-4.1875405,1.1252161,-0.7211726,-2.7837117,-2.9748454
6,-1.8158964,-2.1294277,-0.41752163,0.7075913,-4.127275,-4.120395
4,3.598952,-6.237925,1.4960831,1.2664559,-2.7724118,-2.439992
5,-0.07408556,-5.2047753,-0.8069501,-0.08810346,-3.2568371,-3.33887
1,2.8257997,-1.9209421,0.7395691,-1.8557315,-2.7278602,-2.5652614
1,3.8746345,-5.6177983,-0.3042304,-2.6537366,-2.3432877,-2.1026013
1,6.079419,-8.811081,-1.8978076,-2.3421454,-2.0296268,-2.690802
9,10.104936,-11.4061985,2.472322,-0.09170527,-2.563409,-3.2825556
4,9.678687,-7.252101,1.7409282,0.2877976,-3.1183348,-3.7749
8,3.1742349,-8.330635,0.28831497,-0.48260283,-2.582261,-2.610509
0,-2.8988667,-9.605387,-1.6065545,1.1311749,-2.9697824,-3.0791764
2,2.7724898,-7.2983074,-0.13880357,1.6918143,-2.912452,-2.5801878
8,3.8054488,-8.157413,1.0444874,0.48863608,-2.033092,-2.0796142
1,3.9518297,-5.7630315,-0.9660994,-2.5198152,-2.271826,-2.2055793
3,0.24046904,-8.785025,-1.034223,-0.28043127,-3.8826077,-4.0994473
9,3.2433105,2.0739727,0.108146414,0.3531555,-4.4179707,-4.824052
9,9.940536,-1.7311791,0.6650122,-0.18004856,-2.9742327,-3.2484236
6,1.8140242,-5.3346834,0.76556045,1.4063513,-3.119938,-2.8866081
8,4.7892303,-7.2266517,-0.06262621,-2.1233003,-3.1140015,-2.7234373
7,11.349712,-2.518566,0.9849234,-0.27533856,-3.3509688,-3.8549943
7,14.047601,0.3076575,1.0136062,-0.5918905,-3.5905216,-3.8480215
9,9.943928,0.56949097,0.56738484,0.24826276,-3.5125313,-3.444212
1,3.1861281,-4.0170107,-0.21415247,-2.4555154,-2.077576,-1.8926485
7,8.3856535,-6.2569537,1.5690489,-1.0331299,-2.8787084,-2.987051
5,4.347506,-7.7635694,0.47026002,-1.352537,-2.1626775,-2.4078803
9,10.417419,-1.7272642,1.1340946,-0.5821459,-2.91798,-3.0556312
3,0.39504817,-5.6217976,-1.2263758,-0.10059209,-3.3300753,-4.010107
3,0.66231644,-5.1769395,-0.6249433,-0.90164185,-3.2373264,-3.589364
5,-0.036575567,-6.3798285,-1.3378847,-0.10531781,-3.6815197,-4.2707443
0,-2.3680687,-10.694826,-0.6219038,2.4777207,-4.146932,-3.0630894
7,10.452827,-7.8256383,1.8876122,-0.8659482,-2.7689636,-2.7487488
2,2.1730702,-3.8289468,0.52084833,-1.2905437,-2.722331,-2.6103582
0,-5.076314,-1.214857,-2.739835,0.6161568,-2.681254,-3.8677974
9,10.492316,-0.0781656,0.3755185,-0.29961973,-4.2730584,-4.2418814
4,11.49237,-11.560628,2.6678257,0.18712683,-2.3160386,-3.0506206
5,5.4642205,-9.285991,1.4882616,-1.4603578,-2.5715113,-2.5847516
9,7.6954083,0.32219216,0.3852917,-0.064829044,-3.9548318,-4.270926
1,3.8408422,-4.793542,-0.41527227,-2.6092856,-2.3718617,-2.1827507
2,2.1456807,-5.175545,-2.631114,-1.3350973,-3.347041,-4.3081384
2,2.3018017,-6.931406,-2.0288599,-1.1765373,-3.054771,-3.753181
7,17.106844,-0.37162033,1.0215073,-0.4666808,-3.4625556,-3.897407
8,8.127736,-15.201862,0.7957268,-1.0698475,-3.1722615,-3.1265903
2,2.4256113,-2.360478,0.6061811,0.6321647,-2.806708,-2.5224614
7,13.551669,-10.006289,1.9164809,-0.7439461,-3.0654533,-3.6622934
7,9.019737,-1.0832926,0.7849365,-0.040320985,-3.6603775,-3.7045946
3,3.417655,-10.996231,-0.21417366,1.5755327,-2.874368,-2.842082
4,10.3592825,-9.808509,1.8465347,0.25239167,-2.8887527,-3.678969
5,0.6679496,-4.5294986,-0.14258175,-0.83129853,-2.990822,-3.3125358
7,9.563369,-8.402946,2.030552,-0.65651846,-2.542315,-2.9940715
2,1.1718832,-2.6455717,-1.3192668,-2.146771,-3.4118416,-3.2697005
1,2.7614393,-3.1890504,0.21485306,-2.2144182,-2.082142,-1.8461722
1,5.1274867,-7.565296,-1.4602863,-2.6108243,-2.3694608,-2.4548044
6,-2.7211163,-2.2768538,-0.81074804,0.9244931,-3.5989013,-3.8954802
8,2.8686185,-9.095318,-0.030965503,-0.90335226,-3.3275542,-3.5791473
0,-2.4880102,-10.186216,-0.89103556,2.1206825,-3.7037017,-2.753685
6,1.9935541,-8.265388,0.97431207,1.805934,-3.610233,-3.1371555
0,-2.9527783,-10.261965,-1.1906912,1.7209905,-3.8761399,-3.2908225
5,2.13974,-11.4252405,-0.23139384,1.6067472,-2.9534822,-2.6511664
5,3.7274947,-5.9013047,0.013194205,-1.5746676,-1.8779413,-1.8345481
6,4.2886887,-9.262713,-0.058267128,-1.5018449,-2.9220088,-2.7470446
9,5.896489,0.18275669,0.35159442,0.042637207,-3.2888317,-3.3965683
9,11.00377,-3.059686,1.1060159,-0.3346733,-2.9911194,-2.8914146
9,9.408435,-3.4256783,0.9804307,-0.15247336,-3.0052726,-3.1254425
9,9.192341,-0.56979936,0.64685553,-0.11877529,-3.5632596,-3.8318238
3,3.4430175,-7.6754117,0.649521,-1.2323234,-2.6311285,-2.7981029
9,8.820744,-10.056186,2.3340225,0.4061039,-1.99575,-2.0761223
9,10.763618,-4.824496,0.7949882,-0.72217274,-3.56606,-3.6918378
7,7.7330594,-3.8351014,1.2887937,-0.79404,-2.8085144,-3.0103478
7,6.873782,-4.0286603,0.54413784,-0.5633257,-3.718425,-3.6268082
9,4.522399,1.3295604,-0.006114237,0.2788267,-4.008565,-4.277553
7,11.38176,-0.6705548,0.89544106,-0.64046407,-3.285737,-3.1509156
1,3.5625947,-2.2464643,0.8562714,-1.8906915,-3.218051,-3.1773615
2,4.699328,-11.34325,0.12533826,1.0973868,-3.1668243,-2.9126887
9,4.6836944,1.294088,0.10942675,0.056779124,-3.3875904,-3.4345193
4,7.631188,-0.40050447,0.43711543,-0.1225844,-4.0698075,-4.0780725
9,9.498048,-2.0138943,0.7009158,-0.44210812,-2.973451,-2.9855723
1,4.837594,-5.1866813,0.058426924,-2.4964323,-2.3866532,-2.160327
4,10.167537,-10.525119,2.2939725,0.78312474,-2.5544481,-2.7793698
5,2.9561472,-11.477804,0.013054866,-0.4832483,-3.8336146,-4.0067677
4,4.531886,-7.6355543,1.0285083,0.85872465,-2.6010995,-2.9448519
6,2.758406,-7.9472375,0.87408084,1.4494187,-3.2953663,-3.0468736
6,2.1370072,-7.6059184,0.914733,1.8397539,-3.8792527,-3.383976
5,2.3905995,-8.804659,-0.17883123,-1.175711,-3.493804,-3.843886
5,4.6919103,-9.371055,1.1827062,0.8826024,-2.6080935,-2.370956
7,5.5582185,8.152208,-0.39404035,0.26181465,-3.9752252,-3.562951
4,9.792191,-2.2425354,0.6989449,-0.2509836,-2.746248,-2.805293
0,1.25562,-9.512328,0.006335374,0.9880021,-3.6272204,-2.9406123
4,7.877928,-6.3768034,2.0032856,0.4499662,-2.7087042,-3.1003919
1,5.1225176,-8.157244,-1.873938,-1.9167855,-2.1952028,-2.6113267
2,2.3150523,-6.794556,0.016682025,1.066274,-3.5764449,-3.5249472
3,1.3587234,-9.824868,-0.83777344,-0.55077755,-4.5481367,-4.9032745
7,14.73884,8.722415,0.5735524,-0.24787395,-3.64719,-3.7973003
7,7.9772162,-2.7444654,0.6675941,-0.5770864,-3.1046338,-3.287274
8,10.959487,-17.625666,3.223494,1.6674683,-2.6259851,-2.8971663
5,2.5221198,-8.592391,0.79438865,0.2539605,-3.4623556,-3.3178706
4,7.993676,-1.8163774,0.6203407,-0.5940435,-3.1953547,-3.3269897
0,-1.410601,-7.7983932,-0.63071084,1.6810137,-3.2821493,-2.468289
0,-4.792167,1.1312771,-2.7177386,0.32692885,-2.3841403,-3.5009155
8,4.19261,-7.967895,0.69622326,-1.0079789,-2.1391509,-2.5140133
2,1.4959757,-4.6060343,-1.8814327,-0.9978047,-3.3147373,-3.919342
1,3.731296,-4.210651,0.35604006,-2.456649,-2.6308324,-2.2751365
6,-1.9393245,-2.8029387,-0.062796354,1.0175611,-3.9454036,-4.069032
0,-2.4622955,-6.20274,-1.201191,1.165226,-2.9281354,-2.7631664
3,1.8333707,-8.846343,-0.5950067,-0.91868377,-3.2509358,-3.5166702
4,13.685012,-6.1473794,1.3058977,-0.6112545,-3.129029,-3.330152
4,6.9003067,-0.41659325,0.3875429,-0.10748744,-3.637152,-3.5116882
6,1.4081086,-6.0426936,0.44347,1.7199099,-3.1387696,-2.715808
6,2.3200762,-5.229404,0.6992933,1.6209849,-3.1073954,-2.731586
8,4.082148,-6.963267,-1.0222083,-1.5578309,-2.0059328,-2.3445559
4,4.3877015,0.74675953,0.27768746,0.023219427,-3.1193726,-3.227406
2,1.0936143,-3.2745411,-1.8710475,-1.0387977,-2.3942504,-3.209642
9,5.059134,0.26079893,0.20504937,-0.2606893,-3.5981634,-3.6808205
8,6.0971975,-14.084002,-1.4841022,-1.3415817,-3.166353,-3.5268207
6,-2.4144752,-1.7176965,-0.34920588,0.9132324,-3.4102044,-3.4611168
8,3.9461958,-13.578426,0.24184902,1.6467378,-2.710328,-2.4702868
4,6.3261976,0.73817956,0.53151405,0.12519802,-3.5763745,-3.55555
3,0.117192134,-6.0986137,-0.9051175,-0.29416677,-3.9556458,-4.354772
1,3.2547367,-2.3998466,0.9357456,-2.0333939,-3.0546148,-2.8644586
8,8.808391,-12.4527025,1.7747456,0.057361968,-2.4744496,-2.8109527
9,4.0373173,1.1712794,0.07085967,0.01760385,-3.9408057,-4.031842
0,0.8216631,-5.331304,0.54892725,0.7773909,-3.058824,-2.6105456
0,-3.6899037,-0.8373365,-2.1913922,0.23792952,-2.4548056,-3.4565997
1,4.2954173,-2.5796807,0.9273231,-1.7127161,-3.56529,-3.3446088
1,3.6514595,-2.431822,0.88610756,-2.0152128,-3.1698222,-3.0073266
3,3.4413898,-10.893797,-0.48652917,-1.1964605,-2.601627,-3.018413
4,5.738219,-6.3570046,1.4250646,0.45012304,-2.690607,-2.7846189
2,1.2904333,-5.8365197,-0.15287931,0.7428484,-3.114488,-3.2781305
8,3.3685648,-7.9984646,0.020263422,-1.3184167,-3.1108954,-3.2179174
3,0.1964563,-7.370251,-0.82065034,-0.28026736,-4.2679834,-4.384601
7,18.684916,7.7465444,0.8279508,-0.39119074,-3.7107182,-4.0553756
7,8.941359,-7.357436,1.5062366,-0.94465387,-2.446739,-2.5722322
4,7.1774397,-5.6324077,1.1833122,0.5788777,-2.5497468,-2.6348357
2,7.5851555,-13.924633,1.7667762,0.82255155,-3.1563237,-3.1047497
5,0.19378708,-2.8797364,-0.11055452,0.15245008,-3.3999772,-3.3953762
9,-0.71519774,-2.0491087,-0.279365,0.33713531,-3.825398,-4.163467
3,0.48212403,-8.117679,-0.95885843,-0.6916848,-3.8871555,-4.1306553
2,-1.9523683,-5.2208834,-0.19872111,1.2671725,-3.3298903,-3.3546567
4,11.105025,-2.0602367,0.7272959,-0.29805538,-3.1594002,-3.1982555
9,11.404456,0.054602254,0.5475639,0.0373746,-3.32269,-3.6358757
5,3.306545,-6.448565,-0.044978302,-1.5957735,-2.3553426,-2.6665254
0,-3.9600432,-11.629345,-1.3838847,2.79737,-3.632503,-2.9439049
8,0.36113027,-9.44714,-1.0167363,-0.21189702,-4.127846,-4.201921
5,2.2948003,-9.455456,0.15646136,-0.6293548,-3.4198573,-3.576582
5,1.3903095,-9.761018,-0.57885283,-0.7053153,-3.8534133,-4.0368085
0,-1.7145765,-8.898207,-0.7958053,1.4046409,-3.5237818,-2.8097
6,1.8810337,-5.8910513,0.76904184,1.449786,-3.1448393,-3.0191207
2,1.9050623,-4.078089,0.07439885,-1.5738945,-2.727781,-2.7755961
2,2.7933776,-6.1677427,0.20143913,1.0682049,-3.1820612,-3.193101
8,8.108776,-9.814101,1.0491443,-0.36132306,-2.703487,-2.8999596
4,13.841617,-10.290438,2.2927504,0.50215364,-2.9040647,-3.333724
1,4.333115,-4.6573405,0.20047699,-2.3626962,-2.660205,-2.448946
2,0.9700577,-5.2827005,0.025032781,0.6636127,-3.9144483,-3.8560433
6,1.6361232,-5.507451,0.6975218,1.630234,-3.742901,-3.5135255
7,7.872419,3.7967792,0.19956401,-0.10882238,-3.8597348,-3.7558289
4,-0.61230034,0.7509145,-0.19207235,0.59546936,-3.969399,-4.660119
6,0.47466388,-4.791384,0.17711926,0.9279649,-3.63154,-3.1019444
3,-0.50803864,-5.702323,-1.1275551,0.0069822297,-3.6154165,-3.6293445
2,3.2007918,-7.1049075,0.09829274,0.96112776,-2.8700473,-2.815339
0,-5.1656456,-0.29186967,-2.6762078,0.55398554,-2.5591419,-3.6240697
2,1.9769,-5.917634,-0.7914562,-1.2991071,-3.647333,-3.5596666
4,4.733401,2.371337,-0.19016029,0.47567752,-5.101512,-5.677674
0,1.0572593,-5.6765833,0.2714154,0.4731605,-3.0140269,-2.609846
0,-3.7149017,-7.0271153,-1.7198836,0.8918775,-3.8197865,-3.9950905
7,10.504994,-1.841543,1.0260477,-0.49496529,-3.608016,-3.7941475
4,9.234437,-8.71777,1.5598475,0.2452777,-2.7703397,-3.4563117
6,1.8270681,-8.213349,0.82192236,1.9289489,-4.4766426,-3.8837647
0,-4.169987,-5.1488805,-1.1606439,2.1007075,-2.8140087,-2.4297314
0,-3.4418666,-1.027651,-1.5670413,0.42394093,-2.1390193,-2.7097821
8,1.032833,-3.2755444,-0.21312319,-1.0814275,-2.5066574,-2.853952
3,0.107986465,-3.5878015,-0.6223725,-0.09502699,-3.0869477,-3.3786235
2,2.8058856,-6.664001,-1.6638021,-1.3566011,-2.4938226,-3.0023084
4,6.4491453,1.669426,0.2655768,0.33515665,-3.8907356,-3.985674
0,-2.8861856,-7.059447,-1.6325513,0.7719104,-3.1974957,-3.4827342
6,1.7310919,-7.63168,0.7652467,1.8357437,-3.7551446,-3.1652112
0,1.0726343,-8.406399,0.23267531,2.4234767,-3.1310453,-2.3855853
2,1.6303505,-5.259952,-1.5869648,-1.0853167,-2.8811114,-3.4274201
2,2.6671095,-7.091597,-1.7026061,-1.2219172,-2.252564,-2.9376235
5,0.18030766,-8.277295,-0.36957356,-0.16412842,-4.0848236,-4.4978814
8,4.540578,-12.721134,0.33187413,-0.4975121,-3.115501,-3.2313595
0,-1.9094844,-5.5662103,-1.2835935,0.4353581,-4.217376,-4.446005
3,0.18777929,-8.005625,-1.6515783,-0.13582824,-3.271124,-4.027443
1,4.6175222,-6.7234683,-0.70138526,-2.771051,-2.533712,-2.353694
1,3.8556437,-5.2395906,-0.7924931,-2.6327503,-2.1649108,-2.0416007
8,5.0315595,-10.131162,-0.6192273,-1.5147365,-2.6564085,-2.9804745
5,2.4340796,-10.76506,0.46400264,1.3517411,-2.9447715,-2.6438417
3,0.16626553,-6.4226522,-1.3078464,-0.30435675,-2.9423451,-3.5153046
1,4.8640285,-6.532256,0.13381772,-2.652653,-2.702236,-2.3550725
0,-5.586544,-11.547889,-1.6199,3.4848645,-3.666059,-2.9261265
8,6.177004,-13.862236,0.411408,-0.63076943,-2.8877544,-3.1549916
9,11.75374,-12.672112,2.7471008,0.409886,-2.701485,-2.7267404
0,-2.813889,-5.904192,-0.89134604,2.0643535,-3.0693276,-2.395824
1,5.0996723,-3.7393126,0.8417524,-1.759972,-3.7693195,-3.646624
3,3.5330942,-11.928161,-0.7751219,-0.9688408,-3.6377034,-4.2105007
7,8.722042,3.3524806,-0.72324413,0.67370856,-4.5449576,-4.579501
1,3.3982997,-2.9801164,0.61986506,-2.1339982,-2.3965464,-2.1022215
7,13.960006,-12.860004,2.5975537,-1.0255483,-2.9513748,-3.4389305
0,-2.5619705,-13.703302,-1.1658391,2.6854646,-4.2139983,-3.245905
0,-1.9370914,-7.206037,-1.0077176,0.91226125,-3.536423,-3.1120872
3,1.8086724,-10.051064,-0.6493554,-0.9640214,-3.6711023,-4.092215
7,8.257244,-10.083879,1.4835172,-0.67245704,-2.8217778,-2.904109
6,1.0222654,-5.9406924,0.4239979,1.250744,-3.3225358,-3.073309
3,0.2869965,-4.473403,-0.6955423,-0.38074952,-3.2979648,-3.7484317
2,1.9112478,-5.7816677,0.28460923,1.0366762,-3.3081255,-3.5975857
3,0.7479448,-5.3213863,-0.5978122,-0.6493874,-3.2624934,-3.8396196
1,2.564189,-3.7906861,-0.7198129,-2.2151816,-2.134712,-2.163415
6,-2.4888275,-3.8445814,-0.6575993,0.95507073,-3.9909432,-3.9993324
7,13.633374,-2.1416512,0.98148054,-0.11569875,-2.934342,-2.883679
6,-1.1981703,-7.321643,0.60280246,1.8623174,-4.5434117,-4.2403226
1,4.0055766,-5.6668754,-1.0818924,-2.354051,-2.0469966,-2.0570588
5,2.4241302,-11.032413,-0.17783973,-0.59033394,-4.140684,-4.2745886
9,10.759176,-11.604297,1.9239652,-0.84524506,-2.5273683,-2.7083058
8,3.8900065,-11.90346,-0.26838428,-0.9694886,-3.3756044,-4.008115
3,3.8790033,-11.496575,-0.008445736,-0.8767322,-2.8634086,-3.3211617
1,4.8130593,-7.43933,-1.2607683,-2.3985121,-2.367417,-2.3022528
4,13.474256,-7.4998174,1.5221682,0.20345329,-3.5708003,-4.125173
0,-5.2678885,0.3933354,-2.4659657,0.6294727,-2.8458915,-3.7917309
6,0.3534228,-4.453277,0.22448118,0.7776895,-3.6534724,-3.2303815
8,3.1293411,-8.352796,0.30100435,-0.9393124,-3.1984103,-3.5143614
3,1.8238673,-6.2314577,-0.24230683,-0.37702775,-3.4381523,-3.699541
8,3.136086,-9.092176,0.39771834,-0.58322275,-2.7695265,-2.80055
7,4.0349326,6.7166204,0.0631069,0.16486739,-3.6899455,-3.3029404
0,-3.7427578,-8.873427,-1.5299344,1.177716,-3.8598099,-3.7901082
7,13.275119,4.6470346,0.77312565,-0.4485806,-3.4767804,-3.8626523
7,10.477027,2.4618115,0.25729057,-0.0685403,-4.1082096,-4.239179
6,-0.58017784,-2.3727653,-0.051262658,0.7155318,-3.746324,-3.5531588
0,-1.477326,-8.370202,-0.5165472,2.3006546,-3.8226783,-2.705399
6,1.9828651,-6.178367,0.868656,1.9935842,-3.6796827,-3.252304
2,1.5087551,-3.8747575,0.16581541,0.73017365,-3.236964,-3.1312246
7,7.6607466,5.2268977,-0.13198662,0.2204829,-4.6016426,-4.857488
0,2.626988,-14.705344,0.042146824,2.485026,-3.2557054,-2.354663
5,-0.2997269,-9.179212,-0.3978442,0.080147624,-3.5212934,-3.524393
8,6.3796854,-12.503875,2.0589004,1.8133947,-2.8277578,-2.4910374
7,7.367677,-0.22760378,0.7693686,-0.49821714,-2.9376857,-2.9756598
7,14.633566,-2.1245544,0.96679646,-0.39680445,-3.828588,-3.95499
1,3.84784,-2.6942298,0.8742676,-2.1447968,-3.098679,-2.9561114
7,3.6781259,3.6987643,0.1753547,0.19174327,-3.4476225,-3.5978189
9,10.89662,-1.7418458,0.77433515,-0.24671625,-3.9342742,-4.0404463
1,4.848806,-2.9437127,1.0972049,-2.0184457,-3.4713604,-3.3388472
9,10.58955,-0.60936475,0.6941506,-0.18482031,-4.000869,-4.0514917
5,3.0001285,-6.5009694,-0.03743471,-1.5937327,-2.314638,-2.1777236
9,7.528545,-6.0069532,1.2251159,-0.31762043,-2.268333,-2.151823
6,-1.5393765,-2.3660583,-0.32043573,0.88064706,-3.738428,-3.5082603
5,2.4221356,-8.823462,0.61754775,1.5933313,-2.3239985,-2.187438
6,3.8189142,-8.09124,-0.3369037,-1.7455835,-3.4650528,-3.2219353
9,14.531642,-10.097827,1.4753357,-0.4537498,-3.2203815,-3.3883767
6,-0.42732066,-6.7048135,0.6823627,1.9433681,-4.0648813,-3.7993188
9,10.777752,-12.320655,1.7232883,-1.4576898,-2.4768722,-2.6682925
7,13.115824,1.8311334,0.79864204,-0.14240748,-3.5617661,-3.801166
8,6.7555075,-3.2981493,-1.0175413,0.048838787,-4.1549807,-4.6490126
0,-4.3091836,-4.9649053,-1.7497313,1.5326353,-2.9931839,-3.5289326
6,2.1443398,-6.043902,0.63306785,0.9710863,-2.7069054,-2.1868072
4,1.0611962,-4.529243,0.1484703,0.43351367,-2.9810948,-2.6734285
7,10.7304125,-10.039905,1.8471802,-0.25942826,-3.0113828,-3.0593944
3,2.6769876,-0.12202369,0.37029418,-0.4785332,-3.1089253,-2.8913102
9,10.299966,-1.2733024,0.45960778,-0.4085462,-3.433754,-3.4277263
1,6.291968,-6.653838,1.003887,-1.2866479,-2.7715554,-2.952848
4,5.77701,1.5184299,0.65786487,0.37953642,-2.827642,-3.0870724
9,6.6364036,0.6144762,0.28128743,-0.10512122,-3.927755,-3.9286327
1,3.0163233,-3.0231159,-0.21458827,-2.2665493,-2.1228476,-1.9977593
2,1.5617003,-5.1182075,0.319258,0.821171,-3.175762,-2.9174628
2,0.49341342,-2.5451748,0.15926,0.56739277,-3.5606043,-3.6697721
3,3.1156526,-12.036552,-1.3088979,-0.8376043,-2.4782743,-2.7221131
5,3.0783143,-10.664219,0.36529997,-0.57776606,-3.3752007,-3.2995353
5,0.87839246,-7.7479362,-0.6319295,-0.7500118,-3.4441054,-3.764596
0,-0.92805904,-10.725838,-0.23495531,2.9147065,-3.3578079,-2.4656396
9,12.367631,-1.9214853,0.68132466,-0.40955964,-3.7444193,-3.8474483
3,4.345331,-14.822593,-0.69554704,-0.83978206,-3.7379587,-4.0898814
7,9.828281,-13.335523,2.3744385,-0.5942803,-2.6936514,-3.2678065
9,9.7890415,-2.307374,0.71106666,0.041417688,-3.0471554,-3.0708618
4,6.3228946,-10.183557,0.7714997,-0.9217622,-1.4847695,-2.1938672
4,13.213319,-11.698588,2.6780398,0.616987,-2.6675627,-3.1310887
2,0.9307594,-3.528377,0.44467053,0.85339063,-3.0330322,-3.265071
9,8.570901,-0.62436616,0.507062,-0.3294957,-3.2567012,-3.2439585
8,5.410826,-15.299762,0.34617093,-0.5896626,-2.9471884,-3.2070818
6,-3.4536986,-3.6344225,-0.8193106,0.9460683,-3.3184195,-3.4627643
5,4.013016,-11.897257,0.9308738,0.8846331,-3.7293372,-3.3131886
4,10.716761,-4.6007814,1.4106348,0.07146063,-3.5498147,-4.3866906
2,2.642405,-6.9747086,0.38590583,0.83626413,-2.4556174,-2.3481784
8,3.0884292,-9.525877,-0.38998485,0.04975935,-2.9858336,-3.379457
2,4.492501,-8.405644,-0.13358565,-0.8482796,-2.2498415,-3.1054845
1,3.957126,-3.028507,0.8215566,-2.0512269,-3.3548765,-3.0983167
1,3.8943717,-3.5545216,0.7663474,-2.0997038,-3.1615593,-2.9231129
3,0.24930502,-5.0445724,-0.94761246,-0.3838955,-3.687646,-4.2484684
9,10.643227,-1.3975769,0.5969222,-0.40041843,-3.5049279,-3.5682926
2,5.0063443,-11.129135,1.2032645,1.2480408,-3.5144718,-3.4457393
3,0.835872,-10.935036,-1.0328804,-0.47888672,-3.3702483,-3.6380339
8,6.421687,-20.062786,0.32133174,2.1430225,-3.638911,-3.2807593
8,1.90393,-5.340018,-0.79704356,-1.0411966,-2.9284027,-3.4141688
3,0.20803984,-3.930705,-0.8999103,-0.3664484,-2.960379,-3.498414
3,0.6837809,-9.304455,-0.58199674,-0.52112854,-3.7331755,-3.7850094
4,-1.8390367,0.13048166,-0.04839587,0.50498813,-3.369354,-3.8867059
6,2.0531826,-5.771313,0.74573547,1.2833387,-3.011041,-2.865396
3,3.2354987,-10.726218,-0.1907888,-0.9254381,-1.974588,-2.356577
2,2.9204564,-6.6684713,-1.7021668,-1.0209328,-2.684565,-3.4368515
7,12.952123,2.5278945,0.585836,-0.24828084,-3.5633724,-3.7065768
7,8.899355,-4.905302,1.674471,-0.46259323,-2.2795649,-2.6872358
7,12.084187,-8.15818,2.026373,-0.88184166,-3.1479466,-3.5561242
4,-1.4885628,-0.06210932,-0.010822803,0.58247983,-3.8265498,-4.3467655
7,11.830784,2.4173548,0.8402393,-0.3360116,-3.667701,-3.939282
4,4.939995,1.1984876,0.06982462,0.34028357,-4.550162,-4.6902027
9,10.623688,-9.869477,1.7835091,-1.1891009,-2.472511,-2.8164473
3,0.28784624,-9.134335,-0.8274509,-0.32029057,-4.8922133,-5.177842
8,-0.1975524,-7.19048,-0.7577369,0.23521468,-4.553844,-4.8880253
3,2.6068375,-9.393624,-0.22225347,-0.8618255,-3.5974486,-3.7696252
5,2.3047214,-8.883305,0.128078,1.7881227,-3.1786547,-2.8520103
6,3.1241045,-7.17788,-0.20259848,-1.4172436,-2.898158,-2.6814399
2,4.5287104,-9.715065,-2.307117,-1.0184591,-2.3203242,-3.440868
0,-2.640029,-2.1247163,-0.4365856,0.7813481,-3.4717445,-3.6561265
8,4.7033596,-11.562031,0.5193318,-0.5888419,-3.0248477,-3.070126
4,10.081328,-0.92614573,0.6235363,-0.044744216,-3.4741132,-3.313044
2,-1.0325451,-5.142882,-0.3999076,0.96842057,-3.2558203,-3.1781826
2,0.3644247,-2.2119012,0.03271544,-1.5767279,-4.515928,-4.2245536
5,-1.0215801,-7.7830534,-0.93776464,0.24870592,-3.4025128,-3.5216465
7,6.548283,-8.134777,-0.30683625,-2.3216183,-1.985052,-2.0803123
6,-0.8324978,-5.5211806,0.15290399,1.3929846,-3.634956,-3.3485951
1,3.7282326,-5.068734,-0.9431121,-2.6185107,-2.5841172,-2.5147886
5,1.2171234,-8.603145,-1.1298618,-0.8826671,-3.306752,-3.8828654
2,3.4876447,-8.496007,0.4767235,0.51203924,-3.702161,-3.6564574
8,5.618296,-9.743725,-0.6241122,-1.6685038,-1.978334,-2.4271822
1,5.899021,-8.55275,-1.0514404,-2.6707764,-2.3791983,-2.5049086
0,-0.33420336,-12.627391,-0.12239903,3.227747,-3.4604225,-2.2858052
1,3.8997326,-5.385811,-0.65042496,-2.7349155,-2.4863892,-2.2954984
0,-5.891552,-3.9987245,-2.2194166,1.3736875,-3.0015373,-3.2932367
9,16.168108,-12.905189,1.9914037,0.2757528,-3.6237864,-3.779502
3,4.0616317,-8.9287195,0.21194349,-0.9384433,-2.8646019,-3.413035
2,5.7226624,0.9804503,0.102816895,-0.21794206,-3.7401319,-3.9048553
8,4.581892,0.027474467,-0.2851522,0.10451461,-3.4997919,-3.6129718
6,1.957097,-4.9151897,0.4192142,-1.2296928,-2.7767394,-2.6206684
6,5.1601253,-11.156304,1.8618078,2.1408935,-3.0936213,-2.8411674
8,7.0900283,-13.813806,0.3832279,-0.8502839,-2.5210598,-3.0044494
1,3.8772354,-5.664682,-0.8110867,-2.4634848,-2.0993044,-2.0890408
3,0.2941613,-8.441877,-1.241683,-0.121930815,-3.613551,-3.8283858
1,3.4922054,-4.155795,0.26527566,-2.4152153,-2.4010217,-2.1640773
1,2.9031243,-3.3768096,-0.21915638,-2.5004625,-2.131076,-1.9902005
0,-0.40433803,-6.8539734,-0.4163622,0.5293145,-3.3644767,-2.8395505
8,4.5957913,-10.059443,0.06495201,-0.5794038,-2.71126,-3.2505546
1,4.0604644,-5.7983866,-1.3065476,-2.410504,-2.268094,-2.2602124
4,13.534156,-8.368411,1.8916105,0.34078163,-3.1581836,-3.7059178
1,4.1921744,-5.4771285,0.4247103,-2.4785876,-2.64262,-2.410409
6,-2.2259803,-3.877986,-0.40564394,0.8449102,-4.0139823,-3.9962807
3,0.9166516,-11.092606,-0.79924667,-0.537953,-4.2745204,-4.9443035
7,10.443563,-7.701665,1.6885958,-0.9770128,-3.2342224,-3.273942
9,14.174935,-0.8143379,0.87155104,-0.06460222,-4.2075095,-4.562908
1,4.187244,-2.7484727,0.9507996,-1.9080722,-3.1402235,-3.1457772
3,0.9298585,-10.88078,-0.78244025,-0.59709966,-3.862187,-4.135591
6,-1.7272375,-1.2400093,-0.29582694,0.6048069,-4.765431,-5.1189485
8,2.138996,-9.894416,-0.48858845,-0.42863354,-4.3312287,-4.5142756
2,1.5306318,-3.1379576,0.3363121,-1.6588254,-2.6424387,-2.313158
7,12.872056,-4.498682,1.5386469,-0.6677049,-2.8780713,-3.2561245
9,10.895951,-6.259757,1.161024,-0.4496853,-3.561902,-3.5060468
0,-0.65645254,-6.915099,-0.41781825,2.0349526,-3.0091064,-2.0682788
3,1.921072,-9.0291195,-0.90425706,-0.8798445,-3.4669662,-3.99859
3,2.5254953,-9.86672,-0.9065884,-1.161117,-3.3759768,-3.6032615
0,-4.3219643,-5.2502713,-1.1585711,2.4666328,-2.7943966,-2.2360306
0,-1.3398045,-9.327784,-0.37653273,2.279604,-3.1959584,-2.2649817
0,-8.068683,-7.402336,-2.704917,1.7927806,-3.5782683,-4.0371103
0,-0.36480942,-8.954289,0.03451939,2.6444569,-3.163286,-2.1514223
4,9.519572,-8.007874,1.7450473,0.039646864,-3.015047,-3.5537014
3,0.6800925,-7.831299,-0.6252749,-0.7081884,-4.0767813,-4.3554993
6,-0.7208536,-9.642998,0.16042754,2.224756,-3.9051528,-3.2040691
9,9.204996,-0.6424889,0.6189562,0.15172857,-3.4694843,-3.256021
6,1.2379166,-5.467182,0.4824222,1.6055002,-3.0419416,-2.6079202
6,1.0177238,-6.3514214,0.4339643,1.5591938,-3.220513,-2.556211
7,13.168555,-14.8358555,3.0362482,-0.18467355,-2.705605,-3.232987
0,-0.8783287,-12.295511,-0.1774813,3.1289613,-4.1689224,-2.857974
5,1.3774731,-4.8504505,0.008945553,-1.2232735,-2.9722261,-3.41534
4,-0.5775393,-2.0157049,-0.07072465,0.42724416,-2.9947789,-3.3329716
9,7.073085,-1.2443326,0.586992,-0.60352874,-3.1684468,-3.1154075
3,-1.520532,-5.899339,-0.7226932,1.4065375,-3.9138062,-3.353948
1,3.5486212,-4.543446,-0.12125437,-2.5625172,-2.406402,-2.200164
3,5.341129,-17.822392,0.42599803,0.5317659,-3.354736,-3.5433521
8,6.1227603,-0.2363777,-0.10322504,0.17562236,-3.798873,-3.742826
5,1.0458436,-8.266306,0.13343497,-0.37410218,-2.7927415,-2.5884676
5,4.243191,-2.10573,0.32492164,0.0010094792,-2.885184,-2.6990147
9,7.7675853,-0.013784718,0.39105827,-0.13964564,-3.6428967,-3.6877174
2,2.5681994,-7.633288,-2.4186482,-0.892286,-3.0086324,-4.0051017
7,12.003783,-10.632155,2.390368,-0.4249562,-2.6814468,-3.2201939
4,5.8570356,0.16630737,0.5668693,0.07080673,-3.2809052,-3.2615705
7,8.14059,7.142863,-0.011907678,0.2022262,-3.97155,-4.0856028
8,6.471765,-9.797646,1.6292299,0.69737786,-2.3444104,-2.4974089
6,-2.9214718,-2.0291085,-0.60666525,1.0212104,-3.7184753,-3.8560076
5,3.7187543,-8.177732,0.6801699,-1.077191,-3.0150554,-2.6331224
6,1.9412497,-6.866966,0.8503192,1.403086,-3.4340298,-2.956398
2,3.015331,-7.0589175,0.14732671,0.8498101,-3.2989857,-3.232902
1,3.4697216,-2.2046208,0.8422879,-1.8472189,-3.3490572,-3.2553792
9,7.6326485,-5.1321936,1.3360463,-0.20060188,-2.1315148,-2.6912198
7,16.446615,-6.76079,1.7192522,-0.76969326,-3.8184755,-4.1167707
0,-6.075554,-5.5672474,-2.2612464,1.3589171,-3.9227855,-4.4994974
8,6.268032,-9.214678,0.92083806,-1.1494381,-2.764511,-2.6346502
0,-3.2326365,-14.741307,-1.228269,2.4581542,-3.2149045,-2.8310204
0,-5.777649,-2.325826,-2.0654192,0.59169203,-3.1783514,-4.0840144
9,8.24839,-9.908244,1.7152331,0.5627786,-2.7223856,-2.7227864
7,6.4872484,-7.2254577,1.5776855,-1.2988411,-2.315057,-2.2268295
3,0.44168562,-11.108183,-0.9432932,-0.46364045,-4.797077,-4.943881
5,-1.907,-5.1549554,-1.4801015,0.48491675,-3.744638,-3.9554644
5,4.634564,-11.453745,1.189299,0.21784309,-2.712545,-2.3762221
8,6.656849,-11.7322855,2.222845,1.3225231,-2.1858838,-2.2817893
1,3.2059898,-4.3872776,-1.1763855,-2.1373312,-1.8490516,-2.028428
4,-0.83734316,-2.7194717,-0.008052655,1.1729398,-3.1924605,-3.1604352
1,3.7858713,-5.449582,-1.1183858,-2.5996523,-2.1416006,-2.125124
4,4.968297,-0.2593829,0.45332736,-0.012040873,-3.180106,-3.0264907
3,0.3171385,-8.271627,-1.2734362,-0.49856955,-3.9622521,-4.2416677
4,1.7284429,-4.778511,0.66570204,0.60973614,-3.0807266,-3.5635252
2,5.310447,-13.551496,1.010117,2.1702466,-3.7320316,-3.43646
1,4.1796145,-6.446235,-1.4074295,-2.1857674,-2.0332274,-2.4009714
4,5.592063,-2.7829766,0.7388109,-0.26144502,-2.6428854,-2.4322639
1,5.0329614,-7.698333,-0.734562,-2.5138574,-2.1327858,-2.0171647
6,0.7860367,-10.342152,0.54896086,2.0406609,-4.164638,-3.6385717
3,2.0900762,0.612825,-0.21000724,-0.12498209,-3.5492172,-3.8041573
6,1.6965629,-7.7805586,0.6819769,1.7618188,-3.3927014,-2.7366796
5,0.6659551,-6.46536,-0.42001972,-0.6804539,-2.999035,-2.956037
5,1.0220623,-6.4011645,-0.27420235,-0.8344231,-2.7179456,-3.090259
4,8.372161,-3.104575,0.9895525,0.070811644,-2.9341588,-2.8190565
0,-6.146278,-6.4181123,-2.0901432,1.9962463,-3.4157183,-3.602313
5,-0.32519025,-10.396074,-0.916684,0.8741971,-3.2580264,-2.9001994
0,-1.2473145,-11.962454,-0.48801404,2.8066175,-3.5675044,-2.590695
0,-5.761582,-10.270552,-2.0163486,2.5620008,-3.7662153,-3.4535708
0,-2.014203,-7.2296405,-0.44804704,1.9695783,-3.4279895,-2.4355583
9,14.356881,-4.6248326,1.1511133,0.030021457,-3.4960093,-3.969006
4,4.8010135,2.543447,0.3410806,0.3994285,-3.7098904,-4.263247
3,0.3515297,-9.125198,-1.28171,0.057435513,-3.6867802,-4.081472
9,8.935685,-8.860466,1.9277655,-0.33249953,-2.4066062,-2.3667603
7,6.259135,-1.855505,0.88079137,-1.0113481,-3.1038966,-3.186994
1,3.7486134,-2.1790178,0.6688791,-1.535769,-3.166894,-3.2018442
2,2.141896,-4.0824227,1.2371327,-1.443165,-2.6847646,-2.9319086
0,-6.0159116,-6.6132803,-1.893936,2.1935809,-3.381502,-3.3556566
9,15.39995,-10.06913,1.6824098,-0.2467552,-3.261382,-3.2969813
4,8.279203,-8.042335,1.5181887,0.19605476,-3.343295,-3.7350712
4,6.5732346,-3.4168444,1.0473397,0.42685556,-2.7900145,-2.7476592
0,-1.5956751,-6.728719,-0.9032038,0.8280266,-3.0134864,-2.6154418
4,6.29139,0.0594056,0.37642354,0.3355991,-3.7571504,-3.7682214
1,5.6715794,-8.371309,-0.8564166,-2.2826161,-2.3877892,-2.26682
1,4.4415584,-6.135714,-1.1549911,-2.8008668,-2.2998693,-2.3210669
7,12.109135,-13.039297,2.7752244,-0.89362884,-2.5591593,-2.8848925
3,7.8104873,-4.153573,0.28331682,-0.003516527,-2.854972,-3.1477962
1,3.450464,-2.4327483,0.8771453,-2.0501635,-2.885868,-2.7415686
5,3.5313468,-8.755303,0.31684515,-0.85817856,-3.4330993,-3.764227
2,-1.4814066,-2.646472,-0.19752686,1.4056284,-3.6914458,-3.8806443
7,8.839413,-10.2730665,2.2843845,-0.85652673,-2.271675,-2.6567554
3,5.9511194,-1.2549263,0.1738775,-0.35746026,-3.0003507,-3.0303512
9,15.458713,-4.2184105,1.2292964,-0.103447996,-3.6074939,-3.803389
6,-1.6768377,-1.9637446,-0.10579607,0.7057512,-3.747167,-3.754273
0,-6.6972256,-8.228721,-2.164564,2.265567,-3.5001624,-3.4922504
8,3.5843036,-13.666767,-0.7627913,-0.55386484,-3.6352298,-4.0956073
1,5.5572457,-8.411053,-1.0955755,-2.419211,-2.6836028,-2.6287374
6,1.6509486,-5.037345,0.7808903,1.1944112,-3.205842,-2.6048293
7,7.122679,10.13028,-0.026086118,0.14281811,-3.5125117,-3.1913643
2,5.3416595,-11.945203,0.93968844,1.3448825,-3.0445976,-2.848652
9,10.963549,-6.9167147,1.2108533,-0.93545264,-3.1576657,-3.0478802
5,2.8294177,-3.4712868,0.21702826,-2.0224192,-2.5976882,-2.6365538
8,6.181033,-13.68221,1.351617,1.261307,-2.5182552,-2.4038773
8,3.570288,-11.245268,-0.11220166,-0.26272047,-3.5467072,-3.882193
6,-0.44813836,-7.347484,0.25822163,1.5174206,-4.5167923,-3.9826903
7,11.795644,-11.643596,2.9208467,-0.5604666,-2.3866236,-2.6331263
5,2.4238331,-12.143378,-0.043026526,-0.8399078,-2.8584528,-3.1419864
0,0.18788433,-12.369945,-0.33559468,2.5179582,-3.5811908,-2.5054703
6,0.59536994,-6.50329,0.0376007,1.5771867,-3.0126567,-2.334577
2,2.562093,-1.6317588,0.9350112,-1.613091,-3.5213072,-3.2793856
9,6.7198243,-0.18748316,0.2981629,-0.22203907,-3.4237554,-3.4815598
2,1.4197062,-4.277354,-3.0568106,-1.3600985,-3.025872,-4.1117954
6,1.3824799,-4.934993,0.52714956,1.318206,-3.0130599,-2.624373
5,0.093671545,-6.7880845,-0.8056178,-0.29401064,-3.4844387,-3.5655708
4,6.2991486,1.8536716,0.054294303,0.43885803,-3.8993793,-4.5269256
3,9.572911,-13.524521,1.8614596,-1.2506746,-2.4535925,-2.654677
7,-1.2112967,-2.7161293,-0.5804991,1.2097301,-3.6108925,-3.0806947
5,5.7052517,-5.460188,0.8553298,-1.3527427,-2.1883824,-2.1494095
5,1.2135689,-8.618625,0.05392199,1.4341351,-2.8647354,-2.2823915
9,14.035936,-13.158852,2.2887418,0.045312993,-3.4560266,-3.8271184
9,9.585162,-6.813996,1.55633,-0.04643605,-2.595176,-2.4506302
1,4.5338025,-3.2506394,0.85631835,-1.9106799,-3.663367,-3.506269
4,6.641588,-1.8418849,0.50298417,-0.6119101,-2.8992467,-2.9494348
9,11.428459,0.8844054,0.58518624,-0.009446427,-3.5513897,-3.818653
8,10.809544,-15.904281,1.3188875,-0.64703584,-3.384843,-3.602922
2,0.75476015,-3.6931345,-0.009704616,0.90663666,-3.6115088,-3.396243
8,9.045591,-15.569212,2.7442303,1.5803185,-2.383091,-2.3235168
4,3.9772484,0.7573936,0.31253505,0.29733396,-3.467813,-3.742907
6,1.2932267,-9.584112,0.30188355,1.6858352,-3.608354,-3.0964723
0,-1.1845232,-13.1076,-0.58081216,2.6315815,-3.753382,-2.6678634
5,6.1190033,-1.8363061,0.27806574,-0.7806589,-3.373432,-3.5522327
7,14.556859,-11.562458,2.3100383,-0.9548062,-3.1870537,-3.5154724
5,7.193474,-5.428203,0.9478307,-1.5366197,-2.6391337,-2.8484282
4,7.65619,-4.407918,1.181251,0.8237862,-3.1361146,-2.7373023
0,4.6795907,-15.034301,0.7251359,2.5522025,-2.725061,-2.2584724
5,2.0667858,-8.97308,-0.3747735,-0.87702316,-3.4701624,-3.8826962
8,8.21031,-11.688613,1.4055926,-0.81541014,-2.1736562,-2.8712358
6,0.6335984,-4.6583247,0.27136323,1.0038854,-4.4184656,-3.9375157
4,2.0609245,1.8064312,0.048100665,0.58119404,-3.7715485,-4.3047185
8,9.835231,-16.426292,2.5174775,1.0104942,-2.6794662,-2.788958
4,-2.2744467,-0.25705823,-0.3911562,0.7895013,-2.9739125,-3.3191662
5,1.5164825,-4.5907745,0.22465846,-1.1939368,-2.6423943,-2.9222531
3,0.19176093,-10.677783,-1.8441175,-0.36406252,-3.3947098,-3.6768994
3,0.18664081,-11.742608,-0.8920219,-0.20883985,-4.186647,-4.098114
3,4.6409626,-15.259914,-0.13167965,1.5775458,-2.954672,-3.0750475
4,9.979668,-1.234559,0.6795459,0.42652676,-3.9888072,-4.246494
5,8.530369,-18.030964,2.574833,1.0102298,-3.445881,-3.3201008
7,13.063458,3.2508135,0.50868905,-0.004548952,-4.0451026,-4.4008675
2,-1.1345415,-5.171264,-0.054447223,1.4174014,-3.2992587,-3.3133817
9,6.310731,1.5578765,0.24675971,0.09803967,-3.4188936,-3.687234
2,2.0273345,-5.058454,0.10862084,0.6855399,-2.791653,-2.6689339
5,-0.018084157,-6.8061104,-0.8760348,-0.22227083,-3.5310476,-3.6682453
2,0.37474617,-3.9552553,-0.5233298,0.13511539,-2.7521126,-2.8967552
6,-2.2875743,-2.8480077,-0.59145904,0.8318469,-3.9557192,-4.097193
9,-1.3623248,-2.628349,-0.34902337,0.58455867,-3.8061566,-4.002125
6,1.0813724,-4.2630544,0.57873946,1.3633034,-2.9119742,-2.6675196
9,9.319673,0.35879707,0.3548071,-0.24319461,-4.1288815,-4.0038366
3,0.15102576,-5.6921897,-1.3673162,-0.3482603,-3.4294248,-3.911368
0,-1.548874,-6.5385528,-1.1193651,0.5600947,-3.408921,-3.3785243
5,-0.64101905,-2.9657323,-1.2154548,0.22635226,-3.6236746,-4.0272646
9,14.06289,-14.588149,3.134803,0.48656166,-2.8097334,-3.1127849
5,2.3432038,-8.203426,0.12101939,-0.81912935,-3.107148,-3.2405524
2,-0.18400042,-2.4362783,-0.043147143,0.53276044,-3.1456718,-3.0934181
5,5.046185,-14.7556095,0.29964727,-0.82987833,-3.3904722,-3.5681243
5,3.723613,-13.167762,0.7649647,-0.44677463,-2.6561677,-2.995957
2,2.546758,-0.69888854,0.5361318,0.6843961,-2.9225795,-2.9285135
6,1.0364324,-3.8808515,0.16228227,-0.7413039,-2.5858238,-2.6256924
5,-0.27574995,-3.1948237,-0.4122273,0.04118792,-3.3261657,-3.5443325
5,-0.39236552,-4.0624456,-0.56410414,-0.03590189,-3.2964594,-3.6103587
8,3.0200837,-8.840621,0.1292812,-0.6709945,-3.2826073,-3.6668496
0,2.293011,-10.698592,-0.07424012,1.9082017,-2.7016888,-2.037589
2,7.842796,-14.04477,2.11593,1.4451535,-2.5017874,-2.6011791
8,-0.4155746,-10.346699,-1.0061024,0.18351284,-4.135103,-4.4032335
2,6.8552623,-10.932918,-1.6104914,-2.0673373,-2.372688,-2.9058948
7,14.070985,-5.5845456,1.6000078,-0.7125215,-3.2533388,-3.5945992
1,4.349121,-5.747875,-0.4045028,-2.6245265,-2.282587,-2.1074142
5,2.5653372,-3.7647128,-0.8844324,-2.20138,-2.1024454,-2.28864
3,3.454903,-12.736042,-0.19420972,-0.70720565,-3.1058416,-3.605764
3,1.822746,-5.0469847,-0.12550275,-1.0938203,-3.518356,-4.009831
1,5.1501517,-7.122284,-0.7521119,-2.633978,-2.3552208,-2.3087034
4,12.520262,-7.3386335,1.4315511,0.16839539,-3.5266666,-3.4951096
8,4.364882,-11.423372,0.28906348,-0.31127968,-3.4128902,-3.4641109
5,3.1039736,-5.261271,0.5557743,-1.3367683,-2.4509542,-2.7830744
8,1.9109236,-6.329739,-0.20067011,-1.1028758,-3.411533,-3.85574
5,-0.22863151,-5.473567,-0.9964688,-0.03469545,-4.4990983,-4.536284
4,4.743564,-0.5432547,0.61272436,0.43837544,-3.9679968,-3.5195017
6,-0.75951266,-2.627082,-0.21328342,0.5870649,-3.0335178,-2.8838062
9,2.6530306,-0.06653088,-0.103032485,0.24223909,-2.6235552,-2.4796948
7,-1.7940543,-5.2103677,-0.977435,0.36248687,-4.0052404,-4.195771
7,4.251242,3.5772736,-0.13246524,0.55517393,-3.9509072,-4.174908
4,4.11148,-11.108374,0.50386506,1.7392782,-2.6884475,-2.9094067
7,12.132235,-12.376797,2.7415433,-0.6597859,-2.6384254,-3.2060513
8,12.663668,-6.1677866,0.28320664,-0.33550563,-3.958991,-4.2562265
7,11.483209,-13.220668,2.7518215,-0.90612024,-2.310757,-2.7693548
6,1.7913839,-7.707538,0.7645942,1.6018772,-3.2855022,-2.8366976
8,3.386266,-14.333011,0.11668123,1.173964,-3.3083606,-2.8483582
6,1.6065646,-6.811081,0.68100274,1.8734956,-3.811213,-3.3024487
6,2.2263627,-6.5896144,0.90883625,1.8938009,-3.6994913,-3.3431249
9,11.066454,-14.223679,2.375485,0.0007021576,-2.0272791,-2.7057061
9,4.71385,0.21189001,-0.18226106,0.24234927,-3.6761796,-3.6574535
0,1.4501578,-7.1109023,-0.2729162,2.0311759,-3.0277956,-2.4410205
0,-5.4551067,-5.4880347,-1.5835683,1.8343738,-2.9896467,-2.8084054
1,5.4544525,-7.894463,-0.6529165,-2.6056535,-2.5288942,-2.468789
3,1.4495329,-7.9173117,-0.71808547,-0.9624809,-3.6356113,-3.900527
1,4.6636195,-2.8344467,0.6162384,-1.4433581,-4.004101,-4.0504217
3,1.5908773,-8.178003,-0.67657,-1.0132947,-3.319751,-3.4809122
8,6.4028506,-11.543572,0.09453134,-1.5464207,-2.2115955,-2.407178
9,10.315935,-0.13627975,0.42712343,-0.03567616,-4.0860314,-4.328673
8,1.7335055,-7.3594365,-0.89659524,-0.8910815,-3.519837,-3.991797
7,11.084984,4.2495546,0.2911765,-0.14538856,-4.48523,-4.548164
8,1.9018111,-4.9695334,0.11958705,-1.3564829,-2.6306765,-3.1440606
5,4.5999174,-9.605595,1.295909,0.28160405,-2.38102,-2.3653288
5,2.4159672,-11.898133,-0.011786398,2.0132937,-2.6064827,-2.0799403
6,1.3687972,-3.9060593,-0.11948526,-0.17921002,-2.6819992,-2.6146874
7,5.76625,-5.9124107,1.4719425,-0.5897523,-2.2040257,-2.1243463
0,-6.0679755,-0.3629618,-3.2872767,0.532876,-2.5929084,-3.9405031
3,1.9138308,-4.987047,0.098649696,-1.292934,-2.9248717,-3.0869122
5,0.14970186,-7.3093247,-0.77327883,-0.1887961,-3.0132432,-3.1935992
5,1.0174541,-10.95748,-0.22610062,-0.28790295,-4.182145,-4.6827035
2,2.9642868,-8.860073,-0.40887886,0.5510599,-3.6167295,-3.438169
4,12.233747,-4.5179534,1.3985095,0.32538676,-3.7209055,-4.168407
1,3.9179626,-3.001421,0.8928506,-2.2407882,-2.9234047,-2.67245
4,4.070346,1.4950861,-0.1326024,0.27591613,-4.083159,-4.0905223
1,3.5603461,-2.1700485,0.8697782,-1.6420985,-3.4203708,-3.3134604
3,5.6323147,-11.576123,0.48601806,-0.8240281,-2.9089727,-3.358759
2,2.1337974,-2.3075058,0.8440386,-1.8714181,-2.8666847,-2.990252
2,2.897223,-12.283695,-0.013029978,1.1793318,-3.7238185,-3.5489035
1,3.499029,-4.931974,-0.72250223,-2.4024568,-2.1858945,-2.1249053
6,3.1360426,-7.924815,0.7891124,1.3887479,-2.6589875,-2.0370178
9,13.604016,-8.425466,1.6614062,-0.15237382,-2.841848,-2.972848
0,-2.2612197,-8.016133,-1.1612214,1.0423329,-3.7686384,-3.3845258
3,0.4303819,-6.5378423,-1.0802174,-0.69518274,-3.588675,-4.1322956
0,-3.8295121,-3.4482071,-1.0174208,1.2332276,-3.024659,-3.0404077
0,-1.8355821,-3.8104494,-1.2492065,0.57410717,-2.2180421,-2.5643992
3,2.7286615,-9.391646,-0.27782446,-1.3284461,-3.0382285,-3.2193542
2,2.6868806,-6.161442,0.6257726,0.7136947,-2.6448812,-2.2976842
7,2.1060011,-4.0680647,-0.36176807,-1.6977708,-2.5713792,-2.4406042
7,12.3844795,-1.12057,0.9507999,-0.28471464,-3.38855,-3.710845
1,7.948479,-13.247105,-1.839007,-1.9005797,-2.761887,-3.2449384
4,7.715659,-8.016028,2.0431604,0.5186581,-2.633747,-3.1225657
1,5.674431,-3.015057,0.45008796,-1.2228277,-3.9895906,-3.9679546
9,10.581021,-0.44724005,0.50065124,-0.28031912,-3.1924953,-3.17493
5,0.89906025,-7.6341853,-0.06381196,1.6483786,-2.8286986,-2.157691
6,0.47392607,-3.9787831,0.48263675,1.1224046,-3.2333684,-2.984713
1,3.899577,-5.389156,0.44342571,-2.2255464,-2.9964225,-2.6017094
5,1.0164633,-7.6279464,-0.1051669,-0.54711473,-3.4603245,-3.5450568
0,-5.065413,-4.9024096,-1.5736388,1.7095915,-2.9963577,-3.1987524
2,1.5231031,-3.8270297,-1.6731606,-0.89210856,-2.9360564,-3.7092457
4,6.289836,-3.212946,0.39572203,0.5339485,-2.9933481,-3.6238298
0,-5.4359956,-2.8424397,-2.4915996,0.83545727,-2.9688206,-3.9932246
5,0.060888022,-12.025573,-1.0949405,0.16558143,-4.57096,-4.811159
7,12.679256,-9.396113,1.9615947,-0.8386185,-2.6712606,-3.0160298
0,-5.4753976,-6.5014663,-2.2135816,1.3969597,-2.9844975,-3.4408493
6,1.8356203,-6.4189243,0.1933949,1.0727991,-3.8827856,-3.5632234
9,10.509971,-9.519347,1.7285303,-0.53256196,-2.459797,-2.5326152
3,0.18997064,-7.37711,-1.2935063,-0.36802867,-3.4084518,-3.553903
3,1.7122642,-8.990043,-0.87731534,-0.7892202,-3.6001701,-4.048799
1,2.9593194,-2.886417,-0.010725874,-2.22041,-1.9965245,-1.8756741
1,4.031709,-5.588568,-0.75512284,-2.8693683,-2.2295249,-2.0935345
2,4.5825453,-10.454252,1.7929686,0.056006305,-3.0097501,-3.6920204
8,2.494253,-0.41036788,-0.3307036,0.11180154,-3.7066414,-3.8622894
3,0.9462242,-9.996461,-1.244917,-0.5303027,-3.9141695,-4.1601562
9,15.036401,-7.017583,1.5019187,-0.23624851,-3.2953565,-3.5188136
4,12.026823,-1.8693701,0.8951053,-0.08080289,-4.0938416,-4.3319526
6,1.7920861,-8.128184,0.67016286,1.7753391,-3.445155,-2.799354
9,9.152168,-4.477189,1.1850469,0.34265944,-2.880877,-2.6650138
6,3.5698695,-9.4194765,1.2887564,2.0463104,-3.1696286,-2.8297162
3,1.4476916,-10.7459755,-0.9315065,-0.9391759,-3.806383,-4.6693172
4,6.717987,-6.2294083,1.0529239,-1.0057595,-2.3328004,-2.2288985
5,4.885588,-11.240782,0.52444243,-0.6969526,-3.662491,-3.692912
8,0.7488379,-8.955783,-0.56896955,-0.3454358,-4.2865252,-4.383287
2,0.9186152,-3.2377129,0.27414387,0.85949165,-3.4864633,-3.7409945
5,0.95031804,-7.2896905,0.39290097,-0.30976698,-2.6890688,-2.6445074
3,-0.9817135,-13.3374195,-1.3623134,0.12659891,-4.0406814,-4.613666
6,1.3023237,-6.8042226,0.5098484,2.108699,-3.2024531,-2.5407004
5,-0.52688676,-2.5508304,-1.202327,0.122655384,-3.3089628,-3.621859
3,-0.6103043,-7.6340337,-1.1228716,-0.045706965,-3.5882144,-3.5882468
8,3.7508764,-10.832662,-0.05533566,-0.6276146,-3.4604385,-3.627173
8,3.8281019,-9.209654,0.117119804,-1.0045688,-2.7412648,-3.2267327
4,0.7242783,1.677978,0.19789733,0.45110857,-3.3946245,-3.855877
8,5.151503,-11.922502,0.16009152,-0.99999934,-2.7971532,-2.9327025
7,13.004345,-16.016502,3.606552,-0.25781924,-2.304214,-2.73382
4,6.1296124,-4.9295874,0.9102637,-0.5605498,-2.217152,-2.1005964
5,-0.7412283,-7.568756,-0.9910419,0.17102197,-3.3171558,-3.4364152
3,1.618708,-0.14610249,-1.1571236,-0.44976297,-3.723598,-4.5129848
5,-0.026506368,-3.1391683,-0.35083225,0.057790123,-3.1810288,-3.4381013
4,7.2402434,-9.019709,1.4116122,1.3556137,-3.2025645,-2.9911332
