label,umap_nn5_x,umap_nn5_y,umap_nn15_x,umap_nn15_y,umap_nn50_x,umap_nn50_y
1,12.1795,2.5050,8.4441,7.7340,12.8591,12.3371
2,8.2757,2.6064,9.3369,5.4736,13.8060,10.2208
2,7.9397,0.7752,9.2494,4.8333,13.6319,10.7632
0,-1.6245,6.9784,2.6954,4.4634,8.4165,8.7113
4,10.2104,10.0381,13.0385,1.8781,13.5311,5.8975
9,11.2746,9.2114,12.2188,2.2816,12.9861,6.6568
0,-0.5473,5.6640,2.1560,3.4539,8.1055,7.7540
3,3.9622,7.4623,5.4962,2.9111,10.4403,7.4755
5,4.6514,7.7727,5.1651,3.0778,10.7859,7.4495
8,7.3340,6.2123,7.8034,3.6957,12.2985,8.7419
1,12.1458,2.7039,8.5143,7.7378,12.7297,12.1833
5,3.8647,3.5905,6.6634,6.5565,11.6923,11.0123
9,11.7759,8.3817,11.9627,2.9651,13.3265,7.0455
2,6.6634,1.7287,8.6732,4.4419,13.3933,10.9315
6,1.3396,1.9189,3.9196,6.5942,9.1108,10.6871
3,4.9955,6.8454,6.4933,3.0524,11.1738,7.9647
1,13.0732,2.0385,8.6035,8.5824,11.9508,12.2923
6,0.3715,1.9975,3.2900,6.4128,8.5959,10.3448
9,12.4252,7.2895,11.7830,3.9097,13.9697,7.6268
9,12.3348,5.8229,11.8645,4.9939,14.8730,8.4420
6,1.8308,2.1806,4.3320,6.3984,9.3665,10.3562
9,11.7384,8.7548,12.1698,2.6305,13.2616,6.8642
2,13.5491,0.2541,8.9209,9.0722,11.7120,12.1751
7,11.4971,10.4063,11.9134,1.8001,13.5274,5.9824
2,8.4890,2.0686,9.2798,5.7388,13.7685,10.1196
6,1.2193,2.1670,3.9533,6.2032,9.1645,10.4857
8,6.2998,6.9829,7.2630,3.1924,11.4920,8.2062
9,11.0818,9.5679,12.0685,1.9464,11.8739,6.8331
8,7.5634,4.2334,7.6961,5.2022,12.8996,9.6336
5,4.2817,8.3685,5.1678,2.4735,10.5390,6.9364
1,7.3615,1.6124,8.8577,4.5766,13.3726,10.8087
9,12.3821,7.5387,11.6718,3.7698,13.9197,7.4833
0,-0.4477,5.7768,2.3208,3.4602,8.2073,7.8076
4,10.6440,8.9638,12.4866,2.1412,13.0093,6.3488
3,5.5559,6.9329,6.8237,2.9911,11.4857,7.9121
6,1.3687,2.3880,3.9351,6.6828,9.1508,10.5041
1,11.3876,2.1892,7.8692,7.1961,13.1065,11.7662
6,2.1402,2.2205,4.7011,6.6009,9.6917,10.7117
4,10.6300,9.7252,12.5230,1.8663,12.9620,6.1581
4,10.1361,9.9644,13.1524,1.8677,13.4519,5.8610
0,0.6829,5.6509,3.3763,3.4984,9.1076,8.0568
4,11.5932,5.7065,12.4265,5.2379,14.3148,8.6178
6,-0.4068,2.5267,2.4851,5.8428,7.9851,9.7318
3,6.4856,6.7290,7.3746,3.4236,11.9219,8.2936
3,3.8100,5.3195,6.1167,4.6992,11.0223,9.7034
7,13.8284,6.5024,11.0060,4.5146,15.2809,7.7759
5,4.7677,4.4831,5.4290,4.6427,10.8154,9.1423
6,1.2467,3.8209,4.0762,4.9069,9.7688,9.2485
0,0.1973,5.6465,2.9545,3.5992,8.5781,8.1305
4,11.3789,5.8758,12.5561,5.1786,14.3743,8.6625
1,13.3240,0.1436,9.1652,9.3554,11.3773,12.2042
8,7.2130,4.3623,7.5565,5.2391,12.4567,9.8980
4,11.1028,6.3752,12.8091,4.7712,14.5220,8.1216
8,6.1504,6.8929,7.1461,3.2643,11.3699,8.3470
7,13.8407,5.8913,10.9497,5.1969,15.5869,8.4214
2,7.6229,1.5958,8.9671,4.7246,11.5184,9.6231
6,1.4116,1.7163,4.1127,6.7514,9.2329,10.9010
0,0.6105,5.3466,3.4791,3.8130,9.2250,8.2661
1,13.0329,1.9841,8.6755,8.6486,11.9740,12.3453
6,2.7634,3.2057,5.2494,6.2730,10.0375,10.5988
7,13.4178,5.8121,11.2764,5.1488,15.5539,8.4089
7,12.6790,5.0771,10.6759,5.7130,14.5599,9.1794
9,9.9686,9.3138,12.9505,2.4456,13.4448,6.2407
8,6.4284,4.8675,7.0006,5.3332,11.3922,9.8483
1,14.2004,0.2347,9.5727,9.7349,11.0057,11.9343
2,9.4728,2.7939,9.6525,6.0426,13.8278,9.2135
1,13.4222,0.4021,8.9247,9.2460,11.4610,12.3311
8,6.9512,5.2696,7.5637,4.7125,12.3552,9.2944
8,6.2329,7.1773,7.4673,3.2561,11.9985,8.1912
6,1.3986,1.7932,4.0798,6.7036,9.2698,10.8392
0,1.0809,3.7630,4.1516,5.1337,9.7473,9.1944
2,8.3123,2.5024,9.4386,5.6974,13.8148,10.0530
8,6.2192,7.1391,7.4102,3.1760,11.8510,8.1420
1,12.1385,2.1298,8.0755,7.5194,13.0866,11.7414
1,14.2131,0.3016,9.5951,9.6570,11.0364,11.8335
4,10.7197,8.2723,12.5831,3.0896,13.2965,7.3577
4,11.5112,5.6476,12.4763,5.2643,14.2837,8.6352
3,3.1567,6.5784,6.1515,3.5833,10.6796,8.3048
6,-0.2382,2.7269,2.6382,5.8581,8.1833,9.6376
9,9.9425,9.2285,13.0162,2.2546,13.4035,6.0947
8,7.3111,6.2300,7.8799,3.5757,12.3676,8.5428
6,0.3762,2.1795,3.1951,6.1814,8.5243,10.1271
8,6.7374,6.9170,7.7708,3.6243,12.3089,8.5294
7,12.3582,10.4712,10.8077,2.4755,14.7286,6.3862
3,3.8063,6.1179,6.5307,4.1060,11.1536,8.7646
9,9.9705,9.6430,13.0195,1.9038,13.3295,5.8584
6,1.1968,1.7222,3.9843,6.8799,9.1567,10.8628
2,8.1698,2.3479,9.4233,5.4655,13.8978,10.1488
9,13.3056,6.1454,11.6355,5.1790,15.0488,8.4508
4,10.5827,9.7152,12.6251,1.8193,12.9615,6.0334
0,-1.1495,6.7084,2.7473,4.2985,8.5146,8.6032
6,-0.4480,2.5317,2.4788,5.8289,7.9554,9.5899
4,12.2284,5.7342,11.6919,5.4284,14.5726,8.7881
9,10.6373,9.9026,12.5366,1.6864,13.0415,5.9078
1,12.7326,2.0382,8.2876,8.3113,12.3606,12.2217
0,-1.2063,6.7078,2.6384,4.2822,8.2290,8.4660
8,6.9191,4.4149,6.8895,4.9660,11.9999,9.5804
8,7.1986,6.2662,7.8410,4.0409,12.4546,8.9958
0,0.6950,5.4654,3.0149,3.9950,8.5377,8.3071
4,10.4582,9.8339,12.7783,1.7089,13.1897,5.8461
0,-0.5775,6.1118,2.2749,3.6985,8.0770,8.0201
6,1.1895,1.7110,3.9775,6.8237,9.1629,10.8297
7,12.8653,8.8528,11.2635,2.6946,14.2360,6.4210
7,13.5472,6.3803,11.1415,4.8619,15.3794,8.1574
5,4.9087,5.4687,5.5885,4.4243,10.5568,8.8650
5,3.5983,3.8757,5.7675,6.0379,10.1831,10.0983
5,1.0974,3.6045,4.2480,5.2620,9.6876,9.1309
0,-1.4455,6.4575,2.2512,4.2246,8.0329,8.4320
0,0.5724,5.5822,3.0388,3.5792,8.6633,8.1509
1,13.9356,-0.0548,9.3500,9.7156,11.0559,12.2207
0,-0.6698,5.6875,2.0466,3.5752,8.0861,7.8156
0,0.7728,5.0745,3.3934,4.1785,8.9523,8.7502
6,1.0283,2.6766,3.7538,6.0883,9.1844,10.2500
3,4.8645,7.2242,6.2604,2.7364,11.0163,7.5288
7,11.9105,10.4775,11.0592,2.0286,14.4196,5.9620
6,1.3426,2.2348,3.8800,6.7538,9.0894,10.6899
7,12.9402,8.3997,11.0185,3.2630,14.5166,6.6491
7,13.1974,7.9109,11.0368,4.0033,14.9751,7.2763
7,12.7420,5.1397,11.0368,5.6966,15.0420,9.0576
2,7.9732,0.7834,9.2927,4.8155,13.7647,10.6598
4,10.6893,9.8628,12.4471,1.9769,13.0073,6.2486
2,7.9663,1.6427,9.0285,5.1085,13.4527,9.9557
7,13.2637,7.7818,10.9919,4.0293,14.9673,7.2088
7,13.7206,5.7647,11.0267,5.2332,15.4276,8.6318
1,13.9693,0.0671,9.6263,9.8198,11.0447,12.0432
7,12.6550,5.4850,11.4200,5.2797,15.1898,8.5803
9,11.5156,6.7689,12.3596,4.2811,14.2999,7.7461
8,6.6892,4.8232,7.0543,4.6740,11.9914,9.4418
6,1.2878,2.2027,4.1158,6.1810,9.4947,10.4589
5,4.2984,4.6328,5.8119,5.3257,10.9171,9.9608
3,4.4102,7.4787,6.1459,2.8796,10.5811,7.5656
9,12.3962,5.9025,11.7614,5.4127,14.9905,8.7423
2,7.9349,1.7254,9.0265,5.0087,13.4774,10.5175
8,6.8497,4.7518,7.2195,4.8815,12.0586,9.5188
9,12.4862,7.4324,11.6159,4.0196,13.9918,7.6653
5,4.6466,7.7509,5.3693,2.6419,10.7528,7.2549
3,3.3949,7.2392,6.1480,3.2838,10.7205,7.9520
5,4.8415,7.4371,5.1510,3.2870,10.8550,7.6341
5,3.7455,3.6916,6.4829,6.4708,11.4490,10.8600
7,12.7851,8.8366,11.4717,2.6560,13.8333,6.4721
0,0.0517,5.8615,2.8734,3.4495,8.5891,7.8736
0,-1.6271,6.3605,2.2045,4.3071,7.9166,8.5805
3,4.6553,6.4113,6.8220,4.0834,11.3802,8.7099
0,-1.2417,6.4281,2.4121,3.9886,8.1096,8.2948
9,11.5655,8.8902,12.1545,2.6871,13.3255,6.9368
7,12.7022,9.8490,11.0732,2.7843,14.5248,6.5164
9,12.4660,6.6704,12.1413,4.2684,14.4310,7.4943
8,6.3958,6.8302,7.4166,3.2754,11.8088,8.4249
8,6.5305,6.2655,7.3814,3.7199,11.8726,8.8188
8,5.5367,8.0308,5.5900,2.3020,10.9446,6.9003
0,1.8991,4.4001,3.9378,4.5593,9.2870,9.2948
9,12.6341,6.5685,11.9510,4.4493,14.6750,7.7897
3,5.4076,5.6136,6.1672,4.9641,11.1181,10.0686
6,1.2683,2.1036,4.0464,6.0273,9.3193,10.3514
1,13.5819,0.2258,8.9432,9.1851,11.5349,12.2947
8,6.8087,5.1635,7.4789,4.7208,12.2121,9.4168
4,10.7398,6.8617,13.0175,3.8953,14.1400,7.1425
5,4.3072,4.7527,5.9558,5.3273,11.0450,10.0584
4,12.0786,7.6948,11.9227,3.4080,13.6131,7.4540
4,10.9200,6.6861,12.7643,4.4934,14.3790,7.6955
7,12.7010,5.2140,11.1995,5.5257,15.0894,8.7456
8,7.1036,4.9501,7.2794,4.9598,12.3055,9.5639
5,3.8808,3.6408,6.5198,6.4851,11.5481,10.9284
8,7.9076,4.1914,7.7915,6.2689,12.7690,11.2667
3,3.2951,6.2971,5.9521,3.6751,10.5719,8.4780
6,-0.6462,2.7521,2.3292,5.5851,7.8560,9.2235
3,5.0622,8.2118,5.9615,2.2775,11.0488,7.1908
6,1.8190,2.1032,4.2157,6.4601,9.3896,10.5352
3,5.2350,7.5289,6.3881,2.4614,11.4783,7.3729
2,3.1315,6.6628,6.2649,3.7000,10.5107,8.5379
2,7.1402,3.7038,8.2364,4.5310,12.7562,10.0922
7,13.4417,5.8417,11.1115,5.2620,15.5822,8.5876
4,10.3429,9.9722,12.9235,1.8345,13.2873,5.9327
6,-0.0283,2.7174,2.9118,6.0593,8.4645,10.0102
8,6.1850,6.8814,7.2095,3.3952,11.4066,8.3402
4,11.5619,5.5384,12.5521,5.3657,14.1039,8.7183
7,13.3258,6.8494,11.3122,4.5019,14.9834,7.9782
7,13.5930,6.7311,11.1071,4.3628,15.1467,7.5748
5,4.3351,4.7684,10.4929,4.1970,13.2097,7.8188
6,0.2773,2.3188,3.1450,6.3072,8.5015,10.2059
3,3.5727,6.2028,6.4776,4.0477,11.0175,8.6910
6,-0.3906,2.5728,2.5429,5.9248,8.0789,9.6660
0,-0.0868,5.9190,2.7590,3.4733,8.2819,7.9525
2,7.4418,1.5704,9.0908,4.7287,13.4937,10.7286
5,5.1541,5.1597,5.8149,4.5240,11.1594,9.1274
9,11.4237,6.8162,12.4161,4.2228,14.2742,7.6838
8,7.1973,4.3559,7.3992,5.3288,12.3012,9.9006
8,6.3336,6.9194,7.2391,3.3924,11.6162,8.4785
7,12.9231,8.7327,11.1452,2.9046,14.3865,6.5400
8,4.1049,8.4166,5.1812,2.3662,10.5917,6.8806
4,10.8372,7.3862,12.7704,3.3370,13.6855,6.7798
6,2.2520,2.5055,4.6482,6.0967,9.8530,10.3062
4,10.9596,8.3171,12.4243,2.7032,13.2954,6.8597
2,8.4270,1.9800,9.1199,5.5541,13.5751,10.4140
2,7.9146,0.8069,9.2322,4.8048,13.6781,10.7505
8,6.9137,5.9503,7.5734,4.0086,12.1958,8.9471
3,6.7344,6.1976,7.3032,3.6822,11.9935,8.6875
3,5.0775,8.2309,5.8686,2.2960,11.0075,7.0155
7,13.5173,6.1376,11.0259,5.0605,15.4490,8.4982
3,3.7274,6.1957,6.5904,4.0738,11.2765,8.7605
2,7.9260,1.0619,9.1966,4.8901,13.7903,10.5773
1,11.3746,2.1625,7.8433,7.2311,13.1636,11.8750
6,1.3061,1.7279,4.0865,6.8942,9.3487,11.0678
1,13.3238,0.1836,9.1532,9.2818,11.3970,12.1127
5,4.7441,4.7770,5.3795,4.8061,10.7076,9.2150
2,9.2770,2.4807,9.3771,6.0138,13.6688,10.0325
1,13.5994,-0.1715,9.1916,9.5661,11.2265,12.2980
0,-1.5070,6.3627,2.1293,4.1797,7.9400,8.3856
7,12.2345,8.4490,10.8505,3.4214,13.7958,7.0374
3,3.8807,6.0511,6.3108,3.8669,10.8333,8.5648
5,10.3355,2.7451,6.9828,6.6148,11.9087,11.1318
6,1.8531,2.1853,4.2707,6.3786,9.2294,10.5282
1,13.5204,-0.1453,9.0973,9.5016,11.2308,12.2645
8,5.8323,5.0630,7.0504,4.4292,11.4826,9.0823
1,11.3588,2.1895,7.9614,7.2161,13.0735,11.8118
2,9.5396,2.0168,8.8595,6.4316,12.6633,10.9492
5,4.8851,4.5965,5.4503,4.7530,10.7720,9.2986
8,5.8624,5.0816,7.6091,4.2849,12.1629,9.0841
0,-1.7449,6.1835,2.0027,4.5125,7.8399,8.8456
5,4.8009,7.3774,5.1130,3.3459,10.9172,7.7294
6,1.1802,3.3156,4.2431,5.5301,9.7837,9.7694
0,1.1603,3.6654,4.2467,5.1745,9.7873,9.4390
2,8.2273,2.7753,9.6610,5.7501,13.9208,10.0026
0,1.4472,4.7922,3.5712,4.5923,8.9915,9.1455
0,0.0439,5.8612,2.9133,3.5203,8.4174,7.8926
6,2.2848,2.1409,4.6174,6.5456,9.5708,10.7674
1,13.1217,1.1242,8.7637,9.0106,11.7237,12.4084
1,12.0040,2.7384,8.4424,7.9269,12.6966,12.2649
1,14.2376,0.2462,9.5411,9.6442,11.0612,11.9121
4,10.9494,6.9457,12.8284,4.4664,14.2341,7.9367
2,7.9832,0.8491,9.3338,4.7040,13.8122,10.6423
2,7.2813,1.6089,9.0154,4.6696,13.5002,10.6370
8,7.5200,4.7327,7.6912,4.3954,12.4892,9.1887
3,3.3101,7.3166,6.1927,3.1447,10.6476,7.9771
8,6.7881,6.1674,7.4758,3.6892,12.0609,8.6457
0,1.9314,4.3935,3.8986,4.6312,9.2725,9.1594
6,1.1292,1.7269,3.8262,6.7882,9.0492,10.7700
3,6.9860,6.7247,7.8331,3.7599,12.1843,8.4474
5,4.4581,4.3399,5.5826,5.2744,10.5739,9.7300
6,0.5485,2.6201,3.3311,6.2371,8.7357,10.2273
4,10.9548,6.6183,12.6468,4.5164,14.5804,7.7111
6,3.3926,3.4980,5.9090,6.2669,10.8547,10.5427
3,3.1446,7.6063,6.2031,3.1201,10.7422,7.9381
2,8.2673,2.6779,9.7218,5.6777,14.0398,9.9381
9,12.6163,6.5530,12.1633,4.4951,14.7351,7.8931
4,10.5250,8.9381,12.6007,2.3159,12.9385,6.6369
8,6.5126,4.8914,7.1588,5.2138,11.7560,9.8191
1,13.0451,1.4271,8.6303,8.8159,11.8610,12.3603
1,13.2854,0.2042,9.1679,9.2347,11.4262,12.0482
2,8.5956,2.3879,9.4047,5.8438,13.8720,9.9979
4,11.6314,7.3370,12.3892,3.7041,13.8496,7.6746
8,12.4548,5.3558,7.8242,5.2888,12.7065,9.6855
4,10.8507,6.9532,12.8580,4.3670,14.1569,7.7187
2,7.8635,1.3496,9.0111,5.1401,13.3991,10.4658
9,10.9833,9.9389,12.2467,1.7875,12.8786,6.2505
1,12.3614,4.8540,8.8089,7.4882,12.8717,11.7811
4,10.5613,8.8901,12.5829,2.5113,12.9404,6.7691
9,12.5366,5.8379,11.7167,5.5378,14.9633,8.8942
7,12.3699,7.6011,11.5195,3.7950,14.3001,7.2223
2,8.2347,2.7667,9.6283,5.7941,14.0331,10.0808
7,12.7428,8.3143,11.1341,3.4865,14.5052,6.9767
0,-1.6640,6.2438,2.0646,4.2503,7.8570,8.4640
9,12.6456,7.3262,11.5336,4.0413,14.0772,7.6689
8,7.7907,4.3490,7.7672,5.5561,12.5610,10.1572
1,11.5789,2.0455,7.9108,7.3655,13.0882,11.9128
6,0.3657,1.9909,3.5680,6.5478,8.6169,10.4780
2,7.9329,1.2999,9.1251,5.1620,13.6461,10.6103
7,12.7383,5.2219,11.1680,5.5664,15.1339,8.7964
8,10.8132,2.6887,7.1436,6.7419,12.2306,11.2166
2,8.7364,2.3934,9.4217,5.7713,13.8124,10.0713
4,11.5708,7.0720,12.4398,3.9142,13.9032,8.1465
7,12.8320,8.9436,11.1785,2.7301,14.3664,6.4042
2,8.2523,2.7059,9.6949,5.7189,14.0132,9.9959
3,4.8153,6.8674,6.5587,3.0751,11.1614,8.0283
5,4.9546,6.7440,6.3995,3.3004,10.9854,8.1999
9,11.0059,6.7879,12.6264,4.2564,14.3542,7.4532
5,4.2393,6.7203,5.5261,3.2757,10.9102,7.7852
7,13.0687,5.4272,11.3239,5.6564,15.2476,8.9331
9,11.8945,6.4812,12.2323,4.6422,14.6958,7.9122
2,9.0246,2.5483,9.5265,5.6491,13.7759,9.6536
7,13.4758,6.0229,11.2070,5.2457,15.5160,8.4300
1,12.9634,1.9212,8.4900,8.3549,12.3379,12.4903
5,4.0996,5.0598,6.1056,5.2354,11.0937,10.0645
7,13.8075,5.9207,10.9803,5.1174,15.5652,8.3902
3,4.4692,6.4861,6.7045,3.6679,11.2753,8.2839
0,-0.7033,6.0353,2.2321,3.7589,8.0395,8.1331
5,4.4121,6.0025,5.2157,3.8362,10.2115,8.2532
5,3.8743,3.5911,6.5997,6.5275,11.6979,11.1084
2,7.1932,3.6296,8.3103,4.6668,12.8127,10.1295
8,5.8506,7.2377,7.0920,2.9297,11.7507,8.0577
4,1.2358,2.8696,4.1316,5.8102,9.5807,10.0547
9,10.9478,10.0681,12.1617,1.6795,12.7975,6.1005
8,7.0769,6.4173,7.8595,3.8789,12.3732,8.7221
4,11.1491,6.8339,12.8633,4.2557,14.2036,7.6733
9,12.3322,7.3846,11.8622,3.7909,13.7200,7.5563
2,7.1163,3.8261,8.0534,4.5201,12.9036,9.9835
8,7.0420,5.0061,7.3731,4.8788,12.2328,9.4588
4,11.0637,6.4228,12.7087,4.6259,14.4682,7.9487
4,10.9321,8.2955,12.4179,2.9552,13.4521,6.9522
1,13.7479,0.1386,9.2363,9.4008,11.2277,12.0490
5,4.1892,7.7777,5.2386,3.0111,10.2273,7.6058
6,1.2689,2.2667,4.1271,6.1576,9.3802,10.4829
1,13.1230,1.2059,8.6842,8.9260,11.7704,12.4357
9,12.4270,6.8004,11.9200,4.2704,14.2715,7.7489
9,11.2591,6.9260,12.5739,4.1180,14.2211,7.5843
2,7.9324,0.7883,9.1625,4.7850,13.6777,10.7649
0,1.1367,4.2888,3.8482,4.8042,9.2637,8.9650
0,0.0677,5.7837,2.8531,3.6289,8.6187,8.1289
4,10.6995,8.2488,12.6411,3.0542,11.9342,9.1463
2,7.0670,4.0111,7.9421,4.5260,12.5879,9.4620
9,10.0070,9.5777,12.9457,1.9754,13.4314,6.0147
0,-1.6779,6.9336,2.6859,4.4787,8.4184,8.7116
1,12.7156,1.7750,8.3318,8.1548,12.4755,12.3587
7,12.8929,7.3231,11.3698,4.2051,14.4928,7.5976
1,11.0822,2.5392,7.8657,6.9509,13.0604,11.5675
9,12.6423,6.5649,12.0519,4.6400,14.7374,8.0063
2,9.5842,2.3638,8.6673,6.2228,12.1547,10.5939
3,3.1324,7.5664,6.0474,3.0281,10.5356,7.6222
8,6.9454,5.3981,7.4547,4.6975,12.2497,9.2704
4,13.7287,5.9556,11.0109,5.3769,15.5594,8.7221
1,13.4038,0.3129,9.3463,9.3305,11.3174,11.8758
2,9.4472,2.2960,8.9688,6.1353,13.1155,10.4233
7,13.5261,5.9276,11.1271,5.4192,15.3557,8.7623
9,11.2008,8.5890,12.3689,2.5867,13.2188,6.6850
7,13.8346,5.8049,10.9948,5.2256,15.5391,8.5019
8,11.6099,5.6989,12.4131,5.2112,14.2682,8.7059
9,11.3687,8.7731,12.4787,2.3420,13.3778,6.6188
5,4.5304,4.4971,5.2701,4.5354,10.4072,9.0187
0,-1.6739,6.9944,2.6686,4.4581,8.2708,8.6373
3,3.4317,6.2099,5.9616,3.7177,10.6567,8.5012
3,3.1299,7.1268,6.0075,3.4128,10.4090,8.1523
2,7.9612,3.7614,9.7633,5.8906,13.4809,9.7076
1,13.3107,0.2346,9.0634,9.2545,11.4238,12.0645
5,5.0315,4.7946,5.5320,4.6580,10.8532,9.1734
5,4.6091,4.8045,5.5374,5.0333,10.6094,9.5479
6,-1.1348,5.4277,1.7430,4.1307,7.7079,8.6306
8,7.1019,4.8545,7.4345,4.9534,12.3586,9.4746
3,3.9907,7.7411,5.4290,2.8542,10.2296,7.4254
3,3.0855,7.4470,5.8441,3.0989,10.3220,7.7990
2,7.9682,1.7933,8.9683,5.0440,13.0742,10.5901
3,3.2011,6.4453,6.0601,3.6902,10.5940,8.3539
8,6.4987,6.3956,7.4044,3.5511,11.8932,8.7777
7,13.2495,5.5029,11.1531,5.5851,15.5115,8.8353
9,11.8233,6.3739,12.2011,4.6382,14.6021,8.0628
1,11.1110,1.9991,8.1766,7.0680,12.6211,11.7406
0,-0.9244,5.5828,1.9477,3.6407,7.9965,7.7784
0,1.2701,4.8538,3.5580,4.3265,9.0828,8.7465
4,11.0486,5.9398,3.3878,6.3677,8.9492,9.8705
5,4.4138,6.1650,5.0563,3.3908,10.6188,7.6637
0,2.4976,4.1431,4.0844,4.6212,9.3344,9.2418
5,4.7870,7.4383,5.0971,3.3523,10.8894,7.6843
3,4.1139,8.1049,5.2155,2.8295,9.9532,7.3699
2,7.1081,1.6669,8.8193,4.5216,13.3750,10.8470
3,4.0813,7.7011,5.3624,2.7987,10.5179,7.3568
3,5.0876,7.2506,6.4412,2.6437,11.1786,7.6352
7,12.9947,7.9077,11.1772,3.8540,14.7446,7.0047
4,10.1719,9.8805,13.0521,1.9333,13.2223,6.0679
4,10.6361,9.8448,12.5232,1.8451,12.8315,6.1667
9,11.9045,7.2613,12.1423,3.8905,14.3686,7.3656
9,11.0490,9.3670,12.3959,2.0112,12.9224,6.2775
1,12.1143,2.2387,8.0667,7.6150,13.1807,11.9337
1,11.6038,2.7278,8.3889,7.3995,13.0053,11.8436
6,0.5768,2.4210,3.5871,6.1173,8.8317,10.4514
6,-0.6811,2.7161,2.5123,5.8412,7.9266,9.5243
2,7.9345,1.5621,9.1364,5.0563,13.7169,10.4399
7,13.1470,8.0700,11.0642,3.8608,14.6975,7.0551
6,-0.4473,2.5489,2.5036,5.8592,8.0052,9.6461
4,12.6495,2.3021,8.4181,7.8666,12.7658,12.1592
5,4.2861,8.2003,5.0829,2.7670,10.4423,7.1918
1,13.3381,0.2261,9.2329,9.2825,11.3804,11.9685
1,12.2366,1.8857,8.0545,7.8214,12.7066,12.2639
1,11.0394,2.5616,7.7446,7.0175,12.9791,11.4799
9,13.2662,6.1223,11.6917,5.2290,15.1612,8.5183
4,11.2514,6.1870,12.7084,4.9492,14.3406,8.2895
8,5.6663,5.0056,7.4070,4.3004,11.7266,8.9826
0,0.0185,5.8585,2.7238,3.3676,8.4368,7.9101
2,2.7471,4.0191,9.8579,5.8715,13.9430,9.6371
8,6.6932,4.7422,7.2604,5.1605,12.2119,9.7868
1,11.3319,1.9589,7.8554,7.2887,13.1095,11.9026
3,3.5134,7.3337,5.8722,2.8454,10.6452,7.5979
9,9.8923,9.7943,13.0842,1.7760,13.4478,5.7149
9,11.8529,7.9434,12.0301,3.4176,13.9976,6.9702
6,1.5863,1.7952,4.3191,6.6825,9.5115,10.7697
8,12.3230,2.2216,8.1880,7.7390,12.7241,12.2447
7,12.5693,7.6678,11.3111,3.8737,14.6682,7.1572
7,12.9028,8.5595,11.1243,3.1778,14.4541,6.7529
9,10.5312,8.4935,12.7439,2.8206,13.1444,6.8643
1,12.7747,1.7488,8.4010,8.1635,12.5604,12.3393
7,13.1615,7.2635,11.2759,4.2828,14.9728,7.6646
5,3.6478,3.7109,6.2846,6.3965,11.0654,10.6538
9,12.0845,7.2560,12.0038,3.9093,14.0613,7.4900
3,5.2034,8.0922,6.1054,2.3238,11.1827,7.2274
3,4.1498,6.8964,5.7206,3.1858,10.7134,7.8581
5,4.2133,8.3207,5.1712,2.4990,10.4762,6.9903
0,0.6777,5.2240,3.2933,4.0225,8.8731,8.5333
7,12.3286,5.4284,11.5095,4.8574,15.0123,8.2882
2,10.3082,2.3321,8.8549,6.6336,12.3066,11.2017
0,-0.6771,5.7343,2.1648,3.4937,8.0314,7.8239
9,11.2187,9.2893,12.2532,2.2369,12.9267,6.5354
4,11.8378,5.9187,12.1260,5.2483,14.8077,8.6009
5,3.6423,3.7389,6.1967,6.2993,11.1045,10.6184
9,11.3041,8.9022,12.4309,2.2489,13.1169,6.4350
1,12.1825,2.7943,8.4956,7.8583,12.6869,12.2853
2,6.7567,1.6838,8.7398,4.5638,13.4592,10.9490
2,6.6976,1.7292,8.5781,4.4131,13.2396,11.0644
7,12.9727,8.5776,11.1272,3.1723,14.5198,6.6729
8,7.0485,4.4058,7.1285,5.0631,12.3366,9.7295
2,10.3409,2.3459,8.8174,6.6764,12.2309,11.2422
7,13.6456,6.5116,11.0133,4.7718,15.4432,7.8826
7,12.7961,8.4011,11.3755,3.4170,14.4671,6.9521
3,2.3770,4.1851,4.4450,4.6768,9.9413,9.4296
4,11.1658,6.1354,12.7413,4.8658,14.7161,8.2561
5,4.2581,6.6925,5.3802,3.4821,10.6549,8.0287
7,13.6232,6.1845,11.1006,5.1068,15.4251,8.3117
2,9.5281,1.9624,8.6162,6.5987,12.9279,11.2589
1,12.8711,1.7332,8.3510,8.2883,12.3119,12.3701
1,11.3660,2.1688,7.9517,7.2829,13.0825,11.9216
6,-0.4832,2.5497,2.3986,5.7412,7.8764,9.4834
8,6.5180,6.5387,7.4253,3.4945,11.8840,8.6369
0,0.4831,5.3632,3.1427,3.8763,8.7374,8.2439
6,2.0673,2.0992,4.4128,6.4567,9.5352,10.6583
0,0.5766,5.4833,3.0683,3.6798,8.5612,8.1426
5,4.0518,5.7454,5.4795,4.2210,10.3513,8.9502
5,3.9269,3.5979,6.6949,6.5761,11.7478,11.1942
6,3.1750,3.3929,5.5749,6.0758,10.5374,10.3831
9,11.1690,9.0428,12.4195,2.0669,13.0781,6.3272
9,11.8284,7.2931,12.1799,3.7728,13.9700,7.4814
9,11.9522,7.6200,12.0859,3.5860,14.0045,7.3382
9,11.3396,8.8165,12.4480,2.3890,13.2121,6.5187
3,12.7285,7.3943,11.1540,4.0475,11.3314,9.9654
9,12.5818,5.8943,11.7650,5.4120,15.0314,8.6901
9,12.4854,7.3339,11.6961,3.8956,13.8960,7.4075
7,13.1353,7.9410,11.1235,3.9765,14.7704,7.1945
7,12.5239,8.3794,11.0012,3.4229,14.2306,6.8598
9,9.9032,9.6508,13.0045,1.9047,13.4252,5.8316
7,12.7582,8.9058,11.4315,2.7848,14.0236,6.6363
1,13.8233,0.0914,9.4072,9.5730,11.1292,12.0270
2,8.8676,2.0220,9.2135,5.9667,13.4509,10.1510
9,10.8477,10.0306,12.1998,1.6095,12.9245,5.9519
4,10.8919,8.5088,12.5910,2.5733,13.2317,6.5832
9,11.8814,8.2289,11.9449,3.1852,13.5101,7.2023
1,12.2345,2.7264,8.5148,8.0508,12.6102,12.3623
4,11.8139,5.7889,12.2071,5.3370,14.6930,8.7185
5,4.9416,4.5375,5.4575,4.6663,10.8412,9.0989
4,11.4994,5.6962,12.5274,5.4381,14.3153,8.8479
6,0.6737,2.3716,3.8189,6.2605,9.2380,10.6506
6,1.5517,1.6375,4.1958,6.7987,9.3482,10.8467
5,3.8086,5.1881,5.9232,5.3187,10.8717,9.8857
5,2.8003,4.1098,4.5404,4.7543,9.9859,9.5206
7,11.9171,10.4883,10.9275,2.0857,14.3924,5.9315
4,11.5241,8.0503,12.1232,3.3349,13.6427,7.3671
0,1.0886,3.8023,4.1477,5.1218,9.6676,9.1454
4,11.1856,6.2181,12.6960,4.9915,14.5265,8.4482
1,10.9863,2.5920,7.6006,6.9139,12.7822,11.4354
2,8.5449,2.0519,9.2198,5.8303,13.7179,10.1879
3,5.2419,7.0944,6.5186,2.7766,11.2161,7.7071
7,12.4652,10.2681,10.9739,2.3842,14.5179,6.1209
7,12.3682,8.3338,11.2402,3.3559,13.8959,7.0008
8,7.3128,4.5881,7.5800,5.0800,12.7684,9.6078
5,4.7940,4.6037,5.4902,4.8524,10.8384,9.3565
4,11.6301,8.0551,11.9859,3.0651,13.3157,7.2503
0,0.5450,5.3131,3.2277,3.8619,8.8665,8.2543
0,-1.0735,5.4751,1.8230,3.8254,7.7753,8.1634
8,6.5888,4.7806,7.2597,5.2664,12.1037,9.9490
2,6.6593,1.7383,8.5482,4.3399,13.2860,11.0624
1,13.0057,1.8477,8.4641,8.4641,12.2399,12.5006
6,0.7002,2.6124,3.3986,6.5044,8.7178,10.2703
0,-0.0730,5.5236,2.5872,3.4786,8.4775,7.8021
3,4.9474,6.8740,6.3438,2.9987,11.1210,7.9736
4,12.3939,7.1963,11.8597,4.0198,14.1001,7.6157
4,10.6058,8.9051,12.5003,2.3047,12.9869,6.5518
6,1.6816,2.1271,4.2166,6.5550,9.2503,10.6953
6,1.6346,2.0855,4.1406,6.5101,9.3677,10.5536
8,8.0666,4.1827,7.9300,6.1338,12.8799,11.0515
4,10.5817,9.9043,12.3896,1.7361,12.8524,6.0578
2,6.8347,1.6739,8.8435,4.5395,13.3658,10.9530
9,10.8539,9.9416,12.2936,1.7731,12.7110,6.3323
8,8.4503,1.9726,8.9699,5.5593,13.4859,10.1729
6,-1.1514,5.4018,1.8059,4.2944,7.7070,8.9672
8,3.9408,5.8636,6.3111,4.3246,11.2405,9.0920
4,10.3637,9.1581,12.7239,2.2931,13.1523,6.5317
3,4.9863,7.8767,5.8489,2.2858,10.9361,7.0260
1,13.4246,0.1567,9.2496,9.3861,11.3326,12.0420
8,7.6363,4.5839,7.7527,4.6834,12.6429,9.2012
9,10.7157,9.8206,12.3549,1.7365,12.8871,6.0019
0,1.2564,3.4899,4.4534,5.3291,9.9043,9.7919
0,-0.5544,5.6304,2.1025,3.4251,8.1437,7.6793
1,13.9212,-0.0528,9.3902,9.6584,11.0734,12.1038
1,13.7034,0.0929,9.3331,9.4731,11.2267,12.0878
3,3.4045,6.2306,6.1306,3.8313,10.7487,8.6044
4,11.4847,5.6119,12.4473,5.3418,14.2870,8.8340
2,8.9893,2.5113,9.5584,5.7090,13.9871,9.7779
8,6.4948,4.8862,7.1522,5.3472,11.8876,9.9934
3,4.8534,7.8628,5.9442,2.4582,10.9564,7.2126
7,12.5373,10.2569,10.9592,2.4353,14.5564,6.2665
7,13.2025,7.0287,11.3635,4.4596,15.0447,7.9757
4,11.4907,5.6510,12.4927,5.3338,14.2287,8.7334
2,8.5559,2.0558,9.8733,5.9088,14.1077,9.5225
5,5.8267,7.6304,5.8487,1.9382,11.4473,7.2067
9,10.1039,10.1073,12.7895,1.5456,13.1829,5.5805
3,3.0586,7.6747,6.1565,3.0825,10.7221,7.9797
2,8.6096,2.3880,9.5446,5.7694,13.9067,9.8754
4,11.3891,8.1029,12.1940,3.1729,13.5009,7.2207
9,9.9625,9.0962,12.9467,2.8039,13.7466,6.5532
5,3.8499,3.5850,6.5229,6.4895,11.4583,10.8213
0,-1.1361,6.7342,2.6173,4.2617,8.3755,8.4608
8,4.4918,7.7563,5.4499,2.5302,10.5944,7.1555
5,5.0943,4.7658,5.6010,4.6355,10.9112,9.2631
5,4.2127,5.8214,5.4430,3.8884,10.3235,8.3031
0,0.5184,5.4313,3.2311,3.6872,8.9526,8.1455
6,0.6225,2.4400,3.6953,6.1733,9.0087,10.3419
2,13.1658,0.3912,9.3343,8.9972,11.6767,11.6378
2,10.3096,2.7786,8.1975,6.3747,12.0572,10.8231
8,7.3009,6.3135,7.9678,3.8014,12.5318,8.7480
4,11.4130,6.3016,12.5453,4.8751,14.6063,8.3125
1,13.0146,1.9735,8.5443,8.4262,12.3415,12.3870
2,7.9320,0.8546,9.1497,4.6755,13.6686,10.6419
6,1.0375,2.4870,3.6964,6.6057,8.9299,10.4559
7,12.0747,10.3771,11.0405,2.1522,14.3787,6.0143
4,9.9382,10.1548,13.2311,1.6808,13.4211,5.5584
6,0.6491,2.1859,3.4702,6.0372,8.9098,10.1460
3,3.9187,7.5308,5.5136,2.7805,10.2084,7.4467
2,7.9476,1.7071,9.1314,5.1788,13.7096,10.4836
0,-0.9039,5.6032,1.9020,3.7467,7.9246,8.0157
2,9.4283,2.1878,8.9383,6.2543,12.8643,10.7494
4,10.1662,9.9931,13.1312,1.7974,13.2030,5.8075
0,1.1909,3.5717,4.3323,5.2951,9.8379,9.4025
0,0.2473,5.8408,2.9414,3.4269,8.4406,7.9314
7,12.9641,8.5608,11.1896,3.1957,14.5624,6.8474
4,11.4397,5.6856,12.7323,5.1333,14.2801,8.5230
6,1.3021,1.6449,4.0201,6.9175,9.1697,10.9370
0,-1.7153,6.7735,2.4531,4.4867,8.1433,8.7287
0,-0.4850,5.6290,2.2142,3.4002,8.1919,7.6640
8,6.2208,7.3487,7.5309,3.2415,12.0442,8.0610
3,5.2346,7.9504,5.9681,2.3040,11.1298,7.0830
2,6.8971,1.8133,8.5511,4.5303,13.0993,11.0639
4,10.2395,9.4621,12.9249,2.1004,13.3101,6.0288
0,0.1197,5.8771,2.8524,3.3004,8.4696,7.8699
6,2.1620,2.0719,4.5553,6.6025,9.5044,10.7281
0,2.1237,4.2940,4.0396,4.7623,9.4023,9.4115
2,6.7259,1.8240,8.4840,4.3933,13.0379,11.1680
2,7.1036,3.9633,7.9491,4.5843,12.4329,10.0006
5,4.8344,7.3442,5.1335,3.2815,10.9792,7.5968
8,5.9456,4.9341,6.9847,4.6080,11.6598,9.3237
0,0.6162,5.8120,3.2722,3.2766,9.1151,7.5786
3,4.9779,8.3474,5.8529,2.1674,11.0109,6.9881
1,11.8569,1.9893,8.0071,7.6526,13.0022,12.0873
1,11.6694,2.6791,8.3609,7.4906,12.8630,12.0878
8,6.6469,4.7065,7.3405,5.2227,12.2561,9.9656
5,5.0185,4.9256,5.3544,4.3794,10.6059,9.2112
3,5.2852,7.9732,5.6380,2.4266,10.7084,7.0850
1,12.7604,2.0044,8.4737,8.2427,12.5325,12.5616
0,-1.1980,6.6776,2.5655,4.1861,8.2799,8.5122
8,7.2940,6.2163,7.7849,3.7126,12.2883,8.7364
9,12.3125,5.9083,11.8768,5.5090,14.8420,8.7759
0,-1.6688,6.9940,2.6831,4.4209,8.4268,8.7083
1,13.7660,-0.1517,9.2594,9.6830,11.1050,12.1986
3,3.3688,6.1854,6.1810,3.8618,10.7750,8.5076
7,12.1902,10.5907,10.8250,2.1756,14.4854,5.9843
1,12.9498,1.6408,8.5704,8.6650,12.0004,12.3451
7,13.6002,6.4118,11.0414,4.9173,15.4801,8.1835
0,0.6812,5.4588,3.2149,4.0638,8.6160,8.4440
0,0.3354,5.6632,3.0591,3.4458,8.7302,7.9744
3,3.1680,6.3244,5.9088,3.7538,10.5202,8.4025
7,13.1731,7.0366,11.3135,4.4548,15.0747,7.9530
6,0.8865,2.6577,3.5120,6.3672,8.9213,10.2025
3,5.0630,7.9953,6.0072,2.3339,11.0710,7.0746
2,8.2441,2.6402,9.5989,5.7477,13.9531,10.0309
3,5.1771,7.4412,6.2825,2.4604,11.2745,7.5467
1,11.0735,1.9959,8.1914,7.0544,12.6442,11.7050
6,-0.4341,2.5449,2.6714,5.9995,8.0893,9.7415
7,11.5926,7.8557,12.0789,3.6090,13.8601,7.4816
6,0.6505,1.8608,3.4610,6.6049,8.6790,10.6650
1,11.6099,2.7311,8.3808,7.3213,12.8910,11.9940
5,5.0472,4.7339,5.4876,4.4114,10.9516,8.8692
9,12.2678,5.7564,11.6305,5.0999,14.8973,8.5686
8,6.5094,6.2857,7.4528,3.8096,11.8988,8.8821
3,3.6787,6.1969,6.5632,4.1350,11.1007,8.7126
1,11.5346,2.0025,7.8195,7.3478,13.1946,11.9099
4,10.9901,7.0402,12.8447,4.4191,14.2086,7.9894
0,-1.0155,5.5248,1.8101,3.9076,7.7617,8.3447
6,0.7800,2.2146,3.9370,5.9662,9.3572,9.9316
8,6.4922,4.9811,7.2195,5.1720,11.9125,9.7205
3,6.8743,6.7729,7.6351,3.5214,11.9742,8.1268
8,5.7173,5.0781,7.1838,4.3530,11.5496,9.1217
7,11.8065,10.4455,11.0355,2.0604,14.3460,5.8891
0,0.3483,5.8469,2.9465,3.4643,8.4768,8.0030
7,12.5377,10.2826,10.9493,2.4478,14.5958,6.1802
7,12.1009,10.3472,11.0151,2.3438,14.3856,6.1279
6,-0.1688,2.7458,2.8115,6.0086,8.2662,9.8553
0,0.8056,5.1334,3.3609,4.1035,8.9171,8.5485
6,1.4019,2.0675,3.9859,6.8413,9.2070,10.8119
2,8.9387,2.4652,9.4168,5.7133,13.7827,9.7105
7,11.7934,10.5493,11.0799,2.0727,14.3823,5.9751
0,1.6656,4.5704,3.8141,4.4936,9.2301,9.0567
5,4.7141,4.9140,5.3257,4.5880,10.7297,9.0589
8,7.3409,4.4562,7.5008,5.2136,12.5533,9.6852
7,12.7622,8.9285,11.3934,2.8464,14.0263,6.6686
7,12.6094,10.2050,10.9762,2.6392,14.6912,6.4251
1,13.6150,0.1232,9.1304,9.3775,11.2840,12.2535
7,11.4888,10.4225,11.5122,1.8869,13.8119,5.8439
9,11.5734,8.5609,12.2520,2.7586,13.2889,6.8468
1,13.9121,0.0710,9.4277,9.7046,11.0431,12.1048
9,11.4312,8.8893,12.3882,2.4515,13.1326,6.5636
5,3.7744,4.7536,5.6710,5.8005,10.7729,10.3468
9,12.1290,5.5368,11.9946,4.8424,14.2556,8.3267
6,-0.1393,2.8012,2.7320,5.9877,8.1772,9.8041
5,3.5774,3.8417,5.6919,6.0416,10.1425,10.1471
6,2.9171,3.3066,5.3808,6.2227,10.3884,10.5293
9,12.4385,6.4361,11.9302,4.4260,14.5901,7.8237
6,0.9353,1.7421,3.6946,6.7404,8.9629,10.7592
9,12.4131,5.5576,11.5901,5.3871,14.9935,8.8248
7,12.3758,10.4711,10.8299,2.4268,14.6762,6.2792
8,5.6980,8.0484,5.5779,2.3000,10.9280,6.8647
0,-0.2921,5.5347,2.4317,3.4454,8.2491,7.8681
6,2.2740,2.3693,4.8406,6.3600,9.9129,10.5611
4,10.4537,8.9495,12.7580,2.4316,12.8765,6.7740
7,13.4042,6.5610,11.0913,4.9720,15.3236,8.2063
3,6.1877,7.0759,10.4188,3.3351,12.5616,7.3513
9,11.3978,9.1251,12.2046,2.4635,13.1395,6.7122
1,12.8316,7.3083,11.2823,4.1191,13.4964,8.5688
4,10.0162,10.1050,13.2713,2.0291,13.8008,6.1838
9,11.1461,9.4118,12.2998,1.9649,12.7558,6.2169
1,12.7405,2.0324,8.3824,8.0920,12.3577,12.2748
2,7.7454,1.5582,9.0214,4.9889,13.4634,10.4836
2,10.3177,2.2812,8.8405,6.5986,12.2006,11.1236
3,3.2320,6.2698,6.0946,3.6999,10.6600,8.5935
5,4.8955,4.4917,5.6068,4.6713,10.9043,9.1992
5,4.3062,5.8753,5.3987,3.7663,10.3885,8.3523
0,1.4270,4.6265,3.5904,4.5324,8.9907,8.9346
9,11.6021,8.6921,12.1110,2.7107,13.3681,6.9264
3,3.8123,6.1242,6.5048,4.0396,11.1000,8.6411
7,13.7865,5.7610,10.9621,5.2012,15.5390,8.5856
9,9.9654,9.0990,12.8545,2.7822,13.6132,6.6927
4,7.7149,4.4833,7.6936,5.0415,12.6020,9.3889
4,11.3491,6.2704,12.5982,4.9274,14.6443,8.3432
2,8.3850,2.6335,9.6854,5.7322,13.9723,9.8107
9,11.6299,8.8212,12.1906,2.5892,13.2458,6.8453
8,6.8182,4.8889,7.0717,4.7088,12.0514,9.4325
6,-0.5819,2.6406,2.3478,5.6165,7.8419,9.1789
5,4.7154,4.2023,5.6931,4.9798,10.6648,9.6070
4,10.9253,6.8577,12.9468,4.6144,14.2840,8.0914
2,7.9046,1.5283,9.1073,5.0912,13.6308,10.2763
8,7.0947,6.5341,7.9810,3.9108,12.5493,8.8147
2,7.1305,3.9936,7.9659,4.4693,12.7476,9.2556
1,13.7572,0.0460,9.2808,9.5215,11.1397,12.1292
1,13.2137,0.2632,9.0144,9.2411,11.5813,12.2843
3,5.1381,8.0928,6.0436,2.2426,11.0716,7.1399
9,11.9391,8.0471,11.8211,3.3889,13.6835,7.0548
2,7.9675,3.7510,9.7117,5.8116,13.5579,9.7969
3,3.1315,6.7145,6.1285,3.5289,10.5433,8.2121
8,7.0259,4.9498,6.9398,4.6409,11.8465,9.3664
8,6.3343,6.9011,7.3967,3.2295,11.8434,8.3824
3,5.1456,8.2235,6.0972,2.2481,11.2007,7.0280
3,4.7625,7.6487,5.7033,2.5926,10.8522,7.3456
4,9.9519,10.1376,13.1941,1.7854,13.5495,5.5637
6,1.4646,1.7423,3.9096,6.7219,9.1428,10.8832
3,3.4358,6.1955,6.3027,3.9574,10.8225,8.6979
2,7.0117,1.7906,8.6837,4.6382,13.1847,10.8153
7,12.5560,10.2482,10.9471,2.4333,14.5740,6.1957
7,13.8926,6.3554,10.9330,4.5352,15.3587,7.8054
7,13.6918,6.7079,11.0494,4.3599,15.3423,7.6992
4,9.9976,10.0397,13.1580,1.7392,13.3276,5.6721
7,12.5262,10.3257,10.9240,2.4968,14.6646,6.2631
4,10.6712,8.9032,12.7516,2.2907,13.1147,6.3068
9,12.4330,5.5086,11.6312,5.2162,15.0276,8.4253
3,4.8880,7.6982,5.7312,2.4619,10.8645,7.1748
8,4.9171,8.3701,5.7466,2.0594,11.0555,6.9226
3,5.5892,6.8465,6.9030,3.1844,11.4784,8.1476
5,2.1856,4.1393,4.2712,4.7565,9.4831,9.5222
6,2.8853,3.2756,5.3170,6.2076,10.2276,10.5776
2,7.0649,3.9255,8.0199,4.4750,12.7141,9.7643
0,10.1871,1.9169,2.0728,4.6946,7.9048,8.9917
8,6.9107,5.3635,7.4896,4.5930,12.2016,9.3410
4,10.9443,8.2620,12.4389,2.9050,13.2953,7.0679
2,4.2868,5.3810,6.0272,4.9547,10.1608,8.8585
2,9.4431,2.1754,8.9121,6.2791,13.0042,10.6954
5,4.2069,8.0448,4.9786,3.0834,10.1907,7.3858
7,12.6172,4.8896,8.7748,7.4398,13.0078,11.9690
6,0.8135,2.6309,3.3236,6.3771,8.8162,10.2841
1,11.3569,2.6027,8.1658,7.1106,12.8238,11.8893
5,3.5864,6.7671,5.5651,3.4835,10.2759,8.1725
2,9.0288,2.5055,9.5970,5.7817,13.9990,9.5822
8,7.3706,4.2498,7.5063,5.3692,12.3925,10.0570
1,12.1474,2.3615,8.1809,7.5344,13.0767,12.0697
0,1.5800,4.5382,3.7067,4.4513,9.0346,8.9215
1,11.9244,2.7154,8.3200,7.7521,12.7201,12.1980
0,-1.2286,5.9587,2.0230,3.8667,7.9524,8.0880
9,11.8927,6.4991,12.2536,4.6932,14.6001,7.9799
3,5.9946,6.5264,7.4643,3.8998,11.7882,8.5970
2,12.8212,8.7476,10.9637,3.0575,14.2163,6.5131
8,10.8031,9.9332,12.0216,1.7592,12.2686,6.6820
6,2.1164,2.2957,4.8604,6.2289,10.0096,10.6769
6,1.3096,1.6762,4.0452,6.8825,9.3050,11.0329
8,6.9628,4.4839,7.2248,4.8835,12.2062,9.5920
1,12.1454,2.8005,8.4335,7.6892,12.7323,12.1504
3,4.0550,7.4927,5.7513,2.8353,10.3751,7.3085
1,12.8904,1.6655,8.4158,8.5093,12.2532,12.4235
1,12.7744,1.9710,8.3579,8.2404,12.4253,12.3041
0,1.0692,3.7621,4.1095,5.2170,9.5336,9.2155
8,7.1318,6.4146,7.8644,3.9775,12.4119,8.8532
1,11.2479,2.0060,7.9603,7.3084,13.0726,11.8769
4,11.1740,6.3077,12.7367,4.7396,14.4756,8.0869
1,13.0390,1.4211,8.6034,8.7477,12.0986,12.5095
6,-0.4597,2.5951,2.5555,5.9004,8.0172,9.7300
3,4.9649,7.0680,6.3908,2.7948,11.1571,7.7433
7,13.1592,7.1691,11.2502,4.3623,15.0550,7.6344
9,11.4506,7.5067,12.6944,3.3622,13.7636,6.8333
1,13.8958,0.0863,9.4800,9.6288,11.0737,12.1189
3,3.4861,7.3162,5.9867,2.9464,10.5926,7.6919
6,-0.4741,2.5613,2.5511,5.9322,8.0879,9.7279
8,6.4144,6.7720,7.5114,3.2684,11.8598,8.2573
2,10.8784,1.9279,8.6778,6.7355,12.2551,11.4657
7,13.7260,6.6513,10.9587,4.2253,15.1953,7.5269
9,12.2497,7.3155,11.8118,3.9546,14.1822,7.4598
0,2.5549,3.5813,3.0376,4.5474,8.8410,9.0630
3,3.1557,7.5706,6.2767,3.3152,10.8523,8.2719
3,3.2020,6.2647,6.0854,3.7067,10.5650,8.4594
0,-1.6876,6.7382,2.4429,4.4135,8.1502,8.7431
0,1.3164,4.7017,3.5154,4.3977,8.9998,8.8203
0,-0.9423,6.3066,2.3755,3.9024,8.0735,8.2100
0,1.7091,4.5231,3.8364,4.4679,9.2040,9.0769
4,11.1872,6.1326,12.6603,5.0114,14.6320,8.4465
3,4.2283,6.9029,5.8888,3.0682,10.9021,7.7051
6,0.4599,1.9566,3.5221,6.5034,8.7273,10.5540
9,10.5969,8.4064,12.5711,2.8200,13.1111,6.8186
6,1.5812,2.3386,4.2125,6.6012,9.4198,10.5008
6,2.2002,2.1827,4.5262,6.5604,9.5995,10.6260
7,13.2834,5.8453,11.3198,5.3978,15.3661,8.7506
0,1.4034,4.5843,3.6339,4.4644,9.0416,8.8962
5,4.0324,5.1318,6.0354,5.1642,10.8670,9.9441
4,10.0664,10.0535,12.9258,1.5734,13.2728,5.6476
9,11.9606,8.7238,11.9640,2.6905,13.4210,6.8514
3,-0.4717,6.1905,5.7468,3.3904,9.4946,8.2064
1,12.8221,1.7468,8.3975,8.2436,12.4372,12.3440
3,3.8991,6.1365,6.6457,4.1550,11.3470,8.7498
8,11.4944,8.5921,12.1373,2.5742,12.7913,6.7588
5,4.7380,4.7938,5.4165,4.8587,10.6769,9.3140
5,4.6706,4.8296,5.5237,4.8109,10.9626,9.3775
9,11.2163,9.0560,12.3686,2.2672,13.0444,6.4952
2,7.1091,3.7036,8.3119,4.4936,12.9588,10.3437
7,13.8400,6.2580,11.0244,4.6864,15.4696,8.0491
4,10.3040,9.2811,12.7724,2.3720,13.2183,6.4833
7,11.7395,10.5845,11.1047,2.0183,14.2856,5.8760
8,6.9634,4.6444,7.4685,5.1869,12.4967,9.7213
6,-1.1778,5.4370,1.8135,4.2844,7.6980,8.9327
5,3.4330,3.5712,5.7039,5.8781,10.5404,10.1421
6,2.0943,1.9548,4.4570,6.5596,9.5263,10.7507
2,7.8728,1.4599,9.0876,5.1200,13.6795,10.5048
1,13.9222,0.0828,9.5288,9.6424,11.1725,12.0919
9,13.1270,6.2993,11.8813,4.7558,14.9544,8.1542
7,13.5997,6.9449,11.0363,4.1362,15.0106,7.2949
0,-1.4932,6.3849,2.1665,4.1572,7.9480,8.3169
8,6.8342,6.1360,8.7126,7.6224,12.5499,12.0794
0,-1.1731,6.6886,2.5696,4.1452,8.3826,8.5172
0,-0.5574,5.6640,2.1043,3.4558,8.1155,7.7393
9,12.0621,6.0486,12.0171,5.2316,14.5402,8.4308
7,12.4048,4.9221,8.8248,7.6629,12.7644,12.0579
3,4.6928,7.5753,5.7059,2.6551,10.6615,7.4052
5,4.1514,8.2895,5.1028,2.6032,10.0693,7.1547
5,3.6486,3.8742,5.9445,6.1333,10.6091,10.1536
8,7.3009,4.4602,7.4126,5.2166,12.5142,9.7140
1,11.2007,2.5874,8.2319,7.0293,12.7859,11.7187
4,9.6963,2.4322,8.3892,6.1994,12.0532,10.6121
1,11.2345,1.9563,8.0672,7.2830,12.9755,11.9027
4,10.7161,8.8392,12.3331,2.6199,13.0078,6.9576
3,3.0952,7.6116,6.0716,2.9995,10.5844,7.7505
4,11.4835,5.5122,12.6012,5.3706,14.0216,8.5918
2,8.5677,2.0340,9.4181,5.8139,13.7908,10.0295
1,11.1902,2.3848,8.0137,7.0632,12.7107,11.5893
4,11.8922,7.5977,11.8333,3.5449,13.5283,7.6127
1,11.6530,1.9560,7.8951,7.4906,13.0711,11.9176
6,0.5356,1.8456,3.5767,6.6223,8.8351,10.6783
3,10.8793,9.5620,12.1247,1.7634,12.5241,6.4666
6,2.2028,2.1124,4.6539,6.5986,9.5681,10.7175
5,4.3212,7.8773,5.2358,3.5562,10.1711,7.9259
5,5.4064,4.9510,5.8647,4.6749,10.8597,9.4538
4,11.6613,7.3774,12.3108,3.6233,13.8042,7.6090
0,-1.0717,6.4589,2.3925,4.0286,8.1217,8.3448
5,4.2633,7.4395,5.3757,3.2521,10.0978,7.6528
0,1.4540,4.5880,3.4869,4.4505,8.9151,8.8067
0,-1.1422,6.6336,2.6269,4.1003,8.2809,8.3419
0,0.6807,5.2061,3.3232,4.0249,8.8102,8.4785
9,11.2474,7.0793,12.6427,4.0661,14.3466,7.4627
4,9.9422,9.9884,13.2241,1.7219,13.4311,5.7039
3,4.0471,7.4585,6.0760,2.8252,10.4449,7.5911
9,12.2628,5.6129,11.7584,5.3301,14.8974,8.7077
7,12.4053,8.4112,10.9099,3.4360,13.9206,6.9861
1,14.1319,0.0911,9.6254,9.7882,11.0052,11.9619
2,10.3760,2.2792,8.8950,6.7000,11.9530,11.4234
0,-1.2900,6.3983,2.3599,4.1327,8.0947,8.2773
9,11.9470,6.5335,12.2383,4.5516,14.5200,7.9345
4,11.4880,5.5347,12.5435,5.2478,14.1252,8.5176
4,12.3443,7.3125,11.8092,4.1320,13.9193,7.9766
0,0.3392,5.6718,3.0741,3.4308,8.8430,7.9451
4,10.2414,9.7316,12.9943,1.9802,13.2231,6.0591
1,11.6635,2.0040,7.9204,7.4660,13.1709,11.9858
1,11.8032,2.5092,8.2343,7.3450,12.9952,12.0017
7,13.4129,5.8872,11.0327,5.3124,15.4889,8.6201
3,7.0604,6.7471,7.9313,3.6844,12.3608,8.2620
1,13.3271,0.2319,9.1255,9.2965,11.4232,12.0224
5,5.0994,4.8290,5.6265,4.5848,11.0926,9.1324
2,8.2307,2.7610,9.6693,5.7021,13.9880,10.1068
7,13.6663,5.6774,11.0033,5.3154,15.4350,8.7239
3,11.3113,9.2300,12.0984,2.2920,12.8283,6.8700
9,11.7382,7.4076,12.2331,3.7593,14.0065,7.3041
6,-0.3822,2.6375,2.5071,5.9693,8.1258,9.7698
0,-1.4695,6.4187,2.1539,4.2106,7.9686,8.4049
8,6.5057,6.2831,7.4016,3.7441,11.7572,8.7738
1,11.8456,2.0121,7.8833,7.4401,13.1861,11.9771
6,1.3793,2.0332,4.2544,6.2826,9.5250,10.5354
7,11.8731,10.4595,11.0579,2.0765,14.3925,5.9167
2,8.6408,2.0141,9.3951,5.8880,13.7580,9.8930
9,12.4452,7.2958,11.7266,3.9817,13.8435,7.6166
5,10.5323,2.6771,7.2966,6.8626,12.1204,11.5767
8,6.9409,5.1905,7.3337,4.8675,12.2664,9.4936
8,7.1277,6.5210,7.9703,3.8259,12.3263,8.6853
6,0.4658,2.1265,3.2449,6.3977,8.6663,10.3513
7,12.8213,5.6667,11.4198,5.3484,15.2901,8.7202
5,4.3302,4.3719,5.3182,4.8090,10.4703,9.1933
0,1.4390,4.7502,3.6126,4.3557,9.2463,8.8476
6,2.6673,3.3423,5.2912,6.1501,10.2091,10.3720
2,14.2120,0.2006,9.6552,9.8014,10.9938,11.9548
9,11.1793,9.2242,12.3394,2.1634,12.9397,6.4660
2,6.7333,1.6828,8.6003,4.4446,13.2540,11.0654
6,1.6955,2.1385,4.1789,6.4357,9.3705,10.5177
5,4.4344,7.8999,5.0854,3.0228,10.4851,7.4325
4,10.6022,6.9048,13.1525,3.3849,14.0087,6.4998
3,13.2683,5.5042,10.7436,5.6647,14.9217,9.1395
7,12.1764,10.4894,10.8836,2.2300,14.5575,6.1154
5,4.2050,4.6956,5.9756,5.3813,11.0749,10.3582
5,4.1614,5.7782,5.3988,4.0662,10.2287,8.8493
9,11.9427,6.4238,12.2821,4.7857,14.8598,8.1538
9,11.7816,6.4626,12.0912,4.4077,14.3130,8.0778
1,13.7883,-0.1001,9.2884,9.6250,11.0896,12.2319
4,11.8013,7.9256,11.9033,3.0904,13.2837,7.3478
9,9.9860,9.0973,12.9136,2.6189,13.7965,6.4267
8,7.3873,6.1008,7.9735,3.4908,12.4446,8.5980
2,7.9228,1.2991,9.1467,5.0970,13.7542,10.5427
8,7.3808,4.3962,7.4975,5.2405,12.6145,9.6455
4,10.2533,9.7803,12.8839,1.8269,13.2703,5.7622
6,0.5001,2.3725,3.6204,6.2184,8.9378,10.5374
0,1.4171,4.5487,3.4455,4.4168,8.9527,8.7984
5,5.3802,5.1674,5.9042,4.6157,11.1812,9.0672
7,13.6225,6.5968,11.0476,4.6057,15.4904,7.9817
5,4.4972,5.1006,6.0881,5.4339,11.1320,11.1300
4,11.7894,7.3476,12.3318,3.6815,13.6714,7.8647
0,1.9506,4.3941,3.9552,4.5793,9.3762,9.3337
5,4.2816,5.8210,5.4668,3.9116,10.4540,8.5365
8,7.7647,4.4864,7.7344,5.0545,12.5467,9.3917
6,0.6056,2.2428,3.4633,6.0481,8.7997,10.1533
4,9.9381,10.1190,13.2475,1.7030,13.4833,5.5443
8,8.0081,4.1488,10.5873,5.6706,13.3109,9.4850
4,-0.1317,2.9049,13.2282,3.3854,8.1993,9.7138
5,4.2020,5.1618,5.9972,5.1475,10.8514,9.9140
3,3.0785,7.2656,5.9202,3.2223,10.3354,7.8600
3,4.2916,7.5196,5.5517,2.7871,10.3410,7.3364
3,3.8858,5.8971,6.1056,4.1931,10.8678,8.8700
4,10.9857,7.0127,12.8580,3.9647,14.1141,7.4707
5,4.7317,4.1937,5.7892,4.9870,11.0375,9.4677
7,12.6272,10.1603,11.0618,2.5197,14.3988,6.0781
2,8.4769,2.4084,9.5361,5.7344,13.9275,10.1173
9,10.4635,9.3560,12.7718,2.0450,13.2913,6.0480
2,10.2496,1.9503,8.7875,6.5269,12.5019,10.9708
5,4.3386,8.0244,5.1679,2.8517,10.5219,7.2678
2,7.6072,1.5180,9.0514,4.6931,13.0906,10.4373
6,-0.4847,2.5745,2.4851,5.8800,7.9814,9.6312
9,9.8716,9.6085,12.9443,2.0225,13.5608,5.8618
6,1.1389,2.3158,3.9982,6.1267,9.1548,10.3024
9,11.1854,9.2654,12.2934,2.1854,12.9759,6.5139
3,4.7818,8.2013,5.5112,2.4697,10.6598,7.0984
0,0.2864,5.7459,3.0583,3.3627,8.7135,7.8564
5,4.1234,8.3959,5.2079,2.4963,10.4954,6.8617
9,12.3444,5.9941,12.0453,5.1777,14.8557,8.5196
5,5.1159,4.6187,5.5844,4.7892,11.0820,9.1925
2,8.0872,0.8736,9.5716,4.6442,14.0654,6.0086
5,4.8192,4.1845,5.9801,4.8668,11.0497,9.4185
5,4.3502,4.2751,5.2457,4.7028,10.4621,9.1852
2,10.3016,2.3789,8.9436,6.5218,12.2405,10.9807
6,1.2969,3.4888,4.5973,5.3515,10.2004,9.6474
5,5.8207,7.6382,5.7885,1.9597,11.4455,7.1552
5,4.4335,6.0780,5.1155,3.6297,10.3066,8.0511
8,6.7382,6.1850,7.6600,3.8994,12.1849,8.6600
0,2.6057,4.1703,4.2326,4.6777,9.7284,9.3659
2,7.9157,3.8701,9.7901,5.9034,13.4285,9.7445
8,2.8735,6.8459,4.7677,3.0133,9.4160,7.7308
2,11.0738,2.5164,7.7488,7.0697,13.0756,11.5691
7,12.7582,7.5560,11.2972,4.1043,14.8268,7.3750
1,12.0720,2.7857,8.4387,7.9228,12.6991,12.2817
5,10.7438,2.6779,7.4845,6.8753,12.5478,11.5937
3,4.0577,6.3428,6.6189,3.9058,11.1873,8.5816
3,6.0679,6.6676,7.2535,3.4580,11.8443,8.2596
1,12.0696,2.4465,8.2248,7.6165,12.9367,12.2079
4,11.2263,7.2408,12.5204,3.8023,13.8997,7.8591
8,7.2920,6.2531,7.8159,3.6358,12.3109,8.5867
5,4.2283,4.9059,6.0417,5.3587,11.0476,10.2471
8,6.2243,6.7717,7.2186,3.5436,11.6472,8.6671
5,4.4963,8.0373,5.2387,2.5576,10.4847,7.2279
4,10.4995,8.5460,12.7222,2.7481,12.9137,6.9876
6,-0.1816,2.8507,2.7921,5.9010,8.1967,9.7359
9,11.5442,10.4166,11.4528,1.8789,13.9875,5.8480
7,12.0775,10.5536,10.7169,2.0679,14.3223,5.8304
7,11.8058,10.5568,11.0988,2.0219,14.2498,5.8776
4,11.1996,6.0174,10.6585,4.7890,13.5751,8.9945
7,13.7429,5.9709,11.0700,5.0476,15.5584,8.4251
8,7.3991,6.1322,7.8928,3.3886,12.3636,8.4791
7,13.3211,5.5904,11.1534,5.5468,15.4174,8.7621
6,2.2025,2.0488,4.6285,6.6206,9.4975,10.8256
8,3.8177,5.9608,6.4109,4.1366,10.9200,8.7773
6,1.4366,2.2652,3.9256,6.7793,9.1752,10.7380
6,1.4521,1.7204,4.0263,6.9028,9.1354,10.9327
9,12.3192,5.8639,11.6761,5.2500,15.0941,8.5602
9,10.9544,10.0947,11.6984,1.7567,12.2124,6.7149
0,2.6696,4.0036,4.1613,4.6223,9.4947,9.3756
0,-1.6473,6.2343,2.1174,4.2135,7.8786,8.4950
1,12.2241,2.3489,8.3003,7.8514,12.9350,12.2268
3,3.1282,6.2920,5.8159,3.7001,10.6193,8.4014
1,14.1619,0.0052,9.5219,9.7905,10.9289,12.0601
3,3.2908,6.0114,5.8773,3.8468,10.6218,8.3929
8,7.2142,4.3920,7.4381,5.3000,12.3725,9.9280
9,10.9901,9.3363,12.4732,1.9601,13.0928,6.3009
8,6.2537,6.9002,7.3095,3.3124,11.4489,8.2084
7,11.8795,10.5321,11.0630,2.0404,14.3672,5.9350
8,4.1805,5.1509,6.2854,5.2214,11.2685,10.1626
5,3.6839,3.9298,5.9885,6.0982,10.5707,10.1179
5,3.6337,4.2641,4.9627,4.6878,10.0992,9.2611
6,0.9230,3.1087,4.0438,5.5503,9.2286,9.7878
7,13.2647,5.9557,11.2498,5.2021,15.2878,8.4503
0,-0.9877,5.6209,1.8883,3.6345,7.9344,7.9022
3,3.8025,5.1122,5.7822,5.4731,10.7529,9.9682
5,4.6623,7.7484,5.3602,2.6358,10.8070,7.2157
5,4.8793,7.2899,5.1378,3.3460,11.0808,7.7083
2,7.2874,1.6063,9.2431,4.7562,13.8289,10.4800
4,10.9973,7.0448,12.8232,4.1898,14.0551,7.9207
1,13.2589,0.3318,8.9651,9.1826,11.5119,12.3240
4,10.9721,10.1843,12.1893,1.6736,13.0597,5.8671
1,14.1547,0.2542,9.5681,9.6666,11.0649,11.9395
3,3.7314,6.1691,6.6686,4.0941,11.4213,8.7546
2,14.1272,0.1803,9.6462,9.8492,11.0258,12.1105
2,8.6251,2.3016,9.3942,5.8102,13.8152,10.1453
1,11.6491,2.7535,8.3846,7.4269,12.6796,12.0135
6,2.2864,2.3967,4.7951,6.2298,9.9545,10.4150
9,12.6058,6.6101,12.0930,4.4577,14.6160,7.9155
0,0.2685,5.6976,3.0835,3.3645,8.6485,7.9857
3,3.4433,7.2921,6.1369,2.8569,10.9674,7.5801
0,-1.6940,6.1807,2.0013,4.3719,7.8141,8.6254
0,-0.1633,5.6202,2.5287,3.4374,8.4851,7.6849
3,3.7653,5.2297,5.8600,5.3981,10.8035,9.7633
2,9.3451,2.8506,9.4652,6.1651,13.6950,9.5829
7,11.0190,1.9505,8.4382,6.8475,12.5007,11.5206
7,12.4583,10.4157,10.8932,2.5721,14.6872,6.4605
1,10.9913,2.5966,7.7030,7.0524,12.9623,11.4632
4,11.2717,6.1766,12.5685,5.0956,14.6110,8.5173
1,14.1437,-0.0498,9.4901,9.7698,10.9432,12.0445
9,11.3909,8.9585,12.3843,2.4720,13.1744,6.6795
5,3.6609,4.1827,5.0941,4.9749,10.1391,9.5001
6,0.8344,2.2704,3.8917,6.0793,9.1387,10.2468
1,13.0389,1.3374,8.6473,8.8604,11.9122,12.4398
5,4.3769,5.8494,5.3373,3.9633,10.3544,8.6758
0,-1.6706,6.2356,2.0351,4.3270,7.7717,8.5694
2,6.9602,1.7083,8.8127,4.5264,13.3361,10.9105
4,10.6486,6.8629,13.1535,3.6419,14.2865,7.0028
0,-0.6260,5.9781,2.2233,3.6072,8.0252,7.9233
5,4.8547,7.3595,5.1835,3.1383,10.9989,7.4571
7,13.6764,6.4783,11.0769,4.7203,15.3632,7.8642
0,-0.3395,5.8909,2.4256,3.4842,8.1993,8.0006
6,0.5302,2.5316,3.5911,6.0436,8.7767,10.3605
9,12.2825,5.6166,11.7756,4.9343,14.9378,8.3708
3,3.8625,7.4753,5.5700,2.8140,10.2888,7.5297
3,4.9221,7.0282,6.3480,2.9545,11.0585,7.7830
1,12.7212,2.0582,8.3234,8.2556,12.2230,12.0879
1,11.9123,2.6444,8.3477,7.5469,12.8870,12.1779
2,13.3420,5.8901,11.1372,5.2742,15.2322,8.9185
8,5.9784,7.9869,11.8645,2.3475,12.3913,6.8799
3,3.4677,7.3201,6.0079,3.0126,10.5249,7.7995
9,12.5961,6.6056,12.2439,4.4970,14.6245,7.7286
4,10.9244,8.2570,12.5789,3.0673,13.5463,7.0863
6,2.2388,2.1591,4.6171,6.5382,9.6609,10.5957
9,11.7348,7.3628,12.2622,3.8369,13.8717,7.7857
6,1.4288,1.6711,4.0571,6.9206,9.2241,10.9808
3,3.2055,6.4840,5.9977,3.6328,10.5369,8.3481
4,12.6606,2.1122,8.3610,8.2050,12.4097,12.3568
5,4.9258,4.5378,5.4716,4.7501,10.9085,9.2848
8,5.5602,7.4466,6.6231,2.6610,11.3352,7.6326
2,8.2517,2.6429,9.6506,5.7001,14.0529,9.9233
5,4.7478,4.7547,5.4829,4.8509,10.5994,9.3342
3,3.0057,6.8431,5.3011,3.1786,9.6611,7.8415
6,1.6813,2.2090,4.2854,6.5951,9.5061,10.3838
5,4.0974,8.4298,5.1546,2.4377,10.5193,6.9042
3,3.1398,7.5605,5.9439,2.9793,10.3501,7.6736
8,6.8325,6.1066,7.5687,3.7712,12.2062,8.6958
8,6.5730,5.9567,7.4814,4.1179,12.0984,9.1181
4,10.0931,10.1228,13.0545,1.6336,13.5547,5.7636
8,7.0071,4.4264,6.9120,5.0201,11.9686,9.5894
7,13.1875,5.4211,11.2638,5.6278,15.4259,8.9285
4,12.0680,5.4247,11.9262,4.9548,13.9131,8.5029
5,4.2256,8.0323,5.1220,2.9411,10.2153,7.4155
3,5.1555,8.1919,6.0193,2.2271,11.1889,7.0770
5,5.7472,7.6939,5.8007,1.9177,11.5139,7.1400
4,11.6343,7.1185,12.5287,3.8551,13.7984,8.2877
