idx,label,parity,top1_idx,top1_label,top1_softmax,confidence
0,1,odd,4,8,0.56257486,0.6072333
1,9,odd,2,4,0.9945609,0.9155373
2,2,even,1,2,0.99999976,0.9860118
3,8,even,4,8,0.99189925,0.9034705
4,9,odd,2,4,0.99186826,0.83876014
5,0,even,0,0,0.999134,0.97653633
6,0,even,0,0,0.9999856,0.67259437
7,1,odd,4,8,0.74875367,0.8918656
8,3,odd,1,2,0.98897576,0.0056471704
9,0,even,0,0,0.9999043,0.98778313
10,0,even,0,0,0.9998235,0.98760104
11,8,even,4,8,0.9801664,0.49157342
12,4,even,2,4,0.99960405,0.86503434
13,1,odd,4,8,0.920464,0.87747365
14,2,even,4,8,0.70319223,0.16431062
15,3,odd,4,8,0.9879923,0.8487185
16,6,even,3,6,0.99999464,0.99900323
17,8,even,4,8,0.99949384,0.69481885
18,7,odd,1,2,0.9817078,0.77139384
19,6,even,3,6,0.9995024,0.7110239
20,9,odd,2,4,0.938673,0.0608768
21,8,even,4,8,0.999977,0.88764113
22,8,even,4,8,0.99833834,0.80273306
23,1,odd,4,8,0.97450036,0.7313168
24,0,even,0,0,0.99982053,0.90883887
25,7,odd,2,4,0.7366601,0.6821074
26,7,odd,4,8,0.6072691,0.035970166
27,6,even,3,6,0.9998455,0.9694998
28,1,odd,4,8,0.9780149,0.86887676
29,4,even,2,4,0.99971944,0.7893169
30,3,odd,4,8,0.9796504,0.43793166
31,3,odd,2,4,0.977261,0.11256304
32,9,odd,2,4,0.8954804,0.035927944
33,5,odd,4,8,0.99998283,0.92862207
34,4,even,2,4,0.99717665,0.98046553
35,7,odd,0,0,0.98995167,0.9430659
36,1,odd,4,8,0.87188303,0.02750827
37,7,odd,4,8,0.5787085,0.094896086
38,2,even,1,2,0.9998173,0.98353136
39,3,odd,4,8,0.8231797,0.023851443
40,7,odd,2,4,0.9465393,0.34695485
41,5,odd,4,8,0.999835,0.01567145
42,5,odd,4,8,0.9951149,0.82780087
43,3,odd,1,2,0.91871536,0.026911343
44,2,even,1,2,0.9992699,0.9285036
45,8,even,4,8,0.99999,0.6880692
46,6,even,1,2,0.75217205,0.022194542
47,5,odd,4,8,0.47669685,0.030733893
48,2,even,1,2,0.99841464,0.96254164
49,2,even,1,2,0.9999902,0.8333101
50,1,odd,4,8,0.9499193,0.9155922
51,8,even,4,8,0.99401516,0.9547589
52,5,odd,4,8,0.92595315,0.6268712
53,6,even,3,6,0.9999119,0.7935145
54,2,even,1,2,0.9999603,0.73459643
55,6,even,3,6,0.9999237,0.99531305
56,5,odd,4,8,0.37974626,0.6264513
57,9,odd,2,4,0.99326754,0.72878295
58,9,odd,4,8,0.65328854,0.97410923
59,8,even,4,8,0.99902105,0.9931197
60,7,odd,4,8,0.43218446,0.08822163
61,4,even,2,4,0.99875057,0.97378707
62,6,even,3,6,0.99999917,0.8539004
63,0,even,0,0,0.9999218,0.9870488
64,9,odd,2,4,0.90447384,0.75785923
65,3,odd,4,8,0.51992095,0.22139047
66,8,even,4,8,0.9999571,0.95475835
67,8,even,4,8,0.9981925,0.4208339
68,4,even,2,4,0.9999685,0.99799407
69,4,even,2,4,0.91218704,0.95960087
70,6,even,3,6,0.9999982,0.79558456
71,5,odd,4,8,0.77933466,0.40055287
72,3,odd,0,0,0.48410252,0.5800103
73,0,even,0,0,0.99998665,0.9197418
74,4,even,2,4,0.9999279,0.99710125
75,4,even,2,4,0.9997913,0.9336288
76,4,even,2,4,0.9937215,0.8796365
77,6,even,3,6,0.99999297,0.9238834
78,0,even,0,0,0.9953485,0.9442812
79,3,odd,1,2,0.99981517,0.14838457
80,1,odd,4,8,0.81085336,0.8681041
81,9,odd,2,4,0.99355304,0.79842746
82,5,odd,4,8,0.9994591,0.9933751
83,4,even,2,4,0.9987937,0.6847633
84,4,even,2,4,0.99986434,0.9582208
85,8,even,4,8,0.9997254,0.010393296
86,0,even,0,0,0.99998116,0.6412997
87,4,even,2,4,0.9999423,0.98644143
88,5,odd,4,8,0.96383715,0.5423082
89,2,even,1,2,0.9999707,0.9424267
90,7,odd,2,4,0.7982191,0.26696053
91,7,odd,1,2,0.5665292,0.34223282
92,7,odd,0,0,0.96311206,0.30980676
93,9,odd,2,4,0.9997744,0.8370061
94,5,odd,4,8,0.9944959,0.9980045
95,2,even,1,2,0.99950767,0.532421
96,7,odd,0,0,0.9319199,0.70161855
97,9,odd,2,4,0.99695563,0.87872833
98,1,odd,4,8,0.64551914,0.6199631
99,2,even,1,2,0.9999119,0.6845981
100,5,odd,4,8,0.9874843,0.99422485
101,0,even,0,0,0.99540114,0.1239693
102,2,even,1,2,0.9998728,0.95831066
103,4,even,2,4,0.9996112,0.9672751
104,7,odd,4,8,0.9522985,0.13311765
105,3,odd,0,0,0.6621676,0.021104796
106,4,even,2,4,0.998847,0.9838148
107,3,odd,0,0,0.9069608,0.31281215
108,5,odd,4,8,0.9996916,0.029001968
109,1,odd,4,8,0.9793178,0.33024904
110,3,odd,4,8,0.9921611,0.013282758
111,8,even,4,8,0.99663454,0.77383643
112,8,even,4,8,0.99990404,0.77058524
113,7,odd,4,8,0.8749143,0.40763152
114,0,even,0,0,0.48142952,0.90795755
115,7,odd,2,4,0.9876386,0.90214086
116,2,even,1,2,0.6007042,0.89939207
117,2,even,1,2,0.99998486,0.90900785
118,6,even,3,6,0.9999938,0.93491906
119,5,odd,4,8,0.9962004,0.9729048
120,6,even,3,6,0.99965954,0.98145527
121,9,odd,4,8,0.7645123,0.12362633
122,8,even,4,8,0.9681407,0.95197994
123,4,even,2,4,0.99940383,0.99115
124,3,odd,0,0,0.95729,0.03890131
125,6,even,3,6,0.9999763,0.9614222
126,9,odd,4,8,0.9826817,0.8399969
127,1,odd,4,8,0.77892387,0.9748516
128,2,even,2,4,0.5341909,0.055935353
129,4,even,2,4,0.9999262,0.5962699
130,2,even,1,2,0.99900144,0.7432619
131,6,even,3,6,0.9992773,0.5047904
132,7,odd,4,8,0.9150401,0.11746045
133,7,odd,1,2,0.9042191,0.39471775
134,1,odd,1,2,0.70662254,0.9116278
135,8,even,4,8,0.55762404,0.109378636
136,1,odd,4,8,0.9361102,0.8486835
137,8,even,4,8,0.8074175,0.25365272
138,8,even,4,8,0.99552464,0.08014461
139,8,even,4,8,0.9999995,0.89905864
140,8,even,4,8,0.99984384,0.34728
141,1,odd,4,8,0.84114647,0.243806
142,0,even,0,0,0.9995741,0.85130227
143,3,odd,3,6,0.48624238,0.08982468
144,9,odd,2,4,0.9908326,0.98795044
145,8,even,4,8,0.99954057,0.957153
146,4,even,2,4,0.9999018,0.9079238
147,9,odd,4,8,0.6234298,0.049841385
148,3,odd,4,8,0.993707,0.43437144
149,7,odd,1,2,0.94578916,0.7093624
150,4,even,2,4,0.9995623,0.8905597
151,6,even,3,6,0.9997627,0.7501163
152,1,odd,4,8,0.9610885,0.22816618
153,0,even,0,0,0.98513746,0.9920604
154,6,even,3,6,0.99999106,0.96717393
155,0,even,0,0,0.9988004,0.74410075
156,0,even,0,0,0.9999782,0.9710869
157,6,even,3,6,0.9999883,0.9864184
158,3,odd,4,8,0.99932957,0.9876264
159,2,even,1,2,0.99507684,0.9054572
160,5,odd,4,8,0.9786024,0.89697987
161,7,odd,4,8,0.463883,0.27570567
162,4,even,2,4,0.9991967,0.993479
163,1,odd,4,8,0.9306063,0.9574425
164,6,even,3,6,0.99999774,0.9924643
165,6,even,3,6,0.99999094,0.7869588
166,1,odd,4,8,0.8867416,0.9086951
167,7,odd,2,4,0.99627787,0.024952246
168,0,even,0,0,0.9999995,0.5618514
169,2,even,1,2,0.99998176,0.36754644
170,6,even,3,6,0.99872535,0.80107844
171,2,even,1,2,0.99999774,0.9895431
172,5,odd,2,4,0.48712403,0.9729926
173,1,odd,4,8,0.9905607,0.99032134
174,7,odd,4,8,0.8641523,0.8444027
175,1,odd,4,8,0.89905113,0.9926402
176,4,even,2,4,0.9999684,0.26443517
177,6,even,3,6,0.9728021,0.5208119
178,8,even,4,8,0.9485704,0.69472736
179,5,odd,4,8,0.9983358,0.9155769
180,6,even,3,6,0.99999416,0.89073896
181,6,even,3,6,0.9943639,0.16803674
182,4,even,2,4,0.9999733,0.9839522
183,0,even,0,0,0.9999671,0.23571625
184,4,even,2,4,0.9436564,0.8152595
185,8,even,4,8,0.99992204,0.9092167
186,7,odd,1,2,0.7172725,0.43167043
187,4,even,2,4,0.9999409,0.9589874
188,6,even,3,6,0.99377304,0.48747697
189,3,odd,1,2,0.90709305,0.04175684
190,3,odd,2,4,0.62329614,0.48714548
191,1,odd,4,8,0.8217748,0.96412146
192,0,even,0,0,0.99976796,0.9781008
193,5,odd,4,8,0.98901004,0.79345065
194,9,odd,2,4,0.99704534,0.052758887
195,6,even,3,6,0.9911821,0.3143245
196,7,odd,4,8,0.99777764,0.17579511
197,2,even,2,4,0.74598324,0.0029024829
198,5,odd,4,8,0.84488225,0.22475837
199,9,odd,2,4,0.9453981,0.443941
200,8,even,4,8,0.9976018,0.9236547
201,5,odd,4,8,0.999951,0.8624043
202,7,odd,1,2,0.6233502,0.85961676
203,2,even,1,2,0.9996877,0.6574002
204,1,odd,4,8,0.70754313,0.570026
205,9,odd,2,4,0.94293034,0.7179905
206,6,even,3,6,0.9994611,0.97147447
207,0,even,0,0,0.9999975,0.7654679
208,1,odd,2,4,0.9967002,0.7662938
209,9,odd,4,8,0.9309546,0.9761869
210,4,even,2,4,0.9995484,0.9385341
211,7,odd,1,2,0.9970162,0.9612066
212,2,even,1,2,0.9999647,0.95555586
213,3,odd,4,8,0.68227655,0.65148985
214,7,odd,2,4,0.98969334,0.7432426
215,2,even,1,2,0.99999976,0.5977605
216,2,even,1,2,0.99999976,0.93481654
217,2,even,1,2,0.9999958,0.98683226
218,3,odd,4,8,0.8820223,0.921207
219,1,odd,1,2,0.99748504,0.80827534
220,2,even,1,2,0.99662197,0.9933349
221,9,odd,2,4,0.99081755,0.75828475
222,4,even,2,4,0.99585646,0.36809242
223,1,odd,4,8,0.86493695,0.18655206
224,4,even,2,4,0.99987674,0.92260695
225,6,even,3,6,0.999997,0.9897522
226,8,even,4,8,0.9997241,0.9225693
227,4,even,2,4,0.994787,0.3255041
228,5,odd,0,0,0.64389235,0.09802804
229,2,even,2,4,0.98600096,0.8010391
230,5,odd,3,6,0.82338303,0.046555348
231,0,even,0,0,0.98384327,0.8018187
232,7,odd,4,8,0.59369576,0.0018255623
233,9,odd,2,4,0.96461076,0.7707411
234,1,odd,4,8,0.99726176,0.7749645
235,3,odd,1,2,0.9857013,0.704001
236,3,odd,4,8,0.989906,0.94613224
237,4,even,2,4,0.99998856,0.58755827
238,2,even,1,2,0.9868352,0.9847905
239,0,even,0,0,0.99782014,0.8041087
240,4,even,2,4,0.99982065,0.9761263
241,2,even,1,2,0.9935415,0.8854015
242,0,even,0,0,0.94456214,0.31865874
243,5,odd,3,6,0.9186253,0.77047
244,3,odd,1,2,0.9766092,0.054126225
245,5,odd,4,8,0.9732169,0.004234361
246,1,odd,4,8,0.9535007,0.55639595
247,9,odd,0,0,0.8302435,0.2548244
248,0,even,0,0,0.99997807,0.82095414
249,0,even,0,0,0.9994137,0.98442656
250,7,odd,2,4,0.7067794,0.8922405
251,7,odd,4,8,0.5845281,0.94906455
252,6,even,3,6,0.9998963,0.98704046
253,8,even,4,8,0.99897456,0.9664061
254,8,even,4,8,0.99935836,0.9960147
255,7,odd,4,8,0.81651855,0.060233966
256,0,even,0,0,0.9684446,0.7696055
257,2,even,1,2,0.99995875,0.8806199
258,7,odd,1,2,0.9540863,0.4013145
259,1,odd,4,8,0.72297525,0.97138727
260,0,even,0,0,0.9983651,0.9199215
261,2,even,1,2,0.9999976,0.9982492
262,2,even,1,2,0.94645494,0.6340898
263,9,odd,2,4,0.7125701,0.97910416
264,4,even,2,4,0.99838233,0.44406658
265,6,even,3,6,0.99984753,0.8830694
266,5,odd,4,8,0.6153909,0.19690086
267,8,even,4,8,0.99999607,0.92704225
268,2,even,1,2,0.99899775,0.25921866
269,5,odd,1,2,0.7170211,0.50791615
270,2,even,1,2,0.9510616,0.9524906
271,6,even,3,6,0.99998283,0.97171164
272,9,odd,2,4,0.9986506,0.24313438
273,8,even,4,8,0.99895465,0.7631294
274,5,odd,2,4,0.72307056,0.18040003
275,7,odd,4,8,0.47481555,0.989702
276,0,even,0,0,0.9980956,0.56807464
277,7,odd,4,8,0.8476561,0.00022340976
278,0,even,0,0,0.99999845,0.74187726
279,6,even,3,6,0.8744907,0.3280392
280,5,odd,4,8,0.41181397,0.488086
281,4,even,2,4,0.98177576,0.6117698
282,5,odd,4,8,0.62669086,0.0811494
283,2,even,1,2,0.9958872,0.9869767
284,9,odd,2,4,0.9986552,0.89395726
285,3,odd,4,8,0.9933361,0.09705357
286,9,odd,2,4,0.9999304,0.51312643
287,5,odd,3,6,0.9601302,0.8120076
288,1,odd,4,8,0.86942166,0.9981066
289,3,odd,0,0,0.77797514,0.085760206
290,3,odd,0,0,0.6939684,0.26850784
291,7,odd,1,2,0.7756129,0.12772214
292,0,even,0,0,0.9999927,0.85688925
293,6,even,3,6,0.99998736,0.98579586
294,6,even,3,6,0.8959772,0.033021823
295,3,odd,4,8,0.9999026,0.59809625
296,0,even,0,0,0.9738671,0.77849764
297,5,odd,2,4,0.39944795,0.06593336
298,9,odd,2,4,0.99394387,0.67891383
299,4,even,2,4,0.99975365,0.9272183
300,8,even,4,8,0.9995763,0.67288715
301,9,odd,2,4,0.5947202,0.6132082
302,9,odd,2,4,0.966004,0.33084992
303,9,odd,2,4,0.9744874,0.99343926
304,5,odd,4,8,0.9659299,0.08790457
305,5,odd,4,8,0.9974874,0.9032135
306,0,even,0,0,0.9715748,0.9863029
307,8,even,4,8,0.99980384,0.9810932
308,3,odd,0,0,0.6166942,0.08273141
309,2,even,1,2,0.9999999,0.98897153
310,2,even,1,2,0.99960595,0.27691412
311,3,odd,0,0,0.8921071,0.25860047
312,6,even,3,6,0.9998747,0.93136626
313,7,odd,1,2,0.973177,0.8179215
314,9,odd,2,4,0.99085546,0.94508886
315,8,even,4,8,0.98656,0.0072773555
316,6,even,3,6,0.99996674,0.702619
317,3,odd,4,8,0.99674857,0.24912734
318,8,even,4,8,0.98985577,0.5877856
319,2,even,1,2,0.99973375,0.926425
320,7,odd,2,4,0.9844534,0.98292637
321,5,odd,4,8,0.99906224,0.6607381
322,6,even,3,6,0.99983644,0.99129945
323,4,even,2,4,0.9966599,0.82510626
324,1,odd,4,8,0.82717097,0.8631795
325,0,even,0,0,0.9999994,0.53721327
326,1,odd,4,8,0.9408765,0.93854636
327,1,odd,4,8,0.9610745,0.84941185
328,6,even,3,6,0.9999248,0.6019405
329,9,odd,4,8,0.96030897,0.98129475
330,8,even,4,8,0.9962469,0.18148406
331,1,odd,4,8,0.87726456,0.8173114
332,4,even,2,4,0.72765034,0.8819913
333,8,even,4,8,0.99297464,0.8625718
334,5,odd,4,8,0.6931116,0.89844257
335,0,even,0,0,0.9987417,0.862478
336,5,odd,4,8,0.9978319,0.18860291
337,8,even,4,8,0.9986223,0.9843252
338,7,odd,1,2,0.9464528,0.29489052
339,6,even,3,6,0.99757785,0.9181516
340,1,odd,4,8,0.9843522,0.55696875
341,6,even,3,6,0.99994814,0.9387893
342,2,even,1,2,0.9988122,0.587788
343,1,odd,4,8,0.92992705,0.047505405
344,5,odd,4,8,0.95892423,0.95256364
345,9,odd,2,4,0.9991093,0.84105974
346,1,odd,4,8,0.93312323,0.8074571
347,7,odd,4,8,0.77222204,0.9481115
348,0,even,0,0,0.99947304,0.8886388
349,3,odd,4,8,0.9575753,0.23273773
350,3,odd,4,8,0.8755088,0.010844771
351,7,odd,2,4,0.60859346,0.4019992
352,5,odd,4,8,0.998395,0.399418
353,6,even,3,6,0.99970156,0.94826186
354,6,even,3,6,0.99997354,0.9679166
355,7,odd,1,2,0.94179875,0.63369775
356,0,even,0,0,0.96133465,0.93801856
357,5,odd,0,0,0.43409792,0.19382338
358,0,even,0,0,0.9999939,0.91712505
359,4,even,2,4,0.96035117,0.06959008
360,1,odd,4,8,0.9521537,0.11794165
361,2,even,1,2,0.99449,0.42735997
362,5,odd,4,8,0.99380916,0.8129906
363,5,odd,4,8,0.95612264,0.54874086
364,9,odd,2,4,0.99784076,0.9361405
365,4,even,2,4,0.99999344,0.92854416
366,5,odd,4,8,0.5859758,0.011767935
367,1,odd,4,8,0.8193994,0.34091634
368,9,odd,2,4,0.99445575,0.29977348
369,0,even,0,0,0.99327177,0.807446
370,2,even,1,2,0.9992423,0.98377925
371,9,odd,2,4,0.99942744,0.86087734
372,9,odd,2,4,0.99853873,0.75412494
373,8,even,4,8,0.9999696,0.96468717
374,4,even,2,4,0.9999727,0.9987205
375,5,odd,4,8,0.68191975,0.068701096
376,5,odd,1,2,0.80976266,0.015523347
377,1,odd,4,8,0.85319436,0.7355991
378,4,even,2,4,0.9996402,0.96750236
379,1,odd,4,8,0.9851429,0.6932321
380,8,even,0,0,0.9262718,0.87066156
381,8,even,4,8,0.99998736,0.76336217
382,8,even,4,8,0.9998553,0.7548969
383,6,even,3,6,0.9801752,0.14197864
384,5,odd,3,6,0.9653742,0.25461155
385,1,odd,4,8,0.9601819,0.99855787
386,8,even,4,8,0.9994698,0.3452268
387,9,odd,2,4,0.99262893,0.77237606
388,8,even,4,8,0.9999856,0.13947465
389,4,even,2,4,0.87934303,0.7232859
390,8,even,4,8,0.999876,0.69645184
391,9,odd,2,4,0.9719471,0.57855815
392,3,odd,4,8,0.99296486,0.380043
393,1,odd,4,8,0.996971,0.982261
394,3,odd,4,8,0.90224516,0.040437583
395,2,even,1,2,0.9998017,0.99611145
396,9,odd,1,2,0.5114886,0.05805959
397,4,even,2,4,0.9119993,0.95714396
398,5,odd,2,4,0.7469026,0.43453914
399,0,even,0,0,0.9999958,0.9474461
400,8,even,4,8,0.999977,0.94189763
401,3,odd,1,2,0.98450446,0.002286131
402,7,odd,1,2,0.8937607,0.83557373
403,8,even,4,8,0.9999808,0.7423558
404,5,odd,4,8,0.6648443,0.26326367
405,4,even,2,4,0.9999647,0.63810486
406,8,even,4,8,0.99982977,0.93759835
407,6,even,3,6,0.99996626,0.99036133
408,7,odd,1,2,0.9965094,0.9167926
409,0,even,0,0,0.9999665,0.90854573
410,7,odd,2,4,0.58997387,0.50183356
411,4,even,2,4,0.9998895,0.9502788
412,4,even,2,4,0.9999747,0.71007866
413,1,odd,4,8,0.7400818,0.99225616
414,1,odd,4,8,0.861138,0.6945558
415,0,even,0,0,0.999941,0.7399304
416,1,odd,4,8,0.71610016,0.052431
417,5,odd,3,6,0.81283045,0.99533385
418,0,even,0,0,0.99995625,0.5112096
419,8,even,4,8,0.9999316,0.9711174
420,1,odd,4,8,0.9227195,0.22978383
421,1,odd,4,8,0.713636,0.9274486
422,2,even,1,2,0.99932075,0.98468196
423,3,odd,1,2,0.46388438,0.1554349
424,0,even,0,0,0.9999968,0.5855184
425,4,even,2,4,0.9995505,0.98499554
426,6,even,3,6,0.9999944,0.98387665
427,1,odd,4,8,0.7982096,0.821835
428,3,odd,4,8,0.7350202,0.8258215
429,1,odd,4,8,0.6500333,0.88464564
430,2,even,1,2,0.99924254,0.37888506
431,6,even,3,6,0.99882,0.8246053
432,6,even,3,6,0.99999785,0.8779636
433,8,even,4,8,0.9816704,0.92293733
434,6,even,3,6,0.9998443,0.9242974
435,3,odd,1,2,0.9993913,0.07115486
436,9,odd,2,4,0.99627435,0.9246852
437,7,odd,1,2,0.9524112,0.69762826
438,1,odd,4,8,0.976339,0.9861996
439,3,odd,4,8,0.80587846,0.92491806
440,9,odd,2,4,0.9155608,0.7997788
441,1,odd,4,8,0.76983,0.80016804
442,0,even,0,0,0.9999995,0.8946447
443,5,odd,4,8,0.59417176,0.0018830227
444,3,odd,4,8,0.8808976,0.64312565
445,9,odd,2,4,0.9974158,0.6727906
446,3,odd,1,2,0.5530553,0.913273
447,3,odd,4,8,0.99311405,0.857157
448,4,even,4,8,0.5340869,0.31432435
449,3,odd,4,8,0.9047185,0.9875731
450,9,odd,2,4,0.9887395,0.5843875
451,2,even,1,2,0.99904054,0.9775423
452,1,odd,4,8,0.9798021,0.9611745
453,7,odd,1,2,0.68832266,0.14010021
454,9,odd,2,4,0.9973189,0.19023064
455,1,odd,4,8,0.91122746,0.4799191
456,2,even,1,2,0.99993765,0.9905676
457,7,odd,1,2,0.73041654,0.21232902
458,3,odd,4,8,0.47877547,0.45774603
459,6,even,3,6,0.9671252,0.24535029
460,8,even,4,8,0.9999974,0.89567393
461,7,odd,2,4,0.62982345,0.019197311
462,1,odd,4,8,0.9364662,0.96979964
463,4,even,2,4,0.99892694,0.992636
464,6,even,3,6,0.99970776,0.9655348
465,9,odd,2,4,0.9960926,0.9737224
466,2,even,1,2,0.9999833,0.25092587
467,5,odd,4,8,0.96053857,0.02960844
468,7,odd,2,4,0.73636705,0.23212188
469,6,even,3,6,0.9999869,0.9879645
470,5,odd,2,4,0.44469476,0.007606463
471,9,odd,2,4,0.98625165,0.74620724
472,3,odd,4,8,0.97680265,0.6285643
473,2,even,1,2,0.9998485,0.9900518
474,7,odd,1,2,0.8468644,0.7639009
475,8,even,4,8,0.9997546,0.8526953
476,5,odd,4,8,0.9985863,0.88327837
477,6,even,3,6,0.99816626,0.8080434
478,4,even,2,4,0.9982584,0.9706764
479,7,odd,4,8,0.84833217,0.022935536
480,5,odd,4,8,0.9988821,0.89958125
481,1,odd,4,8,0.8782264,0.8533842
482,5,odd,3,6,0.5953456,0.5734612
483,8,even,4,8,0.9998956,0.32051337
484,5,odd,2,4,0.6502305,0.6062575
485,8,even,4,8,0.9999443,0.021349646
486,7,odd,1,2,0.955544,0.44030935
487,2,even,2,4,0.70387363,0.0013924656
488,9,odd,2,4,0.8812622,0.8403356
489,8,even,4,8,0.9999865,0.44303402
490,4,even,2,4,0.9988054,0.91502273
491,7,odd,1,2,0.993117,0.94735974
492,5,odd,4,8,0.9163467,0.725783
493,4,even,2,4,0.9999534,0.99568236
494,6,even,3,6,0.9992155,0.9053278
495,2,even,1,2,0.9998666,0.63722295
496,1,odd,4,8,0.7592928,0.2121688
497,3,odd,0,0,0.9054171,0.033266973
498,9,odd,2,4,0.98927516,0.715418
499,7,odd,1,2,0.9939731,0.98542166
500,9,odd,4,8,0.6564393,0.9643306
501,3,odd,4,8,0.921695,0.3046478
502,5,odd,3,6,0.9625542,0.91925126
503,5,odd,2,4,0.51855505,0.31550792
504,8,even,4,8,0.9988255,0.5305521
505,8,even,4,8,0.9986356,0.9793905
506,3,odd,4,8,0.992615,0.9880866
507,9,odd,2,4,0.99765956,0.8256816
508,8,even,4,8,0.99945766,0.49750897
509,4,even,2,4,0.99982435,0.8896858
510,5,odd,4,8,0.9947255,0.4539053
511,9,odd,2,4,0.8748782,0.7946783
512,7,odd,0,0,0.90769035,0.9455051
513,8,even,3,6,0.94715136,0.20867658
514,3,odd,4,8,0.6939403,0.9461813
515,6,even,3,6,0.9998665,0.983466
516,0,even,0,0,0.9998023,0.98891175
517,1,odd,4,8,0.8528472,0.9796169
518,6,even,3,6,0.9999881,0.23125999
519,7,odd,1,2,0.99846196,0.9607691
520,2,even,1,2,0.9999583,0.8934254
521,0,even,0,0,0.9999763,0.92832035
522,6,even,3,6,0.9998381,0.9964535
523,2,even,2,4,0.8642478,0.8479269
524,9,odd,2,4,0.9906447,0.49386343
525,1,odd,4,8,0.79537654,0.9357993
526,3,odd,4,8,0.95820975,0.28377417
527,8,even,4,8,0.99970967,0.49315727
528,6,even,3,6,0.9646243,0.0494292
529,9,odd,2,4,0.6411787,0.35815752
530,4,even,2,4,0.8933906,0.16499706
531,7,odd,2,4,0.8502668,0.098022714
532,7,odd,1,2,0.7501567,0.0062407446
533,3,odd,4,8,0.9106161,0.6444887
534,7,odd,1,2,0.8194244,0.1343674
535,6,even,3,6,0.99996245,0.8439415
536,3,odd,1,2,0.841455,0.012328272
537,4,even,2,4,0.9927946,0.8135258
538,3,odd,4,8,0.9966216,0.97725254
539,9,odd,2,4,0.99745923,0.8389915
540,9,odd,2,4,0.8553191,0.7941399
541,9,odd,2,4,0.98396665,0.8636174
542,7,odd,2,4,0.9662887,0.17884575
543,1,odd,4,8,0.6743395,0.70517397
544,9,odd,2,4,0.99780923,0.8488105
545,9,odd,4,8,0.96156573,0.17838435
546,7,odd,2,4,0.36240584,0.53456855
547,0,even,0,0,0.9998078,0.6263137
548,3,odd,3,6,0.77714413,0.7181389
549,4,even,2,4,0.9998338,0.6126818
550,2,even,1,2,0.9982331,0.87163544
551,0,even,0,0,0.9999956,0.20502277
552,3,odd,1,2,0.58513343,0.98441374
553,5,odd,4,8,0.9847936,0.12988566
554,6,even,3,6,0.9998461,0.90263987
555,9,odd,2,4,0.96583384,0.8804124
556,8,even,4,8,0.9999995,0.3307304
557,0,even,0,0,0.9999993,0.8240664
558,5,odd,4,8,0.99575824,0.856757
559,2,even,1,2,0.99999547,0.947532
560,2,even,1,2,0.99998903,0.933416
561,5,odd,2,4,0.6296198,0.017253924
562,7,odd,4,8,0.4741626,0.07241344
563,7,odd,1,2,0.52598584,0.64217573
564,5,odd,4,8,0.70405334,0.017069878
565,1,odd,4,8,0.7341865,0.94503105
566,3,odd,4,8,0.59391224,0.35592124
567,8,even,4,8,0.9993482,0.7967008
568,4,even,2,4,0.9999932,0.9806985
569,3,odd,4,8,0.9827168,0.43424442
570,4,even,1,2,0.96937907,0.09522407
571,3,odd,4,8,0.99956876,0.9985176
572,1,odd,4,8,0.9241361,0.04112334
573,7,odd,1,2,0.81957906,0.9621165
574,8,even,4,8,0.99999905,0.74697745
575,2,even,1,2,0.99999785,0.9929391
576,9,odd,2,4,0.94341093,0.94716567
577,7,odd,4,8,0.41488272,0.59146965
578,5,odd,0,0,0.6543025,0.0038702548
579,4,even,2,4,0.999954,0.84643185
580,1,odd,4,8,0.90577984,0.40137666
581,1,odd,4,8,0.843537,0.9361268
582,0,even,0,0,0.9897041,0.45011526
583,9,odd,2,4,0.96368873,0.96381277
584,1,odd,4,8,0.9089878,0.981924
585,8,even,4,8,0.9906309,0.057846617
586,7,odd,1,2,0.99558383,0.97445256
587,6,even,3,6,0.9999987,0.98381734
588,3,odd,4,8,0.9992374,0.85519034
589,9,odd,2,4,0.99731356,0.6466693
590,2,even,1,2,0.9998878,0.9751855
591,6,even,3,6,0.9999776,0.96248496
592,8,even,4,8,0.99976534,0.97911686
593,9,odd,2,4,0.9964858,0.93503755
594,5,odd,4,8,0.9997826,0.089647785
595,9,odd,2,4,0.9963057,0.5357125
596,5,odd,4,8,0.73447496,0.9719321
597,7,odd,0,0,0.94269955,0.3417567
598,7,odd,1,2,0.9630634,0.06440673
599,2,even,1,2,0.9999851,0.9969284
600,4,even,2,4,0.999777,0.9760142
601,6,even,3,6,0.99501836,0.840493
602,7,odd,1,2,0.9038453,0.9577273
603,7,odd,2,4,0.84273434,0.7336255
604,3,odd,0,0,0.6013354,0.32664305
605,8,even,4,8,0.999974,0.9870293
606,3,odd,4,8,0.4913101,0.34600055
607,3,odd,4,8,0.992816,0.91458505
608,6,even,3,6,0.999997,0.8647651
609,8,even,4,8,0.97548884,0.61553997
610,2,even,1,2,0.9999814,0.9952247
611,6,even,3,6,0.99145585,0.8342588
612,1,odd,4,8,0.96455896,0.1736095
613,9,odd,2,4,0.9956285,0.8048258
614,3,odd,4,8,0.97906107,0.07768563
615,8,even,4,8,0.9989975,0.919259
616,0,even,0,0,0.9999567,0.9133024
617,3,odd,0,0,0.5494797,0.46347344
618,5,odd,4,8,0.96953714,0.65003884
619,0,even,0,0,0.990807,0.27375796
620,8,even,4,8,0.9851296,0.53876936
621,6,even,3,6,0.9999883,0.97890854
622,6,even,3,6,0.9999906,0.94403666
623,9,odd,2,4,0.99032193,0.95962995
624,2,even,1,2,0.9999993,0.72944635
625,5,odd,4,8,0.6095892,0.22695436
626,3,odd,4,8,0.9996055,0.98427504
627,0,even,0,0,0.92277783,0.16215749
628,7,odd,1,2,0.91419965,0.016580943
629,2,even,1,2,0.9609436,0.29340214
630,5,odd,4,8,0.9947044,0.9732661
631,7,odd,2,4,0.95635307,0.88844734
632,8,even,4,8,0.98252755,0.9188482
633,5,odd,2,4,0.5451552,0.011392806
634,2,even,1,2,0.99985325,0.9304171
635,7,odd,2,4,0.9724525,0.2827602
636,2,even,1,2,0.9979876,0.9801885
637,6,even,3,6,0.9996151,0.7493927
638,9,odd,2,4,0.9755282,0.7050419
639,3,odd,2,4,0.7836412,0.05859797
640,0,even,0,0,0.99893385,0.9696979
641,3,odd,4,8,0.9885932,0.13736099
642,9,odd,2,4,0.9676455,0.1372598
643,3,odd,4,8,0.8975495,0.5987912
644,9,odd,2,4,0.99784315,0.49618864
645,4,even,2,4,0.9999876,0.9206841
646,9,odd,2,4,0.65234923,0.7170479
647,3,odd,1,2,0.99490994,0.0038472922
648,6,even,3,6,0.9999981,0.9788617
649,8,even,4,8,0.9585633,0.82016367
650,0,even,0,0,0.8309938,0.6786257
651,9,odd,2,4,0.9845537,0.93755853
652,2,even,1,2,0.999995,0.9176496
653,8,even,3,6,0.83350635,0.8734118
654,3,odd,0,0,0.8013984,0.026866842
655,1,odd,4,8,0.99092287,0.5911138
656,6,even,3,6,0.9999839,0.9841665
657,6,even,3,6,0.99996805,0.85626316
658,9,odd,2,4,0.82871664,0.07567925
659,6,even,3,6,0.9999975,0.9862526
660,0,even,0,0,0.9999789,0.91200465
661,7,odd,2,4,0.76345545,0.797758
662,5,odd,4,8,0.8982676,0.1984752
663,4,even,2,4,0.99965584,0.97040695
664,4,even,2,4,0.99970156,0.8293354
665,0,even,0,0,0.99995804,0.78756267
666,8,even,4,8,0.9996544,0.85802567
667,5,odd,4,8,0.57288074,0.115278706
668,5,odd,4,8,0.999813,0.69519687
669,0,even,0,0,0.81692386,0.84185475
670,7,odd,0,0,0.96430004,0.70431703
671,4,even,2,4,0.9994117,0.79566675
672,0,even,0,0,0.9827377,0.1681544
673,2,even,3,6,0.59823537,0.48367095
674,3,odd,4,8,0.9976157,0.91156125
675,4,even,2,4,0.99934417,0.9888341
676,6,even,3,6,0.99997866,0.7198304
677,5,odd,0,0,0.98305005,0.9798507
678,2,even,1,2,0.9998865,0.9524462
679,9,odd,2,4,0.9808817,0.9590512
680,6,even,3,6,0.9512452,0.24627028
681,1,odd,4,8,0.9319958,0.46744037
682,1,odd,4,8,0.73059255,0.32332805
683,0,even,0,0,0.99996114,0.9852121
684,3,odd,0,0,0.45963135,0.0763748
685,1,odd,4,8,0.9875804,0.8483599
686,7,odd,1,2,0.986891,0.9119704
687,7,odd,2,4,0.55619687,0.97958416
688,0,even,0,0,0.99999917,0.94182634
689,1,odd,4,8,0.95943236,0.99855
690,0,even,0,0,0.9998832,0.98954016
691,4,even,2,4,0.9996076,0.98829913
692,6,even,3,6,0.9999825,0.8866468
693,8,even,4,8,0.99977463,0.8688866
694,5,odd,4,8,0.5230193,0.9298849
695,3,odd,1,2,0.9386353,0.635206
696,1,odd,4,8,0.86253285,0.8368112
697,3,odd,4,8,0.95849067,0.035100877
698,4,even,2,4,0.99941933,0.8550411
699,5,odd,3,6,0.99892396,0.4637374
700,0,even,0,0,0.9999963,0.65120816
701,5,odd,0,0,0.422917,0.07402107
702,3,odd,4,8,0.9604148,0.11619963
703,5,odd,4,8,0.72065777,0.13391331
704,4,even,2,4,0.9998099,0.83486927
705,4,even,2,4,0.9999715,0.1255147
706,9,odd,2,4,0.9818663,0.011336456
707,4,even,2,4,0.99964,0.9833596
708,6,even,3,6,1.0,0.5113512
709,5,odd,4,8,0.73958695,0.025784533
710,0,even,0,0,0.99937457,0.8949716
711,5,odd,4,8,0.99997973,0.98354095
712,4,even,2,4,0.9999429,0.9854843
713,2,even,1,2,0.98838156,0.095001146
714,8,even,4,8,0.9997073,0.9779533
715,7,odd,1,2,0.50248677,0.65993035
716,1,odd,4,8,0.9609742,0.9356557
717,1,odd,4,8,0.8082509,0.92299515
718,3,odd,4,8,0.5459051,0.45663282
719,5,odd,3,6,0.82128656,0.38788262
720,8,even,4,8,0.99895155,0.66229504
721,3,odd,4,8,0.98154193,0.016847624
722,0,even,0,0,0.9999994,0.7289524
723,4,even,2,4,0.99980277,0.98736864
724,0,even,0,0,0.99855953,0.67430544
725,0,even,0,0,0.9999,0.78797716
726,6,even,3,6,0.9999981,0.9267289
727,6,even,3,6,0.99986196,0.7635091
728,5,odd,0,0,0.7440915,0.2058234
729,7,odd,1,2,0.9431624,0.98664445
730,2,even,2,4,0.9894946,0.06394816
731,2,even,1,2,0.9999554,0.9509548
732,8,even,4,8,0.99997556,0.88108367
733,0,even,0,0,0.9999069,0.71747947
734,2,even,1,2,0.99998856,0.97711223
735,2,even,1,2,0.9658215,0.39541692
736,1,odd,4,8,0.95664316,0.7870037
737,8,even,4,8,0.9999939,0.83924687
738,9,odd,2,4,0.99104905,0.8388511
739,0,even,0,0,0.9998976,0.9975872
740,1,odd,4,8,0.97959715,0.41505983
741,7,odd,1,2,0.91778207,0.8933341
742,3,odd,4,8,0.5974735,0.5425531
743,2,even,1,2,0.9999968,0.97716004
744,7,odd,1,2,0.8722072,0.94277996
745,9,odd,2,4,0.9997532,0.19749755
746,0,even,0,0,0.9998846,0.8525517
747,7,odd,0,0,0.80934155,0.4269345
748,0,even,0,0,0.9940952,0.75871444
749,2,even,1,2,0.99999666,0.96604776
750,3,odd,4,8,0.9751304,0.78739446
751,3,odd,4,8,0.80057234,0.9318731
752,4,even,2,4,0.9966305,0.74752164
753,9,odd,2,4,0.99982494,0.99602026
754,5,odd,4,8,0.7608759,0.76105535
755,5,odd,4,8,0.97236925,0.81281495
756,5,odd,0,0,0.9462281,0.1520932
757,0,even,0,0,0.9999815,0.66327184
758,9,odd,2,4,0.99260205,0.65033114
759,9,odd,2,4,0.9828303,0.51578754
760,4,even,2,4,0.99951446,0.9773318
761,8,even,4,8,0.9999522,0.93329287
762,7,odd,1,2,0.8176522,0.6723939
763,0,even,0,0,0.9962185,0.8387564
764,5,odd,4,8,0.9942866,0.058809884
765,7,odd,2,4,0.96624327,0.36091205
766,4,even,2,4,0.99987555,0.99826473
767,8,even,4,8,0.99677426,0.94809777
768,3,odd,2,4,0.56029886,0.1799115
769,1,odd,4,8,0.5116807,0.74424016
770,4,even,2,4,0.88478345,0.98233163
771,9,odd,2,4,0.93906325,0.90579057
772,2,even,1,2,0.9999784,0.9679108
773,9,odd,4,8,0.628972,0.23732644
774,9,odd,2,4,0.99857914,0.74717116
775,8,even,4,8,0.9999999,0.7924903
776,9,odd,4,8,0.5169011,0.46012098
777,2,even,1,2,0.99924326,0.41585916
778,9,odd,2,4,0.79215187,0.8973158
779,6,even,3,6,0.99986184,0.96234465
780,8,even,4,8,0.9999937,0.8559871
781,6,even,3,6,0.99999785,0.95478225
782,3,odd,4,8,0.9967945,0.9981577
783,0,even,0,0,0.99997425,0.032919254
784,2,even,1,2,0.9448163,0.9856536
785,1,odd,4,8,0.5722582,0.7527385
786,2,even,1,2,0.9993224,0.558332
787,5,odd,4,8,0.62063545,0.97164077
788,0,even,0,0,0.9999995,0.68900245
789,2,even,1,2,0.9983126,0.97395396
790,8,even,4,8,0.99539363,0.027120097
791,8,even,4,8,0.9975169,0.67883706
792,2,even,1,2,0.98582447,0.9488823
793,3,odd,4,8,0.5526745,0.80215067
794,5,odd,3,6,0.7321158,0.106426224
795,7,odd,1,2,0.8380643,0.90649354
796,9,odd,2,4,0.9841054,0.064503476
797,0,even,0,0,0.9959298,0.6290156
798,2,even,1,2,0.9607124,0.94653815
799,1,odd,4,8,0.9181876,0.8782626
800,9,odd,2,4,0.54105246,0.8899736
801,5,odd,4,8,0.47422677,0.08027859
802,3,odd,4,8,0.73991615,0.7067579
803,8,even,4,8,0.9998555,0.73635864
804,2,even,1,2,0.97551394,0.15114585
805,0,even,0,0,0.99998784,0.94057244
806,3,odd,4,8,0.927406,0.9080343
807,6,even,3,6,0.9999863,0.64447886
808,6,even,3,6,0.9996817,0.9919132
809,6,even,3,6,0.94880337,0.7992032
810,0,even,0,0,0.9989993,0.68851626
811,4,even,2,4,0.9997228,0.9285208
812,7,odd,3,6,0.40374026,0.16645057
813,2,even,1,2,0.86638963,0.704974
814,6,even,3,6,0.99998975,0.99103594
815,0,even,0,0,0.99442565,0.004031727
816,4,even,2,4,0.99999094,0.7774065
817,1,odd,4,8,0.95157665,0.5607408
818,6,even,2,4,0.6825842,0.4991252
819,8,even,4,8,0.9964378,0.882199
820,6,even,3,6,0.999969,0.9947883
821,7,odd,2,4,0.99224323,0.6340123
822,3,odd,4,8,0.9968117,0.98697567
823,9,odd,2,4,0.9942291,0.6707063
824,1,odd,4,8,0.6580668,0.96169835
825,2,even,1,2,0.99999225,0.5277722
826,2,even,1,2,0.9999987,0.9734157
827,9,odd,2,4,0.9846029,0.97944427
828,5,odd,4,8,0.82841694,0.47342554
829,4,even,2,4,0.99240947,0.9768286
830,2,even,1,2,0.9999672,0.9923942
831,2,even,1,2,0.9999914,0.25118062
832,5,odd,4,8,0.9972102,0.15403068
833,3,odd,4,8,0.97228795,0.54393417
834,3,odd,4,8,0.80069166,0.86781096
835,9,odd,2,4,0.93167037,0.95916724
836,6,even,3,6,0.9999989,0.24154204
837,5,odd,4,8,0.86784947,0.7843313
838,1,odd,4,8,0.9508815,0.25940993
839,6,even,3,6,0.99999714,0.95170915
840,7,odd,2,4,0.9626806,0.7204861
841,6,even,3,6,0.99997866,0.55111825
842,3,odd,4,8,0.95950264,0.9750046
843,4,even,2,4,0.9995552,0.9976671
844,8,even,4,8,0.99999344,0.89403206
845,4,even,2,4,0.99930143,0.6948422
846,6,even,3,6,0.99965715,0.9866149
847,0,even,0,0,0.99787676,0.9769514
848,0,even,0,0,0.9999827,0.94032025
849,2,even,1,2,0.6842179,0.24461038
850,7,odd,2,4,0.51646936,0.939335
851,9,odd,2,4,0.9073647,0.9811055
852,8,even,4,8,0.99960536,0.59796256
853,7,odd,4,8,0.5495795,0.92923146
854,6,even,3,6,0.99671566,0.48877677
855,8,even,4,8,0.9999571,0.94883025
856,9,odd,4,8,0.6968175,0.01341846
857,1,odd,4,8,0.9186117,0.426424
858,2,even,1,2,0.99854976,0.055963583
859,8,even,4,8,0.9995956,0.27256224
860,2,even,1,2,0.9999356,0.96847993
861,2,even,1,2,0.9999888,0.95276153
862,0,even,0,0,0.9999516,0.9866541
863,8,even,4,8,0.82591367,0.0114499135
864,5,odd,4,8,0.9999871,0.50032204
865,6,even,3,6,0.99991703,0.35227188
866,8,even,4,8,0.9999969,0.8120796
867,7,odd,1,2,0.9024788,0.2088295
868,8,even,4,8,0.9159286,0.99479383
869,0,even,0,0,0.99988616,0.2422715
870,1,odd,4,8,0.90519667,0.54113877
871,0,even,0,0,0.9858898,0.6380159
872,2,even,2,4,0.9409087,0.086199015
873,4,even,2,4,0.9999976,0.95252913
874,8,even,4,8,0.9999782,0.9682664
875,6,even,3,6,0.9999641,0.90735483
876,7,odd,0,0,0.99935335,0.9705832
877,1,odd,4,8,0.9577296,0.09314324
878,3,odd,4,8,0.9958538,0.7402358
879,9,odd,2,4,0.882523,0.040791903
880,8,even,4,8,0.99921656,0.39757645
881,2,even,4,8,0.58575225,0.9751902
882,0,even,0,0,0.99893147,0.85660625
883,2,even,1,2,0.9744486,0.6656439
884,1,odd,4,8,0.85731626,0.9604666
885,1,odd,4,8,0.6940583,0.9959753
886,8,even,4,8,0.98719925,0.9635309
887,9,odd,2,4,0.9680476,0.62692
888,7,odd,4,8,0.9957551,0.21688983
889,3,odd,4,8,0.913884,0.5843435
890,6,even,3,6,0.99968326,0.9957528
891,2,even,1,2,0.99993265,0.8671389
892,3,odd,4,8,0.90850025,0.6764299
893,6,even,3,6,0.99998,0.9473206
894,4,even,2,4,0.99985766,0.8906518
895,3,odd,1,2,0.90158206,0.804833
896,6,even,3,6,0.9992329,0.76890564
897,1,odd,4,8,0.8685581,0.81148934
898,3,odd,4,8,0.9960574,0.99239093
899,3,odd,3,6,0.58365715,0.16221741
900,0,even,0,0,0.84141535,0.00032861496
901,8,even,4,8,0.99834335,0.6347881
902,9,odd,2,4,0.6937578,0.8606811
903,8,even,4,8,0.9994665,0.9639195
904,0,even,0,0,0.999696,0.9512505
905,3,odd,1,2,0.9567069,0.31985936
906,7,odd,1,2,0.8995478,0.32561168
907,1,odd,4,8,0.92141044,0.7160097
908,6,even,3,6,0.99568605,0.19541837
909,8,even,4,8,0.9984035,0.7113711
910,9,odd,4,8,0.87091845,0.9387107
911,4,even,2,4,0.9999596,0.8831708
912,2,even,4,8,0.9570455,0.50541365
913,9,odd,2,4,0.9988226,0.73485374
914,3,odd,4,8,0.9999336,0.55345356
915,5,odd,4,8,0.99939656,0.7207403
916,6,even,3,6,0.9586588,0.9287188
917,7,odd,4,8,0.9647115,0.031130087
918,6,even,3,6,0.9997893,0.89818877
919,1,odd,4,8,0.8995233,0.97531486
920,6,even,3,6,0.9999409,0.91309786
921,4,even,2,4,0.9359757,0.66251683
922,8,even,4,8,0.999012,0.965675
923,6,even,3,6,0.9998964,0.99697304
924,2,even,1,2,0.9999809,0.8945079
925,8,even,4,8,0.9999474,0.47310272
926,1,odd,4,8,0.9220722,0.91267025
927,5,odd,4,8,0.9929859,0.009009792
928,3,odd,4,8,0.99367887,0.9941598
929,6,even,3,6,0.9999188,0.99542505
930,1,odd,1,2,0.5033466,0.9406589
931,2,even,1,2,0.9999993,0.9830487
932,6,even,3,6,0.9999846,0.97492707
933,2,even,1,2,0.99977416,0.9702215
934,2,even,1,2,0.9998722,0.97578806
935,7,odd,1,2,0.93700016,0.12364221
936,2,even,1,2,0.9999975,0.9467415
937,7,odd,1,2,0.4821916,0.22844428
938,8,even,4,8,0.9999546,0.9903977
939,6,even,3,6,0.9921021,0.9827272
940,1,odd,4,8,0.9831524,0.7994564
941,9,odd,2,4,0.999313,0.9366331
942,7,odd,2,4,0.70618635,0.077384695
943,1,odd,4,8,0.7655769,0.19990365
944,2,even,1,2,0.9999999,0.452935
945,8,even,4,8,0.9996798,0.65166533
946,2,even,1,2,0.99995995,0.9946089
947,1,odd,4,8,0.5122593,0.97000957
948,4,even,2,4,0.9998011,0.98913306
949,8,even,4,8,0.95225525,0.9288491
950,6,even,3,6,0.99999607,0.92727816
951,6,even,3,6,0.9986436,0.93842906
952,7,odd,4,8,0.5764005,0.3394488
953,5,odd,4,8,0.9381294,0.11398887
954,7,odd,1,2,0.9377983,0.52504945
955,9,odd,2,4,0.91245705,0.5188383
956,5,odd,4,8,0.9937261,0.61148465
957,0,even,0,0,0.99998236,0.9664314
958,8,even,4,8,0.9999993,0.86811864
959,4,even,2,4,0.99985313,0.9755558
960,0,even,0,0,0.6330486,0.5553092
961,7,odd,1,2,0.99899036,0.9355094
962,3,odd,1,2,0.8507354,0.9279679
963,6,even,2,4,0.78057563,0.8629876
964,1,odd,1,2,0.8757651,0.98462313
965,7,odd,1,2,0.5624445,0.07521303
966,1,odd,1,2,0.99102485,0.24547231
967,7,odd,2,4,0.98163027,0.813221
968,6,even,3,6,0.9999974,0.8755024
969,2,even,1,2,0.6890517,0.9573023
970,3,odd,4,8,0.9297028,0.89519733
971,5,odd,4,8,0.99953866,0.25895196
972,5,odd,4,8,0.9994672,0.07009622
973,7,odd,1,2,0.91754144,0.07795387
974,7,odd,1,2,0.64657986,0.46041322
975,4,even,2,4,0.9993888,0.60903597
976,8,even,4,8,0.9977344,0.9527033
977,1,odd,4,8,0.5934278,0.5032067
978,9,odd,2,4,0.9927146,0.27508143
979,7,odd,1,2,0.8503712,0.92223775
980,1,odd,4,8,0.92141944,0.842359
981,8,even,4,8,0.99843675,0.8844742
982,3,odd,4,8,0.36839682,0.43194127
983,6,even,3,6,0.99955744,0.59965414
984,2,even,1,2,0.99999785,0.99012834
985,0,even,0,0,0.9999957,0.75013137
986,5,odd,0,0,0.6432011,0.027592095
987,4,even,2,4,0.999876,0.9881164
988,0,even,0,0,0.9797767,0.97504073
989,2,even,1,2,0.99999785,0.97237664
990,1,odd,4,8,0.7081826,0.90603477
991,8,even,4,8,0.95536673,0.7911817
992,8,even,4,8,0.9992698,0.47177485
993,9,odd,2,4,0.99458706,0.11553439
994,9,odd,2,4,0.89146554,0.48664966
995,6,even,3,6,0.9999105,0.9344635
996,2,even,1,2,0.6612136,0.98934454
997,2,even,1,2,0.9996693,0.894567
998,7,odd,1,2,0.537838,0.9517367
999,1,odd,4,8,0.91496605,0.64661044
1000,7,odd,1,2,0.8352864,0.021645632
1001,4,even,2,4,0.99999154,0.9773361
1002,3,odd,4,8,0.9266138,0.96325815
1003,1,odd,4,8,0.99247414,0.88439095
1004,0,even,0,0,0.9999826,0.99201816
1005,5,odd,3,6,0.5412407,0.7542574
1006,5,odd,4,8,0.9039595,0.08971835
1007,8,even,4,8,0.999483,0.98841643
1008,9,odd,4,8,0.97830164,0.9761406
1009,0,even,0,0,0.99994195,0.9768007
1010,6,even,3,6,0.9993605,0.89221597
1011,9,odd,2,4,0.99264586,0.7695901
1012,7,odd,4,8,0.88681936,0.011740473
1013,0,even,0,0,0.99996734,0.95325685
1014,4,even,2,4,0.9998758,0.98153573
1015,3,odd,4,8,0.99798405,0.86085963
1016,2,even,1,2,0.7663478,0.04100695
1017,3,odd,1,2,0.941126,0.085335955
1018,4,even,2,4,0.99986863,0.9857143
1019,9,odd,2,4,0.8070298,0.8573226
1020,3,odd,4,8,0.97688484,0.7158678
1021,1,odd,4,8,0.7688014,0.64054835
1022,5,odd,4,8,0.7912415,0.0042106067
1023,1,odd,4,8,0.8435075,0.5353505
1024,7,odd,2,4,0.8656319,0.0031429182
1025,9,odd,2,4,0.98158985,0.23810558
1026,4,even,2,4,0.9997898,0.96207166
1027,3,odd,4,8,0.99972004,0.9934603
1028,6,even,3,6,0.9999995,0.73929626
1029,9,odd,2,4,0.9173008,0.9737119
1030,0,even,0,0,0.99697685,0.8628298
1031,3,odd,4,8,0.9863042,0.87275845
1032,7,odd,0,0,0.8764173,0.44856066
1033,9,odd,2,4,0.9684313,0.8907467
1034,5,odd,4,8,0.90405756,0.3985072
1035,3,odd,1,2,0.76909995,0.07758799
1036,3,odd,4,8,0.78245014,0.9581633
1037,5,odd,4,8,0.6026194,0.005174742
1038,1,odd,4,8,0.65625346,0.9947865
1039,9,odd,2,4,0.9588942,0.30821142
1040,5,odd,4,8,0.99984086,0.725901
1041,1,odd,4,8,0.84048754,0.55107445
1042,4,even,2,4,0.9973859,0.87767106
1043,3,odd,4,8,0.99876475,0.0020436232
1044,1,odd,4,8,0.9183571,0.95880795
1045,5,odd,4,8,0.91256684,0.9549968
1046,8,even,4,8,0.99646205,0.46559808
1047,4,even,2,4,0.99998903,0.9664161
1048,6,even,3,6,0.9999994,0.90542805
1049,5,odd,4,8,0.9998087,0.76764077
1050,0,even,0,0,0.9995579,0.67790306
1051,5,odd,4,8,0.99274135,0.20627189
1052,3,odd,4,8,0.9352881,0.5293042
1053,7,odd,4,8,0.38153768,0.0055963746
1054,1,odd,4,8,0.97195315,0.9783468
1055,6,even,3,6,0.99935275,0.9010527
1056,8,even,4,8,0.9994382,0.9322274
1057,2,even,1,2,0.9043283,0.04694228
1058,7,odd,1,2,0.8698837,0.052288167
1059,0,even,0,0,0.82194865,0.023089495
1060,8,even,4,8,0.99996305,0.88250715
1061,9,odd,4,8,0.6061037,0.15072788
1062,2,even,1,2,0.9980983,0.07669133
1063,3,odd,4,8,0.8846105,0.9786662
1064,5,odd,4,8,0.9519338,0.3825702
1065,8,even,4,8,0.9999918,0.9748423
1066,3,odd,0,0,0.88721555,0.21343742
1067,2,even,1,2,0.9919668,0.06336854
1068,1,odd,4,8,0.56326324,0.51176286
1069,2,even,1,2,0.99980384,0.99725
1070,1,odd,4,8,0.9708026,0.8289866
1071,5,odd,0,0,0.92806685,0.048046507
1072,9,odd,2,4,0.9914608,0.11111653
1073,9,odd,2,4,0.98564446,0.22904362
1074,6,even,3,6,0.9999224,0.9873466
1075,3,odd,1,2,0.9681524,0.9944516
1076,7,odd,1,2,0.9672149,0.69067144
1077,5,odd,4,8,0.9990963,0.35595483
1078,2,even,1,2,0.8351732,0.09967322
1079,5,odd,4,8,0.9611516,0.089390166
1080,6,even,3,6,0.9999988,0.9261155
1081,5,odd,4,8,0.9535667,0.3829664
1082,5,odd,2,4,0.731679,0.0048059677
1083,3,odd,4,8,0.73781645,0.9560663
1084,6,even,3,6,0.99992466,0.9475497
1085,5,odd,4,8,0.7768061,0.0010116287
1086,0,even,0,0,0.99999416,0.22059716
1087,1,odd,4,8,0.8406615,0.38775522
1088,3,odd,1,2,0.99736136,0.31831372
1089,4,even,2,4,0.99994147,0.9290971
1090,9,odd,2,4,0.8553763,0.63899875
1091,4,even,2,4,0.99992716,0.81884384
1092,4,even,2,4,0.99967027,0.9429562
1093,9,odd,2,4,0.8716149,0.0024870513
1094,2,even,1,2,0.99732083,0.98631245
1095,3,odd,4,8,0.8229651,0.90969414
1096,9,odd,2,4,0.9854675,0.6827159
1097,1,odd,4,8,0.93918556,0.8950405
1098,7,odd,4,8,0.4148627,0.01732422
1099,7,odd,1,2,0.9989372,0.9550824
1100,0,even,0,0,0.9999118,0.45165655
1101,1,odd,4,8,0.97031397,0.93934864
1102,4,even,2,4,0.9925051,0.52767015
1103,6,even,3,6,0.9999374,0.6567358
1104,4,even,2,4,0.9993625,0.93536586
1105,7,odd,1,2,0.7157877,0.08217592
1106,1,odd,4,8,0.9263844,0.84549963
1107,5,odd,3,6,0.7670413,0.30121765
1108,4,even,2,4,0.9995766,0.94046015
1109,4,even,2,4,0.9999008,0.97975403
1110,7,odd,1,2,0.99845755,0.98669434
1111,6,even,3,6,0.999923,0.9307862
1112,7,odd,2,4,0.98209065,0.8932169
1113,1,odd,4,8,0.81702405,0.065076105
1114,7,odd,1,2,0.7061364,0.63027996
1115,2,even,1,2,0.83764803,0.79645175
1116,9,odd,2,4,0.98694044,0.81724936
1117,5,odd,4,8,0.991991,0.35334238
1118,8,even,4,8,0.99919254,0.9360872
1119,4,even,2,4,0.99992347,0.7296321
1120,2,even,1,2,0.99997425,0.997408
1121,0,even,0,0,0.9999993,0.17454492
1122,6,even,3,6,0.9999993,0.9408053
1123,0,even,0,0,0.9999342,0.51055324
1124,2,even,1,2,0.99999416,0.6621814
1125,8,even,4,8,0.9992873,0.7638588
1126,6,even,3,6,0.99999356,0.97316337
1127,7,odd,1,2,0.9441067,0.4170852
1128,7,odd,0,0,0.8182812,0.00063540344
1129,3,odd,4,8,0.99043065,0.45326608
1130,2,even,1,2,0.9999558,0.9705075
1131,9,odd,2,4,0.9900147,0.9609939
1132,4,even,2,4,0.9999362,0.9632436
1133,4,even,2,4,0.77155286,0.55972093
1134,1,odd,4,8,0.7573684,0.8104336
1135,4,even,2,4,0.9307232,0.21090169
1136,6,even,3,6,0.99999464,0.9832985
1137,0,even,0,0,0.98797834,0.7806936
1138,2,even,1,2,0.9999994,0.9961533
1139,1,odd,4,8,0.9569037,0.7813676
1140,0,even,0,0,0.99997234,0.9250033
1141,3,odd,1,2,0.7962782,0.06417942
1142,2,even,1,2,0.99998415,0.98520756
1143,4,even,2,4,0.99990964,0.98519367
1144,2,even,1,2,0.98453146,0.98309904
1145,9,odd,2,4,0.9747199,0.9298137
1146,8,even,4,8,0.9999317,0.99435884
1147,9,odd,2,4,0.9470995,0.9310593
1148,7,odd,1,2,0.70718706,0.21412712
1149,6,even,3,6,0.9014252,0.041259166
1150,8,even,4,8,0.9984627,0.9708546
1151,9,odd,4,8,0.53648275,0.9686511
1152,0,even,0,0,0.9999999,0.8945757
1153,4,even,2,4,0.9352163,0.70700926
1154,4,even,2,4,0.99893826,0.7239201
1155,7,odd,1,2,0.63634443,0.8117159
1156,1,odd,4,8,0.73017067,0.9770238
1157,4,even,2,4,0.80424106,0.5385915
1158,0,even,0,0,0.9999987,0.45784655
1159,4,even,2,4,0.99958426,0.9878582
1160,1,odd,4,8,0.75001085,0.8994225
1161,4,even,2,4,0.9997694,0.9706805
1162,2,even,1,2,0.9837816,0.016986081
1163,7,odd,0,0,0.51712567,0.49520066
1164,5,odd,4,8,0.9842278,0.9769951
1165,4,even,2,4,0.9999809,0.9324729
1166,8,even,4,8,0.9997677,0.8557652
1167,4,even,2,4,0.9968316,0.36951157
1168,9,odd,2,4,0.75876856,0.74405664
1169,1,odd,4,8,0.83885366,0.9934629
1170,1,odd,4,8,0.9615263,0.90865433
1171,6,even,3,6,0.99998593,0.989094
1172,1,odd,4,8,0.94646174,0.6153271
1173,8,even,4,8,0.9999989,0.7760691
1174,8,even,4,8,0.99796546,0.68324715
1175,7,odd,4,8,0.9029206,0.99214464
1176,7,odd,1,2,0.89897865,0.9468315
1177,6,even,3,6,0.99995196,0.15383753
1178,7,odd,1,2,0.90245837,0.6201327
1179,9,odd,2,4,0.9983101,0.90066594
1180,1,odd,1,2,0.6778255,0.7293415
1181,5,odd,4,8,0.84144825,0.8135993
1182,4,even,2,4,0.99958867,0.65492254
1183,3,odd,4,8,0.98639166,0.022243746
1184,4,even,2,4,0.99999976,0.879934
1185,7,odd,4,8,0.8232879,0.73229194
1186,6,even,3,6,0.9999546,0.86885023
1187,5,odd,4,8,0.77572876,0.48550007
1188,2,even,1,2,0.99999666,0.96913886
1189,9,odd,2,4,0.9701827,0.16231385
1190,2,even,1,2,0.99969304,0.8412
1191,0,even,0,0,0.99986315,0.81690645
1192,9,odd,4,8,0.81222755,0.89056164
1193,7,odd,2,4,0.99990475,0.046426438
1194,2,even,1,2,0.99999213,0.04405218
1195,6,even,3,6,0.99989104,0.9644578
1196,9,odd,2,4,0.9983779,0.8761591
1197,8,even,4,8,0.99989414,0.93930817
1198,7,odd,2,4,0.9358126,0.9888115
1199,7,odd,0,0,0.5549903,0.0024880143
1200,1,odd,4,8,0.8677467,0.9777444
1201,0,even,0,0,0.9989754,0.8505361
1202,9,odd,2,4,0.9991616,0.6310133
1203,5,odd,4,8,0.9058293,0.8432501
1204,2,even,1,2,0.9999454,0.8572139
1205,5,odd,4,8,0.74362224,0.7333234
1206,8,even,4,8,0.618965,0.42925668
1207,0,even,0,0,0.9960211,0.94310033
1208,8,even,4,8,0.9995746,0.8722511
1209,7,odd,2,4,0.4551391,0.71035147
1210,1,odd,4,8,0.5458487,0.97560096
1211,2,even,1,2,0.99999547,0.99884075
1212,8,even,4,8,0.99999535,0.9019867
1213,0,even,0,0,0.9993723,0.83246636
1214,0,even,0,0,0.9999901,0.6982632
1215,4,even,2,4,0.9993024,0.93043774
1216,0,even,0,0,0.99999416,0.48832044
1217,0,even,0,0,0.9999747,0.9341934
1218,4,even,2,4,0.9752514,0.9012762
1219,5,odd,4,8,0.9682671,0.96616983
1220,2,even,1,2,0.99237365,0.9314376
1221,2,even,1,2,0.9980585,0.9703499
1222,1,odd,4,8,0.96086323,0.9570245
1223,3,odd,4,8,0.9997192,0.93980426
1224,5,odd,4,8,0.99789596,0.9741761
1225,5,odd,0,0,0.9732068,0.9033505
1226,9,odd,4,8,0.64934677,0.69637024
1227,3,odd,4,8,0.99990237,0.31630006
1228,3,odd,1,2,0.75377053,0.02862324
1229,8,even,4,8,0.99999213,0.81445515
1230,1,odd,4,8,0.9227749,0.654308
1231,5,odd,4,8,0.97226983,0.8648793
1232,0,even,0,0,0.9962655,0.8262278
1233,5,odd,4,8,0.97845536,0.9148568
1234,9,odd,0,0,0.9995877,0.43106765
1235,8,even,4,8,0.9997943,0.836228
1236,9,odd,2,4,0.74644786,0.8216688
1237,9,odd,2,4,0.9778244,0.97555894
1238,0,even,0,0,0.99999356,0.883893
1239,4,even,2,4,0.99989057,0.9503379
1240,5,odd,4,8,0.9992519,0.82319677
1241,7,odd,4,8,0.49634424,0.007391558
1242,9,odd,2,4,0.43864104,0.029180858
1243,1,odd,4,8,0.84308887,0.7867135
1244,7,odd,4,8,0.6328785,0.873157
1245,4,even,2,4,0.9999782,0.9950472
1246,0,even,0,0,0.9995946,0.38048378
1247,4,even,2,4,0.94913703,0.8469625
1248,6,even,3,6,0.9983493,0.9188215
1249,5,odd,0,0,0.68146765,0.19678485
1250,9,odd,2,4,0.9999218,0.8991892
1251,4,even,2,4,0.9876068,0.4474551
1252,3,odd,3,6,0.8556731,0.0096681155
1253,5,odd,0,0,0.985438,0.051732965
1254,0,even,0,0,0.9999745,0.77237445
1255,3,odd,4,8,0.968054,0.7664539
1256,9,odd,2,4,0.96990216,0.8505321
1257,1,odd,4,8,0.8034576,0.62572426
1258,2,even,1,2,0.9982868,0.83094406
1259,2,even,1,2,0.99241734,0.8464774
1260,8,even,4,8,0.9990681,0.6721857
1261,4,even,2,4,0.9999441,0.9535132
1262,6,even,3,6,0.58804,0.34832653
1263,6,even,3,6,0.99999845,0.9523678
1264,3,odd,2,4,0.9844582,0.8854576
1265,8,even,4,8,0.99998605,0.67483824
1266,5,odd,3,6,0.9689246,0.97944915
1267,9,odd,2,4,0.99754566,0.55645585
1268,8,even,4,8,0.99920696,0.6720825
1269,0,even,0,0,0.9992625,0.63346326
1270,2,even,1,2,0.9996828,0.99661034
1271,4,even,2,4,0.99995434,0.9090509
1272,9,odd,2,4,0.89269274,0.9016285
1273,6,even,3,6,0.99937916,0.8716285
1274,0,even,0,0,0.9993868,0.96306676
1275,2,even,1,2,0.99956304,0.7361561
1276,8,even,4,8,0.99999034,0.8835225
1277,3,odd,1,2,0.9951367,0.9458749
1278,1,odd,1,2,0.61324257,0.9294457
1279,0,even,0,0,0.9503295,0.0077338624
1280,5,odd,3,6,0.9981263,0.16582377
1281,0,even,0,0,0.9999608,0.9200051
1282,2,even,1,2,0.9991327,0.89313376
1283,0,even,0,0,0.9990376,0.4683218
1284,2,even,1,2,0.9976373,0.9726501
1285,3,odd,4,8,0.92953044,0.8125806
1286,9,odd,2,4,0.98708713,0.78886163
1287,9,odd,2,4,0.96686256,0.6527224
1288,5,odd,3,6,0.8914487,0.96874857
1289,1,odd,4,8,0.94021654,0.96322155
1290,7,odd,2,4,0.46611193,0.4716748
1291,0,even,0,0,0.9998908,0.953868
1292,1,odd,4,8,0.93917346,0.5342285
1293,6,even,3,6,0.99972683,0.96141
1294,1,odd,4,8,0.9896102,0.984054
1295,0,even,0,0,0.99964595,0.9520676
1296,1,odd,4,8,0.9957979,0.67820054
1297,1,odd,4,8,0.88998324,0.9296986
1298,4,even,2,4,0.99758375,0.60433006
1299,0,even,0,0,0.99997914,0.93120545
1300,2,even,1,2,0.9999385,0.5678454
1301,7,odd,1,2,0.87113506,0.06924478
1302,2,even,1,2,0.9999893,0.91279936
1303,0,even,0,0,0.9899121,0.59450686
1304,0,even,0,0,0.99992585,0.9461763
1305,7,odd,4,8,0.47251654,0.0037975356
1306,8,even,4,8,0.99978226,0.8972159
1307,4,even,2,4,0.9999435,0.9823736
1308,4,even,2,4,0.9986721,0.16726482
1309,2,even,1,2,0.99988866,0.7106237
1310,6,even,3,6,0.9999999,0.89348346
1311,7,odd,4,8,0.41354117,0.9676458
1312,0,even,0,0,0.99995446,0.9473191
1313,2,even,1,2,0.99990726,0.66241837
1314,6,even,3,6,0.9999963,0.9625611
1315,4,even,2,4,0.9996948,0.39646578
1316,3,odd,3,6,0.9321263,0.066703774
1317,1,odd,4,8,0.9869639,0.98177034
1318,3,odd,4,8,0.5250449,0.18024877
1319,0,even,0,0,0.9995016,0.9768942
1320,5,odd,3,6,0.8855111,0.8138795
1321,9,odd,2,4,0.89570236,0.90326446
1322,7,odd,1,2,0.99828327,0.70914036
1323,7,odd,1,2,0.7848496,0.97634184
1324,4,even,2,4,0.9955035,0.89004594
1325,2,even,1,2,0.98265463,0.0640413
1326,8,even,4,8,0.9977143,0.9898471
1327,7,odd,0,0,0.48533726,0.82077044
1328,8,even,4,8,0.9999957,0.99042666
1329,7,odd,4,8,0.6102947,0.0074516167
1330,4,even,2,4,0.99049056,0.55552304
1331,2,even,1,2,0.99998856,0.9661124
1332,7,odd,2,4,0.5741142,0.8497036
1333,3,odd,1,2,0.9583253,0.28857514
1334,6,even,3,6,0.9999418,0.7750989
1335,6,even,3,6,0.9999951,0.9956741
1336,2,even,1,2,0.98031265,0.14169835
1337,7,odd,2,4,0.6945396,0.07340723
1338,2,even,1,2,0.9999994,0.0012524412
1339,3,odd,4,8,0.782593,0.99521756
1340,5,odd,4,8,0.92130893,0.10465824
1341,3,odd,1,2,0.9974929,0.80245924
1342,5,odd,4,8,0.99499536,0.86793154
1343,9,odd,2,4,0.94654965,0.3914916
1344,0,even,0,0,0.9999597,0.98586917
1345,9,odd,2,4,0.96940136,0.92340934
1346,4,even,2,4,0.9948533,0.011217069
1347,7,odd,1,2,0.6772294,0.05552882
1348,3,odd,1,2,0.9702575,0.7751708
1349,6,even,3,6,0.99959904,0.9853951
1350,6,even,3,6,0.99402,0.42681324
1351,3,odd,3,6,0.8922482,0.00030997684
1352,0,even,0,0,0.99964607,0.959586
1353,4,even,2,4,0.9997863,0.96207774
1354,6,even,3,6,0.9995059,0.8363536
1355,4,even,2,4,0.99699736,0.7769421
1356,6,even,3,6,0.9997166,0.99075574
1357,1,odd,4,8,0.9885682,0.9875135
1358,2,even,1,2,0.99997866,0.995876
1359,2,even,1,2,0.99999344,0.9277279
1360,2,even,1,2,0.99254215,0.017332088
1361,0,even,0,0,0.9997843,0.76977587
1362,8,even,4,8,0.9999628,0.9717523
1363,2,even,1,2,0.9999808,0.58589184
1364,5,odd,3,6,0.4811956,0.01722978
1365,1,odd,4,8,0.8029265,0.49564767
1366,6,even,3,6,0.99999595,0.9709089
1367,9,odd,2,4,0.8801276,0.2253705
1368,1,odd,4,8,0.8774039,0.9870423
1369,7,odd,2,4,0.4127949,0.16897076
1370,1,odd,4,8,0.9611126,0.1267352
1371,2,even,1,2,0.9869186,0.42715076
1372,4,even,2,4,0.9999802,0.9898314
1373,0,even,0,0,0.9937038,0.7378382
1374,7,odd,4,8,0.6552765,0.00011908454
1375,8,even,4,8,0.9974564,0.8513829
1376,5,odd,2,4,0.5421971,0.012776318
1377,1,odd,2,4,0.9937622,0.84224564
1378,2,even,4,8,0.6300767,0.008988155
1379,4,even,2,4,0.9999976,0.9772335
1380,6,even,3,6,0.8813341,4.6907633e-05
1381,8,even,4,8,0.9999994,0.92043805
1382,2,even,1,2,0.9973991,0.9504137
1383,8,even,4,8,0.99969876,0.95171833
1384,1,odd,4,8,0.9445573,0.6308291
1385,8,even,4,8,0.9963291,0.6223148
1386,2,even,1,2,0.9958936,0.91843957
1387,9,odd,2,4,0.33164594,0.09415737
1388,8,even,4,8,0.99988353,0.2315477
1389,8,even,4,8,0.9997204,0.97849566
1390,8,even,4,8,0.999997,0.8558599
1391,8,even,4,8,0.9999795,0.7004169
1392,1,odd,4,8,0.9769033,0.92500925
1393,3,odd,4,8,0.9966176,0.8929281
1394,3,odd,4,8,0.991409,0.9274934
1395,5,odd,4,8,0.6746651,0.009835603
1396,5,odd,4,8,0.6195523,0.083011225
1397,1,odd,4,8,0.99534386,0.9507956
1398,7,odd,2,4,0.90480906,0.020559594
1399,0,even,0,0,0.99963284,0.78261685
1400,7,odd,4,8,0.6462492,0.06904686
1401,3,odd,0,0,0.6426489,0.026945207
1402,6,even,3,6,0.999998,0.93500525
1403,4,even,2,4,0.99925214,0.98331106
1404,6,even,3,6,0.99821115,0.85703385
1405,6,even,3,6,0.9992061,0.9717248
1406,8,even,4,8,0.99654585,0.6339548
1407,8,even,4,8,0.99998367,0.97665775
1408,4,even,2,4,0.99999774,0.97309995
1409,4,even,2,4,0.9999262,0.9865921
1410,1,odd,4,8,0.9865274,0.79791075
1411,2,even,1,2,0.99997854,0.8534536
1412,2,even,1,2,0.99999654,0.88464296
1413,7,odd,2,4,0.8285769,0.0027932925
1414,2,even,1,2,0.99931717,0.10069647
1415,5,odd,4,8,0.52677274,0.30565783
1416,0,even,0,0,0.99999356,0.9092181
1417,2,even,1,2,0.9999999,0.97901493
1418,6,even,3,6,0.999959,0.93920213
1419,5,odd,0,0,0.6193308,0.5306874
1420,5,odd,4,8,0.82907844,0.6680335
1421,3,odd,1,2,0.51747954,0.90162325
1422,0,even,0,0,0.9986029,0.96239996
1423,8,even,4,8,0.99994576,0.93872666
1424,8,even,4,8,0.9999198,0.7997043
1425,0,even,0,0,0.9698962,0.7564054
1426,3,odd,1,2,0.83373684,0.45840076
1427,4,even,2,4,0.9985877,0.83168685
1428,9,odd,2,4,0.99981254,0.6796818
1429,0,even,0,0,0.9940811,0.17037545
1430,6,even,3,6,0.9999577,0.9133263
1431,7,odd,4,8,0.99125063,0.78761464
1432,1,odd,4,8,0.93083245,0.75554293
1433,9,odd,2,4,0.9978933,0.8188664
1434,1,odd,4,8,0.7722809,0.1777042
1435,4,even,2,4,0.9953941,0.96290755
1436,9,odd,2,4,0.97010237,0.755068
1437,5,odd,4,8,0.922713,0.26330447
1438,6,even,3,6,0.9999999,0.9544838
1439,7,odd,4,8,0.45653516,0.12111949
1440,2,even,1,2,0.99981815,0.91225284
1441,1,odd,4,8,0.7795303,0.5550751
1442,0,even,0,0,0.9999367,0.9586115
1443,8,even,4,8,0.9999795,0.9357661
1444,7,odd,1,2,0.7928639,0.027953051
1445,9,odd,2,4,0.9963019,0.88455486
1446,1,odd,1,2,0.7635804,0.0916691
1447,1,odd,4,8,0.8964519,0.58241
1448,8,even,4,8,0.9998896,0.9556697
1449,4,even,2,4,0.9990426,0.9888228
1450,4,even,2,4,0.99918026,0.9801326
1451,0,even,0,0,0.9999969,0.93081987
1452,8,even,4,8,0.997437,0.24547838
1453,1,odd,4,8,0.9234749,0.78744507
1454,6,even,3,6,0.9995896,0.98461074
1455,2,even,1,2,0.9997633,0.66823304
1456,5,odd,4,8,0.93988216,0.79864335
1457,4,even,2,4,0.9946742,0.9870812
1458,9,odd,2,4,0.9969405,0.6117416
1459,3,odd,1,2,0.57146066,0.832424
1460,1,odd,4,8,0.9069257,0.93021774
1461,2,even,1,2,0.9991854,0.6953167
1462,0,even,0,0,0.95931673,0.21193482
1463,4,even,2,4,0.99001336,0.8926487
1464,3,odd,4,8,0.9996401,0.71480167
1465,8,even,4,8,0.9999149,0.9652682
1466,9,odd,2,4,0.965119,0.08903621
1467,7,odd,0,0,0.828341,0.70903367
1468,9,odd,2,4,0.9701582,0.83624053
1469,4,even,2,4,0.97813046,0.9781336
1470,6,even,3,6,0.9996656,0.9429389
1471,4,even,2,4,0.9999672,0.97901
1472,7,odd,2,4,0.9997838,0.7564598
1473,0,even,0,0,0.9999496,0.95193356
1474,7,odd,2,4,0.99031407,0.027907837
1475,6,even,3,6,0.99999905,0.9380817
1476,1,odd,4,8,0.99037206,0.57569045
1477,3,odd,3,6,0.7914515,0.09029413
1478,2,even,1,2,0.99873227,0.505191
1479,5,odd,0,0,0.57649136,0.027514389
1480,5,odd,4,8,0.9601264,0.43328848
1481,7,odd,0,0,0.5522123,0.3838986
1482,7,odd,1,2,0.486101,0.5543306
1483,9,odd,2,4,0.5173579,0.43972373
1484,9,odd,2,4,0.95580685,0.24999759
1485,6,even,3,6,0.99936837,0.8915283
1486,2,even,1,2,0.99672514,0.008550707
1487,2,even,1,2,0.9995198,0.9790804
1488,5,odd,4,8,0.6391103,0.87207425
1489,5,odd,4,8,0.9815979,0.05435836
1490,7,odd,4,8,0.5449189,0.5348642
1491,1,odd,4,8,0.77479285,0.5749536
1492,6,even,3,6,0.9999975,0.94999105
1493,0,even,0,0,0.99998605,0.9195587
1494,3,odd,4,8,0.9943299,0.78737676
1495,2,even,1,2,0.9999324,0.23458692
1496,3,odd,1,2,0.9897759,0.7661554
1497,4,even,2,4,0.99522436,0.8681305
1498,6,even,3,6,0.9993824,0.94555646
1499,3,odd,1,2,0.99967325,0.8016071
1500,5,odd,0,0,0.5092523,0.49038208
1501,2,even,1,2,0.9994766,0.9619492
1502,7,odd,4,8,0.6222181,0.9664016
1503,4,even,2,4,0.9995844,0.986974
1504,8,even,4,8,0.9046429,0.8867293
1505,3,odd,1,2,0.73014176,0.9238018
1506,7,odd,2,4,0.98512495,0.078040764
1507,4,even,2,4,0.9999989,0.9711096
1508,9,odd,2,4,0.94453263,0.49670804
1509,8,even,4,8,0.9996412,0.89403856
1510,5,odd,2,4,0.7667941,0.16810538
1511,7,odd,0,0,0.504482,0.0012784286
1512,0,even,0,0,0.9998703,0.42174047
1513,3,odd,4,8,0.9949149,0.15885963
1514,2,even,1,2,0.9999976,0.78171253
1515,8,even,4,8,0.9993007,0.9587563
1516,0,even,0,0,0.99904853,0.9626648
1517,4,even,2,4,0.9790911,0.5607527
1518,4,even,2,4,0.99769586,0.71984565
1519,6,even,3,6,0.99957234,0.9154242
1520,8,even,4,8,0.9896768,0.8699636
1521,1,odd,4,8,0.82247245,0.88314897
1522,2,even,1,2,0.98928636,0.4617329
1523,0,even,0,0,0.98005575,0.8807928
1524,2,even,1,2,0.99183637,0.98281443
1525,0,even,0,0,0.98400855,0.84298444
1526,1,odd,4,8,0.85647696,0.8048718
1527,0,even,0,0,0.9838488,0.016359951
1528,1,odd,4,8,0.90583646,0.43695757
1529,5,odd,4,8,0.9666186,0.7617296
1530,7,odd,1,2,0.91079223,0.25823352
1531,6,even,3,6,0.99679023,0.980052
1532,8,even,4,8,0.67466867,0.9510212
1533,7,odd,4,8,0.6799934,0.12645051
1534,4,even,2,4,0.9998952,0.98015434
1535,7,odd,1,2,0.9628524,0.030303976
1536,6,even,3,6,0.9999776,0.91404325
1537,4,even,2,4,0.999977,0.9594832
1538,8,even,4,8,0.9941924,0.1769327
1539,4,even,2,4,0.99989355,0.97599626
1540,5,odd,4,8,0.8541054,0.4358828
1541,3,odd,4,8,0.97117484,0.8545255
1542,2,even,1,2,0.99999416,0.9668706
1543,4,even,2,4,0.9998957,0.9327358
1544,5,odd,0,0,0.6904335,0.15618213
1545,3,odd,4,8,0.97228473,0.3616419
1546,3,odd,4,8,0.97942275,0.20835671
1547,9,odd,2,4,0.988472,0.873982
1548,9,odd,2,4,0.98588413,0.86234105
1549,8,even,4,8,0.994666,0.92068803
1550,9,odd,2,4,0.996015,0.9972318
1551,7,odd,4,8,0.9022457,0.030713836
1552,8,even,4,8,0.999668,0.9849198
1553,4,even,2,4,0.9996711,0.9909123
1554,1,odd,4,8,0.8585246,0.12321156
1555,5,odd,4,8,0.8864198,0.0468744
1556,9,odd,2,4,0.9900889,0.7817047
1557,5,odd,3,6,0.58210224,0.9781039
1558,0,even,0,0,0.99950683,0.86776733
1559,2,even,1,2,0.99995244,0.9408724
1560,5,odd,4,8,0.81803757,0.23443116
1561,4,even,2,4,0.9998834,0.99353117
1562,4,even,2,4,0.9992066,0.996926
1563,9,odd,2,4,0.92743105,0.30231085
1564,6,even,3,6,0.9990646,0.75481284
1565,7,odd,1,2,0.98592454,0.9529793
1566,4,even,2,4,0.99958855,0.8975113
1567,3,odd,4,8,0.9516453,0.9945368
1568,0,even,0,0,0.9994254,0.97748053
1569,0,even,0,0,0.995226,0.50208426
1570,1,odd,4,8,0.96009785,0.44292706
1571,7,odd,4,8,0.9700023,0.2471641
1572,6,even,3,6,0.9984573,0.95838624
1573,0,even,0,0,0.97599274,0.15622741
1574,8,even,4,8,0.93454576,0.7709222
1575,6,even,3,6,0.9324228,0.05024232
1576,6,even,3,6,0.99999774,0.9599358
1577,6,even,3,6,0.99999344,0.9903571
1578,9,odd,2,4,0.9972777,0.85662544
1579,9,odd,2,4,0.9990338,0.8797325
1580,2,even,1,2,0.9956742,0.07044012
1581,0,even,0,0,0.9995221,0.9786381
1582,4,even,2,4,0.9998636,0.9947825
1583,0,even,0,0,0.9988838,0.70778483
1584,8,even,4,8,0.99464345,0.24832031
1585,3,odd,0,0,0.90113014,0.020612558
1586,8,even,4,8,0.99989355,0.894404
1587,6,even,3,6,0.9999995,0.9704735
1588,1,odd,1,2,0.5050322,0.9827642
1589,4,even,2,4,0.9981846,0.58903533
1590,2,even,1,2,0.9914697,0.0771122
1591,7,odd,1,2,0.7847021,0.02826678
1592,6,even,3,6,0.999987,0.66640174
1593,5,odd,0,0,0.8837274,0.19464909
1594,0,even,0,0,0.99998987,0.6747099
1595,4,even,2,4,0.99892116,0.982001
1596,6,even,3,6,0.9999801,0.8322269
1597,0,even,0,0,0.99992156,0.92047095
1598,7,odd,2,4,0.69130564,0.33722442
1599,1,odd,4,8,0.8445336,0.7236774
1600,1,odd,4,8,0.8830601,0.6648215
1601,4,even,2,4,0.9997665,0.95298624
1602,8,even,4,8,0.9999988,0.97242
1603,5,odd,4,8,0.99421656,0.6043706
1604,3,odd,4,8,0.94255304,0.97737795
1605,6,even,3,6,0.9997377,0.8453149
1606,6,even,3,6,0.99984336,0.9951479
1607,8,even,0,0,0.9939049,0.11748106
1608,0,even,0,0,0.99998677,0.77665395
1609,4,even,1,2,0.88368297,0.0016345201
1610,2,even,1,2,0.99996054,0.9904675
1611,4,even,2,4,0.98573005,0.7655204
1612,2,even,1,2,0.99520844,0.93251747
1613,4,even,2,4,0.9878896,0.87034374
1614,0,even,0,0,0.9999976,0.30128765
1615,9,odd,2,4,0.9508167,0.025886336
1616,8,even,4,8,0.9951873,0.96550727
1617,1,odd,4,8,0.8720542,0.54882574
1618,2,even,1,2,0.99999917,0.35163465
1619,6,even,3,6,0.9999279,0.8356812
1620,0,even,0,0,0.99976116,0.9102104
1621,6,even,3,6,0.9996474,0.91259134
1622,9,odd,2,4,0.87637836,0.29969144
1623,5,odd,0,0,0.49054587,0.096454665
1624,1,odd,4,8,0.99696475,0.9473965
1625,8,even,4,8,0.98766255,0.34058344
1626,7,odd,0,0,0.6004218,0.19060089
1627,1,odd,4,8,0.68558913,0.99038386
1628,1,odd,4,8,0.8265031,0.20342268
1629,2,even,1,2,0.99997354,0.87656426
1630,3,odd,4,8,0.9526803,0.9769264
1631,3,odd,1,2,0.9905648,0.9794439
1632,2,even,1,2,0.93181765,0.9644366
1633,1,odd,4,8,0.62689745,0.97539234
1634,3,odd,3,6,0.8493636,0.6364447
1635,5,odd,4,8,0.8489938,0.014373997
1636,6,even,3,6,0.99999976,0.9130866
1637,0,even,0,0,0.99990666,0.889379
1638,9,odd,2,4,0.6790255,0.48637065
1639,2,even,1,2,0.9871775,0.1801542
1640,0,even,0,0,0.9998847,0.9980825
1641,1,odd,4,8,0.7848592,0.2017346
1642,8,even,4,8,0.99996495,0.75944775
1643,0,even,0,0,0.99999785,0.39308664
1644,8,even,4,8,0.97152674,0.7751736
1645,1,odd,4,8,0.8775059,0.8309648
1646,0,even,0,0,0.99999833,0.7466773
1647,2,even,1,2,0.9999937,0.37706503
1648,4,even,2,4,0.99973005,0.9666109
1649,1,odd,4,8,0.99840325,0.95323074
1650,3,odd,4,8,0.9964444,0.8572353
1651,0,even,0,0,0.99953425,0.6800253
1652,1,odd,4,8,0.9887234,0.9967527
1653,8,even,4,8,0.9999844,0.9788438
1654,5,odd,0,0,0.7669335,0.0026781491
1655,6,even,3,6,0.9995148,0.4313074
1656,7,odd,1,2,0.431107,0.064101264
1657,0,even,0,0,0.61523235,0.16458896
1658,0,even,0,0,0.99996865,0.77446
1659,2,even,1,2,0.99999154,0.9932811
1660,1,odd,4,8,0.97803086,0.9886423
1661,6,even,3,6,0.99903035,0.7669393
1662,5,odd,4,8,0.52685434,0.062330157
1663,1,odd,4,8,0.9525173,0.97371393
1664,5,odd,4,8,0.88906914,0.034062713
1665,1,odd,4,8,0.5872664,0.8837994
1666,1,odd,4,8,0.95155174,0.9433685
1667,4,even,2,4,0.9633491,0.8759381
1668,6,even,3,6,0.99466777,0.6711942
1669,3,odd,4,8,0.9850365,0.9743062
1670,6,even,3,6,0.9999603,0.93802243
1671,9,odd,2,4,0.98982215,0.53102565
1672,3,odd,1,2,0.6748778,0.810292
1673,0,even,0,0,0.99999917,0.77562916
1674,8,even,4,8,0.9982419,0.9060107
1675,8,even,4,8,0.99935657,0.89836836
1676,9,odd,2,4,0.6079297,0.18460023
1677,4,even,2,4,0.9999945,0.9975038
1678,6,even,3,6,0.9999126,0.8809396
1679,9,odd,2,4,0.99107236,0.8312085
1680,5,odd,2,4,0.7277151,0.002185801
1681,5,odd,0,0,0.46230707,0.2784891
1682,4,even,2,4,0.67942595,0.3880369
1683,9,odd,2,4,0.96904165,0.15693197
1684,3,odd,4,8,0.626175,0.8540628
1685,7,odd,1,2,0.48963797,0.98706996
1686,2,even,1,2,0.99869186,0.7115479
1687,7,odd,4,8,0.5587257,0.0018853005
1688,2,even,1,2,0.9999968,0.9982175
1689,4,even,2,4,0.9994042,0.9838525
1690,9,odd,2,4,0.99835134,0.05336186
1691,9,odd,2,4,0.9963649,0.10299431
1692,9,odd,2,4,0.99840975,0.91140944
1693,8,even,4,8,0.9994948,0.3966318
1694,3,odd,4,8,0.7205078,0.9877582
1695,4,even,2,4,0.9995091,0.9501747
1696,5,odd,1,2,0.95340484,0.021322176
1697,8,even,4,8,0.9551108,0.9026949
1698,3,odd,4,8,0.90452117,0.0018724717
1699,3,odd,1,2,0.7739102,0.9783589
1700,5,odd,4,8,0.9980184,0.975091
1701,7,odd,1,2,0.95593196,0.6220858
1702,6,even,3,6,0.99999547,0.97369283
1703,5,odd,4,8,0.58999836,0.56596977
1704,3,odd,1,2,0.54100615,0.3519675
1705,3,odd,1,2,0.7265983,0.086785324
1706,3,odd,4,8,0.64694226,0.71843904
1707,3,odd,4,8,0.9881748,0.8100408
1708,6,even,3,6,0.99999857,0.99706906
1709,8,even,4,8,0.9985696,0.89172685
1710,1,odd,4,8,0.96869284,0.9959273
1711,5,odd,0,0,0.6991514,0.66862494
1712,2,even,1,2,0.9999989,0.79354954
1713,2,even,1,2,0.9999968,0.9920474
1714,5,odd,4,8,0.29963452,0.0041370513
1715,3,odd,4,8,0.81900483,0.800509
1716,9,odd,2,4,0.97732633,0.42093435
1717,0,even,0,0,0.9999013,0.98397195
1718,5,odd,4,8,0.914313,0.8468068
1719,4,even,2,4,0.99478525,0.2798634
1720,3,odd,3,6,0.9981194,0.8161765
1721,7,odd,2,4,0.69032544,0.7812583
1722,0,even,0,0,0.9997869,0.34953013
1723,9,odd,2,4,0.9920425,0.94867593
1724,3,odd,4,8,0.99448496,0.98089856
1725,0,even,0,0,0.9983719,0.97241837
1726,9,odd,2,4,0.703003,0.32201126
1727,3,odd,4,8,0.99079776,0.6484639
1728,2,even,1,2,0.9999995,0.9858415
1729,7,odd,0,0,0.9885113,0.06356984
1730,2,even,1,2,0.9249512,0.46555766
1731,3,odd,4,8,0.95553464,0.9947962
1732,5,odd,4,8,0.9449981,0.14727886
1733,9,odd,2,4,0.8724176,0.13346633
1734,1,odd,4,8,0.9746001,0.5590888
1735,1,odd,4,8,0.92097986,0.5413845
1736,5,odd,4,8,0.9989097,0.836523
1737,8,even,4,8,0.991284,0.73784196
1738,0,even,0,0,0.9999654,0.9314631
1739,5,odd,4,8,0.9894973,0.012946368
1740,9,odd,4,8,0.66092724,0.20639671
1741,0,even,0,0,0.9998222,0.9142814
1742,4,even,2,4,0.9930046,0.12497335
1743,1,odd,4,8,0.8024856,0.8183073
1744,3,odd,4,8,0.9955089,0.9723379
1745,4,even,2,4,0.964411,0.927279
1746,1,odd,4,8,0.96523106,0.4354598
1747,7,odd,2,4,0.94244355,0.6636328
1748,4,even,2,4,0.9367789,0.9573689
1749,4,even,2,4,0.99983895,0.97708374
1750,3,odd,4,8,0.9820509,0.37204683
1751,6,even,3,6,0.9930581,0.71289676
1752,9,odd,2,4,0.99534225,0.92078024
1753,0,even,0,0,0.9999981,0.6590183
1754,0,even,0,0,0.99986565,0.9607991
1755,0,even,0,0,0.9997844,0.98776066
1756,4,even,2,4,0.99237543,0.9847563
1757,3,odd,1,2,0.8618936,0.9345516
1758,7,odd,1,2,0.96085215,0.79526585
1759,0,even,0,0,0.9999912,0.7883989
1760,3,odd,0,0,0.8633981,0.03072663
1761,6,even,3,6,0.9995858,0.6886391
1762,0,even,0,0,0.97576183,0.09553099
1763,0,even,0,0,0.9999968,0.83204
1764,8,even,3,6,0.82333565,0.78997344
1765,8,even,4,8,0.99999905,4.26017e-05
1766,7,odd,1,2,0.98403704,0.8308467
1767,7,odd,1,2,0.64999783,0.15477014
1768,4,even,2,4,0.9992366,0.9123833
1769,1,odd,4,8,0.71443415,0.9051506
1770,7,odd,0,0,0.5670666,0.81726795
1771,4,even,2,4,0.9999957,0.98992634
1772,0,even,0,0,0.9998605,0.7378081
1773,8,even,4,8,0.9982322,0.99720025
1774,0,even,0,0,0.99303895,0.10907491
1775,4,even,2,4,0.99997795,0.98571837
1776,8,even,4,8,0.9999857,0.6641463
1777,6,even,3,6,0.9998802,0.9532535
1778,6,even,3,6,0.9995491,0.92610025
1779,1,odd,4,8,0.91285133,0.19147605
1780,0,even,0,0,0.9762843,0.5164693
1781,3,odd,4,8,0.8995185,0.97157073
1782,5,odd,4,8,0.95519215,0.66952187
1783,8,even,4,8,0.5955244,0.23696548
1784,0,even,0,0,0.9999174,0.9985261
1785,9,odd,2,4,0.99241126,0.7455258
1786,7,odd,1,2,0.49697778,0.7757047
1787,1,odd,4,8,0.9961056,0.9585869
1788,2,even,1,2,0.9276186,0.73192024
1789,6,even,3,6,0.9998423,0.97388726
1790,9,odd,2,4,0.99399734,0.8732661
1791,6,even,3,6,0.99996185,0.9833973
1792,4,even,2,4,0.999884,0.99771994
1793,8,even,4,8,0.9999331,0.7936358
1794,5,odd,4,8,0.93205553,0.12875019
1795,8,even,4,8,0.9988079,0.73984486
1796,4,even,2,4,0.99996793,0.9614946
1797,0,even,0,0,0.99456644,0.87419105
1798,5,odd,4,8,0.99647397,0.091545135
1799,5,odd,0,0,0.52640873,0.061829988
1800,5,odd,0,0,0.72475135,0.091589265
1801,2,even,1,2,0.9994404,0.99341255
1802,5,odd,4,8,0.99997914,0.2570553
1803,0,even,0,0,0.99974746,0.9880427
1804,3,odd,4,8,0.79337084,0.92423373
1805,6,even,3,6,0.9999993,0.9794549
1806,6,even,3,6,0.99997497,0.83510095
1807,7,odd,2,4,0.9122693,0.57357097
1808,5,odd,4,8,0.9517838,0.85933864
1809,2,even,1,2,0.9999951,0.91465557
1810,8,even,4,8,0.999658,0.72543806
1811,1,odd,1,2,0.55345166,0.99693215
1812,1,odd,4,8,0.9442085,0.9978192
1813,1,odd,4,8,0.76321864,0.9910347
1814,1,odd,4,8,0.9751094,0.6605741
1815,0,even,0,0,0.99994516,0.58578485
1816,5,odd,3,6,0.7815129,0.19802323
1817,9,odd,2,4,0.9440456,0.8867493
1818,9,odd,2,4,0.99993503,0.0014990224
1819,2,even,1,2,0.9999784,0.9799355
1820,8,even,4,8,0.99998605,0.9802934
1821,2,even,1,2,0.9999925,0.5528107
1822,2,even,1,2,0.99999917,0.9579767
1823,4,even,2,4,0.999816,0.90114856
1824,3,odd,4,8,0.98462784,0.06319798
1825,4,even,2,4,0.9999883,0.9914982
1826,9,odd,2,4,0.96826094,0.9578499
1827,3,odd,4,8,0.6525828,0.026318701
1828,4,even,2,4,0.9993112,0.89453727
1829,8,even,4,8,0.9789779,0.562153
1830,5,odd,4,8,0.99915373,0.18926258
1831,1,odd,4,8,0.9883935,0.9647468
1832,6,even,3,6,0.9999832,0.9687546
1833,5,odd,4,8,0.8406229,0.84636134
1834,2,even,1,2,0.9832917,0.9607947
1835,0,even,0,0,0.99842983,0.9462079
1836,9,odd,2,4,0.7110147,0.65346986
1837,3,odd,4,8,0.946396,0.47886354
1838,3,odd,4,8,0.794821,0.6291815
1839,0,even,0,0,0.9529441,0.7370081
1840,6,even,3,6,0.99999845,0.98006564
1841,1,odd,4,8,0.9213478,0.44124177
1842,2,even,1,2,0.9641217,0.0034223201
1843,8,even,4,8,0.9996853,0.970626
1844,1,odd,4,8,0.92096865,0.67677957
1845,8,even,4,8,0.99999857,0.3095863
1846,2,even,1,2,0.9748871,0.5190724
1847,4,even,2,4,0.9959901,0.958243
1848,9,odd,2,4,0.9930401,0.8381733
1849,6,even,3,6,0.99998295,0.96347743
1850,5,odd,4,8,0.9970099,0.90619314
1851,0,even,0,0,0.99998164,0.982498
1852,5,odd,4,8,0.58919364,0.1124166
1853,6,even,3,6,0.9999933,0.6976205
1854,8,even,4,8,0.9999294,0.97217363
1855,1,odd,4,8,0.65791214,0.9546786
1856,9,odd,2,4,0.9265786,0.6406485
1857,8,even,4,8,0.9999089,0.7507176
1858,6,even,3,6,0.997771,0.28359374
1859,7,odd,2,4,0.99896586,0.0037639993
1860,7,odd,1,2,0.5093636,0.66486055
1861,5,odd,3,6,0.88644904,0.17968878
1862,7,odd,2,4,0.4987439,0.56268245
1863,9,odd,2,4,0.9986274,0.74215335
1864,4,even,2,4,0.997615,0.94683075
1865,7,odd,1,2,0.65768737,0.05426535
1866,1,odd,4,8,0.9476698,0.74653023
1867,4,even,2,4,0.99937254,0.82142234
1868,3,odd,4,8,0.72062236,0.9345423
1869,4,even,2,4,0.99999297,0.9076117
1870,0,even,0,0,0.9999989,0.8767861
1871,8,even,2,4,0.588223,0.019691408
1872,6,even,3,6,0.9715166,0.9662307
1873,5,odd,4,8,0.9959623,0.0035232492
1874,8,even,4,8,0.9936878,0.7767947
1875,6,even,3,6,0.99999654,0.802841
1876,3,odd,3,6,0.6504817,0.07389818
1877,6,even,3,6,0.99999785,0.97695404
1878,3,odd,1,2,0.9972179,0.19890833
1879,4,even,2,4,0.99989724,0.98013526
1880,5,odd,4,8,0.9704161,0.41404098
1881,6,even,3,6,0.9999739,0.9440486
1882,7,odd,0,0,0.5400461,0.34569436
1883,2,even,1,2,0.9999993,0.9269437
1884,8,even,4,8,0.9999621,0.39720324
1885,2,even,1,2,0.9997435,0.98808295
1886,1,odd,4,8,0.9552597,0.6412526
1887,8,even,4,8,0.99998224,0.905639
1888,9,odd,2,4,0.99579704,0.28584725
1889,0,even,0,0,0.99959904,0.91272867
1890,9,odd,2,4,0.9993611,0.52343386
1891,5,odd,4,8,0.6581879,0.4494728
1892,0,even,0,0,0.99984324,0.9790709
1893,9,odd,2,4,0.9994103,0.90002775
1894,2,even,1,2,0.999597,0.49382347
1895,7,odd,1,2,0.9918473,0.11212889
1896,8,even,4,8,0.99999225,0.97069484
1897,7,odd,4,8,0.59166086,0.21409874
1898,0,even,0,0,0.9972556,0.9584149
1899,5,odd,4,8,0.612364,0.21423163
1900,5,odd,4,8,0.3658283,0.2923427
1901,4,even,2,4,0.99867505,0.9231275
1902,4,even,2,4,0.9998128,0.85830325
1903,3,odd,1,2,0.98589396,0.47687808
1904,0,even,0,0,0.99987864,0.4178008
1905,8,even,4,8,0.9998641,0.92681825
1906,6,even,3,6,0.9999989,0.9447877
1907,4,even,2,4,0.9999957,0.96002334
1908,9,odd,2,4,0.983823,0.9435132
1909,6,even,3,6,0.9999918,0.9765793
1910,5,odd,3,6,0.9812356,0.17562138
1911,5,odd,4,8,0.8773576,0.029459886
1912,1,odd,4,8,0.7464035,0.03076035
1913,4,even,2,4,0.99115646,0.7995976
1914,0,even,0,0,0.99936944,0.9616889
1915,5,odd,4,8,0.5288837,0.032487407
1916,1,odd,1,2,0.56165236,0.8292776
1917,6,even,3,6,0.9976305,0.9511329
1918,3,odd,1,2,0.99996066,0.69176775
1919,4,even,2,4,0.9907674,0.69136626
1920,8,even,4,8,0.9990056,0.7155395
1921,9,odd,2,4,0.96381086,0.84828717
1922,7,odd,4,8,0.65810126,0.04591471
1923,6,even,3,6,0.99896526,0.71074927
1924,8,even,4,8,0.9996487,0.5993225
1925,1,odd,4,8,0.99196637,0.5064736
1926,6,even,3,6,0.99998796,0.955896
1927,0,even,0,0,0.99505097,0.20553416
1928,3,odd,4,8,0.994753,0.102736644
1929,3,odd,1,2,0.6335696,0.061403908
1930,3,odd,1,2,0.98412055,0.34145996
1931,9,odd,2,4,0.9410638,0.97559094
1932,3,odd,4,8,0.9940294,0.97685605
1933,1,odd,4,8,0.8842345,0.58008385
1934,9,odd,2,4,0.99741626,0.8554419
1935,7,odd,1,2,0.9596442,0.513894
1936,7,odd,2,4,0.9908551,0.04983363
1937,9,odd,2,4,0.83596045,0.7778354
1938,7,odd,1,2,0.87854135,0.04034003
1939,8,even,4,8,0.9985733,0.9145474
1940,5,odd,1,2,0.57900745,0.26719588
1941,2,even,1,2,0.9940924,0.87676513
1942,3,odd,4,8,0.9098152,0.813087
1943,7,odd,2,4,0.7972806,0.009293438
1944,0,even,0,0,0.9999745,0.8167982
1945,7,odd,1,2,0.90661114,0.9602042
1946,3,odd,4,8,0.9994154,0.12931235
1947,6,even,3,6,0.9999975,0.98737377
1948,0,even,0,0,0.9999459,0.60161346
1949,3,odd,1,2,0.78983563,0.0008658424
1950,0,even,0,0,0.9999614,0.5271329
1951,2,even,1,2,0.8254241,0.33281827
1952,9,odd,2,4,0.9938263,0.8228745
1953,4,even,2,4,0.9991943,0.9610382
1954,5,odd,4,8,0.9963186,0.618934
1955,7,odd,2,4,0.9554686,0.041865733
1956,0,even,0,0,0.9990907,0.04982951
1957,9,odd,0,0,0.8031088,0.53534
1958,9,odd,2,4,0.9934278,0.1182395
1959,8,even,4,8,0.9999628,0.9493
1960,7,odd,1,2,0.84826326,0.7351864
1961,1,odd,4,8,0.9140436,0.92254394
1962,4,even,2,4,0.99999094,0.994978
1963,7,odd,1,2,0.9569977,0.7623899
1964,9,odd,2,4,0.9830598,0.16596226
1965,2,even,1,2,0.9987459,0.9065104
1966,2,even,1,2,0.9998741,0.9086091
1967,4,even,2,4,0.99997294,0.9972174
1968,9,odd,2,4,0.97770214,0.6328087
1969,4,even,2,4,0.61599034,0.17690618
1970,0,even,0,0,0.9785145,0.9211863
1971,3,odd,4,8,0.99267924,0.518358
1972,9,odd,1,2,0.8466934,0.6459597
1973,0,even,0,0,0.8553062,0.21127227
1974,8,even,4,8,0.99998796,0.62227714
1975,7,odd,0,0,0.9872212,0.015778858
1976,9,odd,2,4,0.99918,0.08670439
1977,8,even,4,8,0.9999964,0.93975896
1978,4,even,2,4,0.99989784,0.99482083
1979,6,even,3,6,0.9999237,0.41331926
1980,6,even,3,6,0.99999845,0.948286
1981,4,even,2,4,0.9999534,0.8202051
1982,9,odd,2,4,0.97470236,0.054822866
1983,5,odd,3,6,0.65973806,0.16538459
1984,1,odd,4,8,0.85917056,0.33426997
1985,4,even,2,4,0.9999399,0.9894923
1986,3,odd,3,6,0.6432406,0.86131185
1987,5,odd,4,8,0.986027,0.6092888
1988,8,even,4,8,0.99999523,0.7852756
1989,0,even,0,0,0.99502414,0.6887807
1990,6,even,3,6,0.9986008,0.9056522
1991,3,odd,4,8,0.9983583,0.83554476
1992,2,even,1,2,0.99999845,0.9382034
1993,3,odd,4,8,0.97104084,0.0066973856
1994,1,odd,4,8,0.9215251,0.09868094
1995,1,odd,1,2,0.49281082,0.477157
1996,8,even,4,8,0.9999453,0.988936
1997,1,odd,4,8,0.91295,0.99894243
1998,3,odd,4,8,0.9842333,0.25960568
1999,9,odd,2,4,0.96892,0.9152195
