idx,label,parity,recon_error
0,1,odd,0.012123521
1,9,odd,0.027452713
2,2,even,0.03757939
3,8,even,0.020141775
4,9,odd,0.027885308
5,0,even,0.0137433605
6,0,even,0.01930129
7,1,odd,0.025464354
8,3,odd,0.05974817
9,0,even,0.02208317
10,0,even,0.019872827
11,8,even,0.02963758
12,4,even,0.029542588
13,1,odd,0.014755197
14,2,even,0.03346084
15,3,odd,0.04362288
16,6,even,0.025101302
17,8,even,0.04154431
18,7,odd,0.038473953
19,6,even,0.019691484
20,9,odd,0.017763108
21,8,even,0.037142195
22,8,even,0.029527903
23,1,odd,0.017407317
24,0,even,0.017816367
25,7,odd,0.039988387
26,7,odd,0.05818518
27,6,even,0.017706579
28,1,odd,0.019039324
29,4,even,0.040609762
30,3,odd,0.052580845
31,3,odd,0.057717163
32,9,odd,0.022737065
33,5,odd,0.048735574
34,4,even,0.023391943
35,7,odd,0.037946768
36,1,odd,0.029433513
37,7,odd,0.059673965
38,2,even,0.025006047
39,3,odd,0.08312579
40,7,odd,0.05012713
41,5,odd,0.049437534
42,5,odd,0.04871167
43,3,odd,0.053122453
44,2,even,0.024573205
45,8,even,0.042744353
46,6,even,0.030861966
47,5,odd,0.08337406
48,2,even,0.033567015
49,2,even,0.031002238
50,1,odd,0.018639693
51,8,even,0.047227625
52,5,odd,0.033451546
53,6,even,0.036508482
54,2,even,0.040841743
55,6,even,0.029513985
56,5,odd,0.036531053
57,9,odd,0.030700995
58,9,odd,0.040647596
59,8,even,0.026030995
60,7,odd,0.04548992
61,4,even,0.025839612
62,6,even,0.017435718
63,0,even,0.016245402
64,9,odd,0.02357209
65,3,odd,0.053473778
66,8,even,0.028573021
67,8,even,0.026452811
68,4,even,0.02033222
69,4,even,0.023628546
70,6,even,0.02469488
71,5,odd,0.030698067
72,3,odd,0.048225496
73,0,even,0.01851595
74,4,even,0.037507042
75,4,even,0.034019433
76,4,even,0.02420812
77,6,even,0.024330499
78,0,even,0.034011733
79,3,odd,0.06646834
80,1,odd,0.024199905
81,9,odd,0.03542763
82,5,odd,0.059542444
83,4,even,0.028481064
84,4,even,0.01803452
85,8,even,0.03762184
86,0,even,0.019099556
87,4,even,0.038896184
88,5,odd,0.045348186
89,2,even,0.017634965
90,7,odd,0.05195626
91,7,odd,0.031826034
92,7,odd,0.07894976
93,9,odd,0.03929668
94,5,odd,0.036822125
95,2,even,0.0418259
96,7,odd,0.054672617
97,9,odd,0.02904416
98,1,odd,0.02173632
99,2,even,0.026956942
100,5,odd,0.04035606
101,0,even,0.070222214
102,2,even,0.04048542
103,4,even,0.041325986
104,7,odd,0.04513944
105,3,odd,0.06173709
106,4,even,0.013356953
107,3,odd,0.057255518
108,5,odd,0.06307929
109,1,odd,0.0359134
110,3,odd,0.04613245
111,8,even,0.045119878
112,8,even,0.037820056
113,7,odd,0.03867827
114,0,even,0.042032164
115,7,odd,0.032839596
116,2,even,0.037598524
117,2,even,0.02963586
118,6,even,0.021490734
119,5,odd,0.05967459
120,6,even,0.020848531
121,9,odd,0.018161656
122,8,even,0.027137535
123,4,even,0.021133639
124,3,odd,0.052227262
125,6,even,0.027396785
126,9,odd,0.043654494
127,1,odd,0.016618926
128,2,even,0.047681294
129,4,even,0.025637021
130,2,even,0.03311594
131,6,even,0.024221292
132,7,odd,0.051531646
133,7,odd,0.034608483
134,1,odd,0.016356992
135,8,even,0.0447159
136,1,odd,0.020233007
137,8,even,0.038032655
138,8,even,0.06040686
139,8,even,0.016253185
140,8,even,0.037770182
141,1,odd,0.042598084
142,0,even,0.016875826
143,3,odd,0.05191582
144,9,odd,0.036372934
145,8,even,0.024724597
146,4,even,0.018076342
147,9,odd,0.044135313
148,3,odd,0.035481546
149,7,odd,0.031059954
150,4,even,0.021404162
151,6,even,0.038980454
152,1,odd,0.034546334
153,0,even,0.018876761
154,6,even,0.014131809
155,0,even,0.017305095
156,0,even,0.014385943
157,6,even,0.009231559
158,3,odd,0.04893746
159,2,even,0.02132175
160,5,odd,0.030526247
161,7,odd,0.041060828
162,4,even,0.027336452
163,1,odd,0.022047544
164,6,even,0.027056305
165,6,even,0.02414216
166,1,odd,0.016460167
167,7,odd,0.04693906
168,0,even,0.03707381
169,2,even,0.038364653
170,6,even,0.040003154
171,2,even,0.040664345
172,5,odd,0.025641387
173,1,odd,0.028828114
174,7,odd,0.033537816
175,1,odd,0.019219985
176,4,even,0.029335411
177,6,even,0.019299904
178,8,even,0.01762228
179,5,odd,0.05374522
180,6,even,0.023531415
181,6,even,0.024143219
182,4,even,0.025111062
183,0,even,0.020122427
184,4,even,0.03440377
185,8,even,0.024826989
186,7,odd,0.030644907
187,4,even,0.024780415
188,6,even,0.02992448
189,3,odd,0.06375883
190,3,odd,0.05292556
191,1,odd,0.022247909
192,0,even,0.028644659
193,5,odd,0.027377779
194,9,odd,0.048906375
195,6,even,0.043067142
196,7,odd,0.0391995
197,2,even,0.057186306
198,5,odd,0.040017582
199,9,odd,0.022121562
200,8,even,0.04935655
201,5,odd,0.05434424
202,7,odd,0.03726958
203,2,even,0.041746218
204,1,odd,0.016235147
205,9,odd,0.039158758
206,6,even,0.020904582
207,0,even,0.031940583
208,1,odd,0.028179383
209,9,odd,0.040266324
210,4,even,0.023344463
211,7,odd,0.032025866
212,2,even,0.026035236
213,3,odd,0.04378054
214,7,odd,0.033992417
215,2,even,0.029890085
216,2,even,0.025924962
217,2,even,0.029065078
218,3,odd,0.04632931
219,1,odd,0.022125777
220,2,even,0.036322977
221,9,odd,0.035626143
222,4,even,0.033556398
223,1,odd,0.02207169
224,4,even,0.024282748
225,6,even,0.025065636
226,8,even,0.038248718
227,4,even,0.025731962
228,5,odd,0.044603154
229,2,even,0.021964086
230,5,odd,0.03660626
231,0,even,0.010339713
232,7,odd,0.044430435
233,9,odd,0.031551898
234,1,odd,0.016465854
235,3,odd,0.046559576
236,3,odd,0.024272373
237,4,even,0.028533386
238,2,even,0.019987298
239,0,even,0.028186414
240,4,even,0.018183649
241,2,even,0.027532874
242,0,even,0.022454932
243,5,odd,0.055695057
244,3,odd,0.042017635
245,5,odd,0.05665633
246,1,odd,0.025045132
247,9,odd,0.058857817
248,0,even,0.016713
249,0,even,0.02529726
250,7,odd,0.02765906
251,7,odd,0.031971317
252,6,even,0.03253732
253,8,even,0.026221998
254,8,even,0.036542114
255,7,odd,0.05617061
256,0,even,0.032890685
257,2,even,0.03676041
258,7,odd,0.058159586
259,1,odd,0.015188374
260,0,even,0.03651998
261,2,even,0.027380178
262,2,even,0.03645952
263,9,odd,0.03861753
264,4,even,0.035443354
265,6,even,0.02016105
266,5,odd,0.034584697
267,8,even,0.023849638
268,2,even,0.043942064
269,5,odd,0.044108674
270,2,even,0.02748116
271,6,even,0.03390435
272,9,odd,0.031511083
273,8,even,0.031694684
274,5,odd,0.048160143
275,7,odd,0.04071606
276,0,even,0.03475292
277,7,odd,0.056069575
278,0,even,0.015758611
279,6,even,0.026095146
280,5,odd,0.04176413
281,4,even,0.022293646
282,5,odd,0.025695095
283,2,even,0.05574923
284,9,odd,0.017319646
285,3,odd,0.047811877
286,9,odd,0.03762663
287,5,odd,0.039374664
288,1,odd,0.027455462
289,3,odd,0.044039287
290,3,odd,0.057652436
291,7,odd,0.0420421
292,0,even,0.020386098
293,6,even,0.0142761
294,6,even,0.048568364
295,3,odd,0.0580905
296,0,even,0.028624844
297,5,odd,0.03685791
298,9,odd,0.03819884
299,4,even,0.026789706
300,8,even,0.034881867
301,9,odd,0.020955198
302,9,odd,0.033236347
303,9,odd,0.052375767
304,5,odd,0.055157185
305,5,odd,0.04161192
306,0,even,0.024125474
307,8,even,0.022778004
308,3,odd,0.07400636
309,2,even,0.040687047
310,2,even,0.04533142
311,3,odd,0.058479194
312,6,even,0.028675789
313,7,odd,0.06248077
314,9,odd,0.025991542
315,8,even,0.0365952
316,6,even,0.030344138
317,3,odd,0.040099237
318,8,even,0.024719073
319,2,even,0.013043452
320,7,odd,0.032021333
321,5,odd,0.04953215
322,6,even,0.011911551
323,4,even,0.03173806
324,1,odd,0.022421855
325,0,even,0.015566699
326,1,odd,0.02364769
327,1,odd,0.016913276
328,6,even,0.016969647
329,9,odd,0.020850979
330,8,even,0.038415693
331,1,odd,0.020302322
332,4,even,0.026702438
333,8,even,0.041088313
334,5,odd,0.03804078
335,0,even,0.02110433
336,5,odd,0.04830125
337,8,even,0.02427737
338,7,odd,0.0367134
339,6,even,0.030379336
340,1,odd,0.016458351
341,6,even,0.029474156
342,2,even,0.057369586
343,1,odd,0.036370635
344,5,odd,0.052893404
345,9,odd,0.025888048
346,1,odd,0.0251778
347,7,odd,0.026036438
348,0,even,0.015496207
349,3,odd,0.051975805
350,3,odd,0.037053294
351,7,odd,0.035498615
352,5,odd,0.05783332
353,6,even,0.0278212
354,6,even,0.030617587
355,7,odd,0.027072722
356,0,even,0.021639934
357,5,odd,0.033247326
358,0,even,0.016264914
359,4,even,0.033282094
360,1,odd,0.03733699
361,2,even,0.04347911
362,5,odd,0.048618257
363,5,odd,0.042297494
364,9,odd,0.013772518
365,4,even,0.02105774
366,5,odd,0.051248364
367,1,odd,0.019211985
368,9,odd,0.03737876
369,0,even,0.020763284
370,2,even,0.023769943
371,9,odd,0.026221657
372,9,odd,0.029409194
373,8,even,0.021410553
374,4,even,0.024736661
375,5,odd,0.052106995
376,5,odd,0.041867845
377,1,odd,0.026232865
378,4,even,0.025368689
379,1,odd,0.019057399
380,8,even,0.061125934
381,8,even,0.030746795
382,8,even,0.016979132
383,6,even,0.046279334
384,5,odd,0.0306389
385,1,odd,0.020242108
386,8,even,0.038585152
387,9,odd,0.035986707
388,8,even,0.035774797
389,4,even,0.038612507
390,8,even,0.033208065
391,9,odd,0.028797537
392,3,odd,0.057181552
393,1,odd,0.014916345
394,3,odd,0.05312972
395,2,even,0.035526186
396,9,odd,0.045882292
397,4,even,0.019550059
398,5,odd,0.05786453
399,0,even,0.018544197
400,8,even,0.029206611
401,3,odd,0.06711213
402,7,odd,0.033675097
403,8,even,0.02471172
404,5,odd,0.040432267
405,4,even,0.026885122
406,8,even,0.019401224
407,6,even,0.01548355
408,7,odd,0.026398614
409,0,even,0.009791089
410,7,odd,0.03942841
411,4,even,0.023983926
412,4,even,0.038768344
413,1,odd,0.02087857
414,1,odd,0.034718443
415,0,even,0.019297596
416,1,odd,0.024057085
417,5,odd,0.039099544
418,0,even,0.023721829
419,8,even,0.025632864
420,1,odd,0.027497062
421,1,odd,0.017334396
422,2,even,0.045909453
423,3,odd,0.038007654
424,0,even,0.012982456
425,4,even,0.025601348
426,6,even,0.03656126
427,1,odd,0.027042232
428,3,odd,0.040293243
429,1,odd,0.013773028
430,2,even,0.04069807
431,6,even,0.024359489
432,6,even,0.026383854
433,8,even,0.022651173
434,6,even,0.024199659
435,3,odd,0.036785573
436,9,odd,0.015522623
437,7,odd,0.036312234
438,1,odd,0.023909083
439,3,odd,0.038852815
440,9,odd,0.025276063
441,1,odd,0.014297344
442,0,even,0.013398388
443,5,odd,0.061490886
444,3,odd,0.037330806
445,9,odd,0.029035384
446,3,odd,0.037775554
447,3,odd,0.03672258
448,4,even,0.03059508
449,3,odd,0.026507033
450,9,odd,0.023452315
451,2,even,0.027584674
452,1,odd,0.02399114
453,7,odd,0.037760377
454,9,odd,0.031840485
455,1,odd,0.030313022
456,2,even,0.03266706
457,7,odd,0.04404969
458,3,odd,0.038640495
459,6,even,0.0390942
460,8,even,0.013874828
461,7,odd,0.05441632
462,1,odd,0.019928612
463,4,even,0.037035286
464,6,even,0.022576433
465,9,odd,0.019633189
466,2,even,0.030132253
467,5,odd,0.05702341
468,7,odd,0.048558332
469,6,even,0.027056986
470,5,odd,0.035857014
471,9,odd,0.02805958
472,3,odd,0.03568346
473,2,even,0.021785444
474,7,odd,0.021055859
475,8,even,0.036388673
476,5,odd,0.05816859
477,6,even,0.02524179
478,4,even,0.026186926
479,7,odd,0.039312113
480,5,odd,0.034218453
481,1,odd,0.01757467
482,5,odd,0.048726417
483,8,even,0.024531199
484,5,odd,0.035994053
485,8,even,0.03112736
486,7,odd,0.048657097
487,2,even,0.02659185
488,9,odd,0.022138866
489,8,even,0.033884853
490,4,even,0.03875116
491,7,odd,0.022581087
492,5,odd,0.030122845
493,4,even,0.022281239
494,6,even,0.025130432
495,2,even,0.03381708
496,1,odd,0.031931236
497,3,odd,0.07002531
498,9,odd,0.03070786
499,7,odd,0.035459533
500,9,odd,0.029685134
501,3,odd,0.043220684
502,5,odd,0.025465263
503,5,odd,0.039124057
504,8,even,0.02856037
505,8,even,0.0312904
506,3,odd,0.043773636
507,9,odd,0.02677844
508,8,even,0.03039817
509,4,even,0.03402903
510,5,odd,0.04268662
511,9,odd,0.027666913
512,7,odd,0.038625915
513,8,even,0.042096246
514,3,odd,0.038214203
515,6,even,0.023058064
516,0,even,0.0104706045
517,1,odd,0.017207013
518,6,even,0.027459344
519,7,odd,0.02715829
520,2,even,0.02389921
521,0,even,0.013237938
522,6,even,0.022023365
523,2,even,0.0329936
524,9,odd,0.028304042
525,1,odd,0.01686582
526,3,odd,0.0434628
527,8,even,0.060797643
528,6,even,0.03732462
529,9,odd,0.033975568
530,4,even,0.038690083
531,7,odd,0.041731533
532,7,odd,0.07018613
533,3,odd,0.025539607
534,7,odd,0.032526173
535,6,even,0.026587646
536,3,odd,0.036579248
537,4,even,0.039447486
538,3,odd,0.042818177
539,9,odd,0.019139657
540,9,odd,0.022115853
541,9,odd,0.030033763
542,7,odd,0.04649428
543,1,odd,0.016755054
544,9,odd,0.024403287
545,9,odd,0.027711501
546,7,odd,0.03477702
547,0,even,0.014701886
548,3,odd,0.038127307
549,4,even,0.026409578
550,2,even,0.034763116
551,0,even,0.0224449
552,3,odd,0.033951815
553,5,odd,0.045628518
554,6,even,0.022787532
555,9,odd,0.027202724
556,8,even,0.022016225
557,0,even,0.018197965
558,5,odd,0.026556863
559,2,even,0.044340122
560,2,even,0.031580113
561,5,odd,0.048443608
562,7,odd,0.045388598
563,7,odd,0.03780827
564,5,odd,0.037631053
565,1,odd,0.021713091
566,3,odd,0.048435748
567,8,even,0.03381545
568,4,even,0.02200598
569,3,odd,0.051318135
570,4,even,0.047224857
571,3,odd,0.05475305
572,1,odd,0.023807945
573,7,odd,0.055824913
574,8,even,0.021412209
575,2,even,0.034485698
576,9,odd,0.03073959
577,7,odd,0.028336762
578,5,odd,0.046715245
579,4,even,0.047571596
580,1,odd,0.014397964
581,1,odd,0.02039012
582,0,even,0.02340378
583,9,odd,0.030249463
584,1,odd,0.016049184
585,8,even,0.06042786
586,7,odd,0.033445958
587,6,even,0.03717806
588,3,odd,0.058431838
589,9,odd,0.033618335
590,2,even,0.040902488
591,6,even,0.02168401
592,8,even,0.04542193
593,9,odd,0.028473407
594,5,odd,0.05091542
595,9,odd,0.029496524
596,5,odd,0.026002057
597,7,odd,0.054027162
598,7,odd,0.03494627
599,2,even,0.031569332
600,4,even,0.034713585
601,6,even,0.034594357
602,7,odd,0.045950934
603,7,odd,0.043481477
604,3,odd,0.05053306
605,8,even,0.0245018
606,3,odd,0.040094025
607,3,odd,0.04948376
608,6,even,0.014424078
609,8,even,0.025964135
610,2,even,0.035474855
611,6,even,0.02878599
612,1,odd,0.036932763
613,9,odd,0.025921013
614,3,odd,0.039350152
615,8,even,0.03534351
616,0,even,0.032676667
617,3,odd,0.051972926
618,5,odd,0.058405437
619,0,even,0.039276846
620,8,even,0.023783343
621,6,even,0.02069358
622,6,even,0.037713833
623,9,odd,0.028458288
624,2,even,0.046558846
625,5,odd,0.054297436
626,3,odd,0.03879555
627,0,even,0.033952687
628,7,odd,0.043559905
629,2,even,0.03389963
630,5,odd,0.06027858
631,7,odd,0.039754603
632,8,even,0.037569277
633,5,odd,0.049067408
634,2,even,0.037926953
635,7,odd,0.039358597
636,2,even,0.026452174
637,6,even,0.03025283
638,9,odd,0.027912948
639,3,odd,0.04177003
640,0,even,0.03368214
641,3,odd,0.055945266
642,9,odd,0.028889894
643,3,odd,0.036943197
644,9,odd,0.03482446
645,4,even,0.026122214
646,9,odd,0.024907438
647,3,odd,0.052516732
648,6,even,0.0141810365
649,8,even,0.041111547
650,0,even,0.0368144
651,9,odd,0.029443566
652,2,even,0.02301202
653,8,even,0.047460195
654,3,odd,0.045154124
655,1,odd,0.029075433
656,6,even,0.03170739
657,6,even,0.017604342
658,9,odd,0.04354148
659,6,even,0.019381389
660,0,even,0.012964637
661,7,odd,0.042257495
662,5,odd,0.032944128
663,4,even,0.018048562
664,4,even,0.029842367
665,0,even,0.035746526
666,8,even,0.03818603
667,5,odd,0.037705082
668,5,odd,0.04255113
669,0,even,0.021682307
670,7,odd,0.0436393
671,4,even,0.03785616
672,0,even,0.03787157
673,2,even,0.04228792
674,3,odd,0.03272692
675,4,even,0.02784205
676,6,even,0.022947205
677,5,odd,0.051458146
678,2,even,0.026856685
679,9,odd,0.028445214
680,6,even,0.03701154
681,1,odd,0.017785234
682,1,odd,0.032492146
683,0,even,0.04426939
684,3,odd,0.047626078
685,1,odd,0.023721097
686,7,odd,0.029201478
687,7,odd,0.035973378
688,0,even,0.014774998
689,1,odd,0.021954926
690,0,even,0.015938625
691,4,even,0.024166645
692,6,even,0.030737385
693,8,even,0.03694502
694,5,odd,0.049541876
695,3,odd,0.029013569
696,1,odd,0.023077369
697,3,odd,0.057249486
698,4,even,0.029409518
699,5,odd,0.076833874
700,0,even,0.030472128
701,5,odd,0.04434754
702,3,odd,0.033944655
703,5,odd,0.05951602
704,4,even,0.023398492
705,4,even,0.032800354
706,9,odd,0.0360578
707,4,even,0.018802354
708,6,even,0.021871246
709,5,odd,0.041217364
710,0,even,0.03754125
711,5,odd,0.047776304
712,4,even,0.023457693
713,2,even,0.02515432
714,8,even,0.02706553
715,7,odd,0.035793476
716,1,odd,0.0205695
717,1,odd,0.013200628
718,3,odd,0.026194908
719,5,odd,0.056682542
720,8,even,0.018021267
721,3,odd,0.046672218
722,0,even,0.014735568
723,4,even,0.028887613
724,0,even,0.03722153
725,0,even,0.02237077
726,6,even,0.0232906
727,6,even,0.010557428
728,5,odd,0.04681341
729,7,odd,0.027446114
730,2,even,0.050862752
731,2,even,0.03053975
732,8,even,0.031807333
733,0,even,0.014477731
734,2,even,0.025039818
735,2,even,0.0253119
736,1,odd,0.024978638
737,8,even,0.03626295
738,9,odd,0.027103767
739,0,even,0.014516721
740,1,odd,0.023648398
741,7,odd,0.041799508
742,3,odd,0.05592489
743,2,even,0.02806814
744,7,odd,0.026724957
745,9,odd,0.022190295
746,0,even,0.019792913
747,7,odd,0.049615625
748,0,even,0.022731844
749,2,even,0.041078255
750,3,odd,0.046869308
751,3,odd,0.03152257
752,4,even,0.023679256
753,9,odd,0.024947794
754,5,odd,0.041469935
755,5,odd,0.026239388
756,5,odd,0.05306783
757,0,even,0.016715057
758,9,odd,0.024779966
759,9,odd,0.034956846
760,4,even,0.021033216
761,8,even,0.051808935
762,7,odd,0.032403037
763,0,even,0.02803905
764,5,odd,0.056922548
765,7,odd,0.02706918
766,4,even,0.02897737
767,8,even,0.045631267
768,3,odd,0.05737278
769,1,odd,0.018269857
770,4,even,0.048480276
771,9,odd,0.026340732
772,2,even,0.024897708
773,9,odd,0.05407646
774,9,odd,0.0276964
775,8,even,0.028146751
776,9,odd,0.030912628
777,2,even,0.032880932
778,9,odd,0.035222337
779,6,even,0.02280809
780,8,even,0.031051185
781,6,even,0.022535013
782,3,odd,0.058815878
783,0,even,0.024122734
784,2,even,0.041178014
785,1,odd,0.019353732
786,2,even,0.051364522
787,5,odd,0.06224246
788,0,even,0.017493643
789,2,even,0.029929934
790,8,even,0.03185758
791,8,even,0.02756351
792,2,even,0.031888183
793,3,odd,0.05612476
794,5,odd,0.054464955
795,7,odd,0.017555874
796,9,odd,0.029678227
797,0,even,0.017377092
798,2,even,0.031575684
799,1,odd,0.023767848
800,9,odd,0.049980026
801,5,odd,0.046793886
802,3,odd,0.035316817
803,8,even,0.026523303
804,2,even,0.03387457
805,0,even,0.020419868
806,3,odd,0.04509305
807,6,even,0.023791552
808,6,even,0.020282917
809,6,even,0.050427403
810,0,even,0.019418802
811,4,even,0.017574877
812,7,odd,0.03412
813,2,even,0.028908394
814,6,even,0.012028183
815,0,even,0.015428419
816,4,even,0.015160472
817,1,odd,0.02597541
818,6,even,0.02780636
819,8,even,0.029967705
820,6,even,0.029419575
821,7,odd,0.02501948
822,3,odd,0.03414787
823,9,odd,0.03279397
824,1,odd,0.01321292
825,2,even,0.025613477
826,2,even,0.03272676
827,9,odd,0.025835201
828,5,odd,0.034830082
829,4,even,0.030491859
830,2,even,0.02413581
831,2,even,0.03202469
832,5,odd,0.046474468
833,3,odd,0.0365742
834,3,odd,0.04694018
835,9,odd,0.02186291
836,6,even,0.02642617
837,5,odd,0.036625475
838,1,odd,0.02926135
839,6,even,0.033340786
840,7,odd,0.035628777
841,6,even,0.042583432
842,3,odd,0.046433683
843,4,even,0.027590638
844,8,even,0.014152166
845,4,even,0.019186327
846,6,even,0.021091813
847,0,even,0.0205662
848,0,even,0.031609155
849,2,even,0.030189417
850,7,odd,0.037997082
851,9,odd,0.02436046
852,8,even,0.027065564
853,7,odd,0.021686826
854,6,even,0.04653397
855,8,even,0.030662123
856,9,odd,0.042817228
857,1,odd,0.016609516
858,2,even,0.049589314
859,8,even,0.036088087
860,2,even,0.035002455
861,2,even,0.020524489
862,0,even,0.022570048
863,8,even,0.049478993
864,5,odd,0.049360264
865,6,even,0.03618554
866,8,even,0.024869272
867,7,odd,0.058489613
868,8,even,0.027095614
869,0,even,0.036318433
870,1,odd,0.022885125
871,0,even,0.044247676
872,2,even,0.023939516
873,4,even,0.024404107
874,8,even,0.02782376
875,6,even,0.033318173
876,7,odd,0.053772226
877,1,odd,0.035431374
878,3,odd,0.050077293
879,9,odd,0.03687643
880,8,even,0.03250238
881,2,even,0.039302796
882,0,even,0.020459518
883,2,even,0.027992511
884,1,odd,0.016135773
885,1,odd,0.019999605
886,8,even,0.042586703
887,9,odd,0.034327105
888,7,odd,0.04878702
889,3,odd,0.025188206
890,6,even,0.027137361
891,2,even,0.016471623
892,3,odd,0.041224767
893,6,even,0.01791412
894,4,even,0.020593744
895,3,odd,0.040384058
896,6,even,0.03330903
897,1,odd,0.0265321
898,3,odd,0.023834536
899,3,odd,0.05489146
900,0,even,0.04334876
901,8,even,0.021725856
902,9,odd,0.04069773
903,8,even,0.028698951
904,0,even,0.013785766
905,3,odd,0.0507411
906,7,odd,0.029799141
907,1,odd,0.019910485
908,6,even,0.03995795
909,8,even,0.028885307
910,9,odd,0.028511185
911,4,even,0.023036435
912,2,even,0.03826788
913,9,odd,0.03376449
914,3,odd,0.04785642
915,5,odd,0.03446452
916,6,even,0.056987967
917,7,odd,0.05438171
918,6,even,0.018393632
919,1,odd,0.02458694
920,6,even,0.028513957
921,4,even,0.025771126
922,8,even,0.025642378
923,6,even,0.029432477
924,2,even,0.029459285
925,8,even,0.028931325
926,1,odd,0.02122372
927,5,odd,0.045787606
928,3,odd,0.031980973
929,6,even,0.038813546
930,1,odd,0.021040848
931,2,even,0.034874517
932,6,even,0.023413852
933,2,even,0.03821388
934,2,even,0.042568497
935,7,odd,0.042752277
936,2,even,0.030800723
937,7,odd,0.02654021
938,8,even,0.02529572
939,6,even,0.025000114
940,1,odd,0.017094718
941,9,odd,0.02825179
942,7,odd,0.020089913
943,1,odd,0.023041481
944,2,even,0.037117828
945,8,even,0.034885067
946,2,even,0.020807536
947,1,odd,0.013899517
948,4,even,0.018160185
949,8,even,0.023758525
950,6,even,0.03222485
951,6,even,0.045939535
952,7,odd,0.03640749
953,5,odd,0.07167397
954,7,odd,0.028113559
955,9,odd,0.035808172
956,5,odd,0.059840675
957,0,even,0.016899377
958,8,even,0.03213994
959,4,even,0.02278338
960,0,even,0.041239962
961,7,odd,0.03784007
962,3,odd,0.044101257
963,6,even,0.020729883
964,1,odd,0.015612828
965,7,odd,0.03776271
966,1,odd,0.03531313
967,7,odd,0.029834423
968,6,even,0.026028933
969,2,even,0.022718852
970,3,odd,0.036620192
971,5,odd,0.049130235
972,5,odd,0.03629888
973,7,odd,0.044823784
974,7,odd,0.030596612
975,4,even,0.035869144
976,8,even,0.018260077
977,1,odd,0.017731987
978,9,odd,0.036149636
979,7,odd,0.02868244
980,1,odd,0.032157034
981,8,even,0.027153272
982,3,odd,0.058357235
983,6,even,0.022178913
984,2,even,0.03391109
985,0,even,0.019479226
986,5,odd,0.059322678
987,4,even,0.033675633
988,0,even,0.018911432
989,2,even,0.022135219
990,1,odd,0.020679323
991,8,even,0.03781034
992,8,even,0.022184208
993,9,odd,0.04929506
994,9,odd,0.041216347
995,6,even,0.03847146
996,2,even,0.02960255
997,2,even,0.024375223
998,7,odd,0.019281592
999,1,odd,0.026494011
1000,7,odd,0.047663733
1001,4,even,0.027850827
1002,3,odd,0.041304126
1003,1,odd,0.0164449
1004,0,even,0.016100938
1005,5,odd,0.04804123
1006,5,odd,0.053417712
1007,8,even,0.027172
1008,9,odd,0.034208518
1009,0,even,0.014680986
1010,6,even,0.031421136
1011,9,odd,0.02465062
1012,7,odd,0.0450473
1013,0,even,0.015065353
1014,4,even,0.027987106
1015,3,odd,0.038492624
1016,2,even,0.025224686
1017,3,odd,0.04079836
1018,4,even,0.018728275
1019,9,odd,0.03132583
1020,3,odd,0.047031865
1021,1,odd,0.033384964
1022,5,odd,0.05363924
1023,1,odd,0.03668594
1024,7,odd,0.04180211
1025,9,odd,0.039335996
1026,4,even,0.019508792
1027,3,odd,0.04728606
1028,6,even,0.019764135
1029,9,odd,0.028049683
1030,0,even,0.017193245
1031,3,odd,0.050415676
1032,7,odd,0.05052794
1033,9,odd,0.02957631
1034,5,odd,0.025965566
1035,3,odd,0.062352948
1036,3,odd,0.027924825
1037,5,odd,0.04080829
1038,1,odd,0.020593049
1039,9,odd,0.04116351
1040,5,odd,0.0369352
1041,1,odd,0.014554061
1042,4,even,0.035603162
1043,3,odd,0.055399947
1044,1,odd,0.015912965
1045,5,odd,0.044976614
1046,8,even,0.035273373
1047,4,even,0.0078157615
1048,6,even,0.01649973
1049,5,odd,0.044137206
1050,0,even,0.04116735
1051,5,odd,0.057681978
1052,3,odd,0.044506162
1053,7,odd,0.062857665
1054,1,odd,0.019432591
1055,6,even,0.026929798
1056,8,even,0.027720332
1057,2,even,0.05123305
1058,7,odd,0.032816358
1059,0,even,0.032551974
1060,8,even,0.0216334
1061,9,odd,0.02858577
1062,2,even,0.04241021
1063,3,odd,0.055737585
1064,5,odd,0.07723427
1065,8,even,0.025129342
1066,3,odd,0.053544253
1067,2,even,0.05427929
1068,1,odd,0.021328125
1069,2,even,0.030636681
1070,1,odd,0.020109694
1071,5,odd,0.06837412
1072,9,odd,0.044559672
1073,9,odd,0.02304972
1074,6,even,0.026718674
1075,3,odd,0.032379262
1076,7,odd,0.046035923
1077,5,odd,0.038927354
1078,2,even,0.042849492
1079,5,odd,0.047309488
1080,6,even,0.020780087
1081,5,odd,0.04165155
1082,5,odd,0.05340416
1083,3,odd,0.03602779
1084,6,even,0.031284176
1085,5,odd,0.042762704
1086,0,even,0.029048156
1087,1,odd,0.025340956
1088,3,odd,0.023900764
1089,4,even,0.025370948
1090,9,odd,0.033560924
1091,4,even,0.024271872
1092,4,even,0.022087354
1093,9,odd,0.060675483
1094,2,even,0.031427793
1095,3,odd,0.047952916
1096,9,odd,0.021095393
1097,1,odd,0.015205472
1098,7,odd,0.07253778
1099,7,odd,0.049786087
1100,0,even,0.032200005
1101,1,odd,0.011528683
1102,4,even,0.033294905
1103,6,even,0.03638552
1104,4,even,0.016713839
1105,7,odd,0.05278063
1106,1,odd,0.02393999
1107,5,odd,0.04776669
1108,4,even,0.01977554
1109,4,even,0.025324501
1110,7,odd,0.034846872
1111,6,even,0.037400432
1112,7,odd,0.035776522
1113,1,odd,0.022061555
1114,7,odd,0.035244435
1115,2,even,0.02131276
1116,9,odd,0.016306635
1117,5,odd,0.050061937
1118,8,even,0.017879257
1119,4,even,0.03287751
1120,2,even,0.036544945
1121,0,even,0.023267172
1122,6,even,0.018855987
1123,0,even,0.024650142
1124,2,even,0.03336744
1125,8,even,0.021543566
1126,6,even,0.025783613
1127,7,odd,0.034187783
1128,7,odd,0.074134216
1129,3,odd,0.057915892
1130,2,even,0.03163455
1131,9,odd,0.028244704
1132,4,even,0.017959863
1133,4,even,0.03159452
1134,1,odd,0.026221037
1135,4,even,0.03310964
1136,6,even,0.021475412
1137,0,even,0.028568871
1138,2,even,0.026428709
1139,1,odd,0.03746966
1140,0,even,0.027329415
1141,3,odd,0.043149237
1142,2,even,0.030676998
1143,4,even,0.02330017
1144,2,even,0.03346644
1145,9,odd,0.024345923
1146,8,even,0.032894403
1147,9,odd,0.035149015
1148,7,odd,0.034451947
1149,6,even,0.045328517
1150,8,even,0.026333053
1151,9,odd,0.026006391
1152,0,even,0.014748471
1153,4,even,0.053460773
1154,4,even,0.028767513
1155,7,odd,0.04024128
1156,1,odd,0.01471783
1157,4,even,0.028776541
1158,0,even,0.026322652
1159,4,even,0.043537375
1160,1,odd,0.0151541475
1161,4,even,0.015377115
1162,2,even,0.053331904
1163,7,odd,0.04461856
1164,5,odd,0.063566774
1165,4,even,0.020980407
1166,8,even,0.043778136
1167,4,even,0.022900416
1168,9,odd,0.025692089
1169,1,odd,0.019517057
1170,1,odd,0.02069408
1171,6,even,0.024758456
1172,1,odd,0.014912829
1173,8,even,0.013699254
1174,8,even,0.031634293
1175,7,odd,0.022532575
1176,7,odd,0.016632976
1177,6,even,0.031694982
1178,7,odd,0.05198003
1179,9,odd,0.024368316
1180,1,odd,0.019637365
1181,5,odd,0.047266483
1182,4,even,0.036198426
1183,3,odd,0.055682212
1184,4,even,0.018939653
1185,7,odd,0.028389294
1186,6,even,0.033772428
1187,5,odd,0.0631653
1188,2,even,0.025959589
1189,9,odd,0.016953085
1190,2,even,0.03530789
1191,0,even,0.015085824
1192,9,odd,0.025942216
1193,7,odd,0.049424436
1194,2,even,0.025465362
1195,6,even,0.034781456
1196,9,odd,0.0357337
1197,8,even,0.049672887
1198,7,odd,0.034024477
1199,7,odd,0.049278487
1200,1,odd,0.023858627
1201,0,even,0.016694834
1202,9,odd,0.019226711
1203,5,odd,0.029953606
1204,2,even,0.021474343
1205,5,odd,0.032918982
1206,8,even,0.036597908
1207,0,even,0.021578288
1208,8,even,0.03362253
1209,7,odd,0.042056493
1210,1,odd,0.014447667
1211,2,even,0.04601427
1212,8,even,0.028342996
1213,0,even,0.023748718
1214,0,even,0.009241372
1215,4,even,0.021161309
1216,0,even,0.026169538
1217,0,even,0.02373326
1218,4,even,0.03713886
1219,5,odd,0.036245275
1220,2,even,0.043875992
1221,2,even,0.032346196
1222,1,odd,0.024808742
1223,3,odd,0.03707928
1224,5,odd,0.0504597
1225,5,odd,0.03752647
1226,9,odd,0.021781713
1227,3,odd,0.03751257
1228,3,odd,0.04672604
1229,8,even,0.0229367
1230,1,odd,0.023982262
1231,5,odd,0.050955836
1232,0,even,0.027481016
1233,5,odd,0.036194026
1234,9,odd,0.03224294
1235,8,even,0.022779407
1236,9,odd,0.023602517
1237,9,odd,0.015272355
1238,0,even,0.018115185
1239,4,even,0.023376718
1240,5,odd,0.04242539
1241,7,odd,0.045040105
1242,9,odd,0.0501476
1243,1,odd,0.026671415
1244,7,odd,0.03792536
1245,4,even,0.020102829
1246,0,even,0.047207393
1247,4,even,0.030871168
1248,6,even,0.022080144
1249,5,odd,0.036795072
1250,9,odd,0.027965222
1251,4,even,0.034344424
1252,3,odd,0.062399965
1253,5,odd,0.035549644
1254,0,even,0.033757076
1255,3,odd,0.04568526
1256,9,odd,0.022415927
1257,1,odd,0.020148605
1258,2,even,0.027795821
1259,2,even,0.020424668
1260,8,even,0.023950122
1261,4,even,0.016596021
1262,6,even,0.055266794
1263,6,even,0.024921713
1264,3,odd,0.041692324
1265,8,even,0.030929685
1266,5,odd,0.03956143
1267,9,odd,0.04572924
1268,8,even,0.033470444
1269,0,even,0.029195338
1270,2,even,0.031440638
1271,4,even,0.017104747
1272,9,odd,0.0271398
1273,6,even,0.03415938
1274,0,even,0.01954122
1275,2,even,0.0336148
1276,8,even,0.03956312
1277,3,odd,0.038318425
1278,1,odd,0.012166488
1279,0,even,0.034750313
1280,5,odd,0.06256528
1281,0,even,0.04336952
1282,2,even,0.040838387
1283,0,even,0.046281226
1284,2,even,0.06172581
1285,3,odd,0.03516973
1286,9,odd,0.020923257
1287,9,odd,0.02880787
1288,5,odd,0.023127802
1289,1,odd,0.014298924
1290,7,odd,0.027190765
1291,0,even,0.034238826
1292,1,odd,0.03380855
1293,6,even,0.026512543
1294,1,odd,0.019056078
1295,0,even,0.01989207
1296,1,odd,0.026179757
1297,1,odd,0.010940242
1298,4,even,0.03969751
1299,0,even,0.022955157
1300,2,even,0.035138693
1301,7,odd,0.061090354
1302,2,even,0.03242992
1303,0,even,0.036493354
1304,0,even,0.017318355
1305,7,odd,0.047906443
1306,8,even,0.023823991
1307,4,even,0.019755205
1308,4,even,0.041307215
1309,2,even,0.036518622
1310,6,even,0.00910765
1311,7,odd,0.037292864
1312,0,even,0.011107623
1313,2,even,0.042235564
1314,6,even,0.022542384
1315,4,even,0.032393817
1316,3,odd,0.060418587
1317,1,odd,0.020499263
1318,3,odd,0.042079993
1319,0,even,0.012335872
1320,5,odd,0.037205
1321,9,odd,0.037717644
1322,7,odd,0.03134599
1323,7,odd,0.04649496
1324,4,even,0.032735497
1325,2,even,0.04845371
1326,8,even,0.016686605
1327,7,odd,0.029636694
1328,8,even,0.023329528
1329,7,odd,0.0644771
1330,4,even,0.054464787
1331,2,even,0.03386488
1332,7,odd,0.02527419
1333,3,odd,0.04469528
1334,6,even,0.027949665
1335,6,even,0.019153414
1336,2,even,0.03258256
1337,7,odd,0.047287937
1338,2,even,0.03138783
1339,3,odd,0.049095757
1340,5,odd,0.052778136
1341,3,odd,0.032807544
1342,5,odd,0.040834855
1343,9,odd,0.041121863
1344,0,even,0.01426038
1345,9,odd,0.02898336
1346,4,even,0.029395852
1347,7,odd,0.052187648
1348,3,odd,0.071210705
1349,6,even,0.028352326
1350,6,even,0.016231399
1351,3,odd,0.055536397
1352,0,even,0.01936387
1353,4,even,0.02237501
1354,6,even,0.01415964
1355,4,even,0.02715219
1356,6,even,0.018170936
1357,1,odd,0.023063371
1358,2,even,0.034712367
1359,2,even,0.03255433
1360,2,even,0.04254036
1361,0,even,0.023097388
1362,8,even,0.01354681
1363,2,even,0.037918117
1364,5,odd,0.060570814
1365,1,odd,0.02148967
1366,6,even,0.028565548
1367,9,odd,0.045804642
1368,1,odd,0.035114713
1369,7,odd,0.05251031
1370,1,odd,0.031816952
1371,2,even,0.03211069
1372,4,even,0.023533199
1373,0,even,0.03003444
1374,7,odd,0.07900183
1375,8,even,0.042102326
1376,5,odd,0.03554373
1377,1,odd,0.02435349
1378,2,even,0.044115394
1379,4,even,0.019813543
1380,6,even,0.054815132
1381,8,even,0.02370089
1382,2,even,0.029566072
1383,8,even,0.021799771
1384,1,odd,0.01609219
1385,8,even,0.033907246
1386,2,even,0.02418449
1387,9,odd,0.034233026
1388,8,even,0.041347962
1389,8,even,0.026901616
1390,8,even,0.033474028
1391,8,even,0.0253725
1392,1,odd,0.02133583
1393,3,odd,0.031702887
1394,3,odd,0.034915943
1395,5,odd,0.053026266
1396,5,odd,0.040788356
1397,1,odd,0.021371396
1398,7,odd,0.042258915
1399,0,even,0.01875677
1400,7,odd,0.03439549
1401,3,odd,0.08376178
1402,6,even,0.023491757
1403,4,even,0.031829584
1404,6,even,0.030576373
1405,6,even,0.023594847
1406,8,even,0.04384243
1407,8,even,0.01675802
1408,4,even,0.022565216
1409,4,even,0.016444877
1410,1,odd,0.016990444
1411,2,even,0.032705422
1412,2,even,0.030609839
1413,7,odd,0.043513075
1414,2,even,0.030389825
1415,5,odd,0.04704162
1416,0,even,0.01844479
1417,2,even,0.03411581
1418,6,even,0.021449834
1419,5,odd,0.048024032
1420,5,odd,0.060790617
1421,3,odd,0.03962951
1422,0,even,0.0106122615
1423,8,even,0.042153854
1424,8,even,0.032844946
1425,0,even,0.013727767
1426,3,odd,0.018301653
1427,4,even,0.02028602
1428,9,odd,0.02651024
1429,0,even,0.0347812
1430,6,even,0.029212337
1431,7,odd,0.035035495
1432,1,odd,0.01815606
1433,9,odd,0.02541159
1434,1,odd,0.032259822
1435,4,even,0.028043475
1436,9,odd,0.018081442
1437,5,odd,0.051903035
1438,6,even,0.026016109
1439,7,odd,0.038167782
1440,2,even,0.0230006
1441,1,odd,0.021765908
1442,0,even,0.012914148
1443,8,even,0.025353868
1444,7,odd,0.04369842
1445,9,odd,0.035071228
1446,1,odd,0.045779493
1447,1,odd,0.023082247
1448,8,even,0.022124758
1449,4,even,0.020789161
1450,4,even,0.024230938
1451,0,even,0.017030202
1452,8,even,0.046730753
1453,1,odd,0.022301914
1454,6,even,0.014661788
1455,2,even,0.017716546
1456,5,odd,0.059395276
1457,4,even,0.018013539
1458,9,odd,0.02924106
1459,3,odd,0.04063819
1460,1,odd,0.016161598
1461,2,even,0.042901352
1462,0,even,0.024666065
1463,4,even,0.025240118
1464,3,odd,0.041244056
1465,8,even,0.020807648
1466,9,odd,0.05261237
1467,7,odd,0.05810076
1468,9,odd,0.033859733
1469,4,even,0.016878054
1470,6,even,0.018854154
1471,4,even,0.019611545
1472,7,odd,0.031429723
1473,0,even,0.012856908
1474,7,odd,0.062614925
1475,6,even,0.021783408
1476,1,odd,0.0355632
1477,3,odd,0.050878968
1478,2,even,0.038026042
1479,5,odd,0.051759984
1480,5,odd,0.04257793
1481,7,odd,0.047706496
1482,7,odd,0.052675188
1483,9,odd,0.03672222
1484,9,odd,0.03165317
1485,6,even,0.022311736
1486,2,even,0.026272185
1487,2,even,0.02456428
1488,5,odd,0.030369276
1489,5,odd,0.06871641
1490,7,odd,0.031905513
1491,1,odd,0.015096628
1492,6,even,0.02198051
1493,0,even,0.028285569
1494,3,odd,0.041897725
1495,2,even,0.050746936
1496,3,odd,0.030981898
1497,4,even,0.03036174
1498,6,even,0.03479164
1499,3,odd,0.046123467
1500,5,odd,0.029372297
1501,2,even,0.024578014
1502,7,odd,0.0444107
1503,4,even,0.026744861
1504,8,even,0.051180325
1505,3,odd,0.047926094
1506,7,odd,0.044040114
1507,4,even,0.01081137
1508,9,odd,0.030446066
1509,8,even,0.04284623
1510,5,odd,0.05357282
1511,7,odd,0.063323714
1512,0,even,0.02224296
1513,3,odd,0.052682545
1514,2,even,0.03593721
1515,8,even,0.032310154
1516,0,even,0.019333307
1517,4,even,0.025484236
1518,4,even,0.030262876
1519,6,even,0.046553105
1520,8,even,0.025307495
1521,1,odd,0.036416788
1522,2,even,0.033973016
1523,0,even,0.03665366
1524,2,even,0.038285047
1525,0,even,0.03195259
1526,1,odd,0.024433117
1527,0,even,0.025081206
1528,1,odd,0.024213426
1529,5,odd,0.04620852
1530,7,odd,0.040130094
1531,6,even,0.03912741
1532,8,even,0.043355543
1533,7,odd,0.06059521
1534,4,even,0.018984208
1535,7,odd,0.033955522
1536,6,even,0.016640157
1537,4,even,0.023012886
1538,8,even,0.031250145
1539,4,even,0.027533876
1540,5,odd,0.029379694
1541,3,odd,0.055662125
1542,2,even,0.030223526
1543,4,even,0.029604824
1544,5,odd,0.03997644
1545,3,odd,0.049251366
1546,3,odd,0.0614618
1547,9,odd,0.026757747
1548,9,odd,0.02453369
1549,8,even,0.029037159
1550,9,odd,0.028630009
1551,7,odd,0.038187478
1552,8,even,0.03329673
1553,4,even,0.021347715
1554,1,odd,0.022111045
1555,5,odd,0.050672147
1556,9,odd,0.028590662
1557,5,odd,0.057665046
1558,0,even,0.016258676
1559,2,even,0.034373093
1560,5,odd,0.05085231
1561,4,even,0.02335887
1562,4,even,0.029390112
1563,9,odd,0.036898665
1564,6,even,0.043686386
1565,7,odd,0.03873103
1566,4,even,0.014029385
1567,3,odd,0.045427565
1568,0,even,0.014019755
1569,0,even,0.022076575
1570,1,odd,0.026042152
1571,7,odd,0.044789962
1572,6,even,0.020980693
1573,0,even,0.038355425
1574,8,even,0.020938097
1575,6,even,0.030555418
1576,6,even,0.021343762
1577,6,even,0.03047645
1578,9,odd,0.021161415
1579,9,odd,0.031916115
1580,2,even,0.03806798
1581,0,even,0.017550824
1582,4,even,0.030786207
1583,0,even,0.043606933
1584,8,even,0.027591605
1585,3,odd,0.050749537
1586,8,even,0.03224793
1587,6,even,0.020951906
1588,1,odd,0.015572344
1589,4,even,0.032122254
1590,2,even,0.042442724
1591,7,odd,0.044738308
1592,6,even,0.022693377
1593,5,odd,0.041565195
1594,0,even,0.034242664
1595,4,even,0.020118067
1596,6,even,0.022489117
1597,0,even,0.02110053
1598,7,odd,0.031069392
1599,1,odd,0.02479398
1600,1,odd,0.024017956
1601,4,even,0.031177951
1602,8,even,0.022411117
1603,5,odd,0.04123419
1604,3,odd,0.04913807
1605,6,even,0.04107337
1606,6,even,0.032660726
1607,8,even,0.0541263
1608,0,even,0.03433577
1609,4,even,0.05660422
1610,2,even,0.017475877
1611,4,even,0.025950076
1612,2,even,0.02829741
1613,4,even,0.041971587
1614,0,even,0.022258922
1615,9,odd,0.05306276
1616,8,even,0.030024096
1617,1,odd,0.021863483
1618,2,even,0.023785546
1619,6,even,0.036474165
1620,0,even,0.020109372
1621,6,even,0.03143762
1622,9,odd,0.022536438
1623,5,odd,0.048263457
1624,1,odd,0.016677888
1625,8,even,0.035003267
1626,7,odd,0.09671741
1627,1,odd,0.018412214
1628,1,odd,0.03187401
1629,2,even,0.054047156
1630,3,odd,0.026776364
1631,3,odd,0.041339546
1632,2,even,0.020224102
1633,1,odd,0.01070993
1634,3,odd,0.044295054
1635,5,odd,0.05738543
1636,6,even,0.015532347
1637,0,even,0.016081637
1638,9,odd,0.03116499
1639,2,even,0.03391047
1640,0,even,0.01535969
1641,1,odd,0.0250082
1642,8,even,0.03003056
1643,0,even,0.024498269
1644,8,even,0.036288854
1645,1,odd,0.025685923
1646,0,even,0.02152366
1647,2,even,0.02837948
1648,4,even,0.014876193
1649,1,odd,0.024450205
1650,3,odd,0.05054007
1651,0,even,0.030588502
1652,1,odd,0.017309412
1653,8,even,0.02564969
1654,5,odd,0.05325136
1655,6,even,0.027255598
1656,7,odd,0.04913988
1657,0,even,0.028741503
1658,0,even,0.01724708
1659,2,even,0.03131742
1660,1,odd,0.028394112
1661,6,even,0.04001111
1662,5,odd,0.03786978
1663,1,odd,0.019221073
1664,5,odd,0.05393692
1665,1,odd,0.016252749
1666,1,odd,0.01832691
1667,4,even,0.024850305
1668,6,even,0.014683595
1669,3,odd,0.045717668
1670,6,even,0.025333365
1671,9,odd,0.027488066
1672,3,odd,0.047266815
1673,0,even,0.016592111
1674,8,even,0.02487072
1675,8,even,0.023226421
1676,9,odd,0.030770706
1677,4,even,0.012767302
1678,6,even,0.024946723
1679,9,odd,0.0224665
1680,5,odd,0.033677347
1681,5,odd,0.0386419
1682,4,even,0.048807077
1683,9,odd,0.032466996
1684,3,odd,0.033512946
1685,7,odd,0.025583388
1686,2,even,0.04240656
1687,7,odd,0.07330528
1688,2,even,0.037559703
1689,4,even,0.021350862
1690,9,odd,0.045568153
1691,9,odd,0.033478417
1692,9,odd,0.027862675
1693,8,even,0.057066236
1694,3,odd,0.047514867
1695,4,even,0.016715137
1696,5,odd,0.05198708
1697,8,even,0.020441726
1698,3,odd,0.04860898
1699,3,odd,0.030995665
1700,5,odd,0.032176692
1701,7,odd,0.031271316
1702,6,even,0.023103429
1703,5,odd,0.059190962
1704,3,odd,0.035879593
1705,3,odd,0.072046004
1706,3,odd,0.03830643
1707,3,odd,0.02471048
1708,6,even,0.016903672
1709,8,even,0.028883964
1710,1,odd,0.018344086
1711,5,odd,0.04430695
1712,2,even,0.033030685
1713,2,even,0.030031603
1714,5,odd,0.027745456
1715,3,odd,0.046213154
1716,9,odd,0.023374781
1717,0,even,0.011259938
1718,5,odd,0.05637091
1719,4,even,0.043378238
1720,3,odd,0.040717732
1721,7,odd,0.031476036
1722,0,even,0.026650805
1723,9,odd,0.026788773
1724,3,odd,0.032428544
1725,0,even,0.01091951
1726,9,odd,0.021131983
1727,3,odd,0.039132956
1728,2,even,0.034800146
1729,7,odd,0.061975066
1730,2,even,0.058692276
1731,3,odd,0.033085193
1732,5,odd,0.053345777
1733,9,odd,0.035526767
1734,1,odd,0.03296077
1735,1,odd,0.026997147
1736,5,odd,0.036776997
1737,8,even,0.039127335
1738,0,even,0.026758263
1739,5,odd,0.0564377
1740,9,odd,0.03674835
1741,0,even,0.02974279
1742,4,even,0.039589863
1743,1,odd,0.026356054
1744,3,odd,0.04323282
1745,4,even,0.03511922
1746,1,odd,0.024332808
1747,7,odd,0.026787672
1748,4,even,0.03289343
1749,4,even,0.021266602
1750,3,odd,0.04094733
1751,6,even,0.03077738
1752,9,odd,0.030915143
1753,0,even,0.014944652
1754,0,even,0.026517654
1755,0,even,0.018589845
1756,4,even,0.028878544
1757,3,odd,0.054083455
1758,7,odd,0.03091982
1759,0,even,0.014259185
1760,3,odd,0.047531147
1761,6,even,0.01997412
1762,0,even,0.05895348
1763,0,even,0.026644094
1764,8,even,0.027523328
1765,8,even,0.05157537
1766,7,odd,0.025343195
1767,7,odd,0.035659224
1768,4,even,0.025181118
1769,1,odd,0.023150036
1770,7,odd,0.031364955
1771,4,even,0.021866418
1772,0,even,0.028590832
1773,8,even,0.023459619
1774,0,even,0.027230883
1775,4,even,0.018308662
1776,8,even,0.045719292
1777,6,even,0.023093676
1778,6,even,0.028140055
1779,1,odd,0.035995264
1780,0,even,0.02845606
1781,3,odd,0.03690101
1782,5,odd,0.042654097
1783,8,even,0.049214266
1784,0,even,0.019319521
1785,9,odd,0.032503188
1786,7,odd,0.02731886
1787,1,odd,0.017803766
1788,2,even,0.023169473
1789,6,even,0.021334222
1790,9,odd,0.028190924
1791,6,even,0.019426424
1792,4,even,0.03045807
1793,8,even,0.03598061
1794,5,odd,0.050730042
1795,8,even,0.03177319
1796,4,even,0.018526692
1797,0,even,0.016525788
1798,5,odd,0.044471487
1799,5,odd,0.044085026
1800,5,odd,0.049977142
1801,2,even,0.026137097
1802,5,odd,0.047183525
1803,0,even,0.026794402
1804,3,odd,0.04735036
1805,6,even,0.017817002
1806,6,even,0.03091545
1807,7,odd,0.046628416
1808,5,odd,0.033738196
1809,2,even,0.030808404
1810,8,even,0.026476644
1811,1,odd,0.019153943
1812,1,odd,0.018877031
1813,1,odd,0.016757533
1814,1,odd,0.036783166
1815,0,even,0.025547305
1816,5,odd,0.04542335
1817,9,odd,0.031183023
1818,9,odd,0.04637863
1819,2,even,0.030295275
1820,8,even,0.025092302
1821,2,even,0.036892176
1822,2,even,0.01780757
1823,4,even,0.01630845
1824,3,odd,0.049182415
1825,4,even,0.023413643
1826,9,odd,0.02845116
1827,3,odd,0.051304244
1828,4,even,0.013072323
1829,8,even,0.03963398
1830,5,odd,0.04864769
1831,1,odd,0.019369489
1832,6,even,0.0134382695
1833,5,odd,0.0406822
1834,2,even,0.03691739
1835,0,even,0.020628039
1836,9,odd,0.035314072
1837,3,odd,0.08348306
1838,3,odd,0.03138158
1839,0,even,0.038414016
1840,6,even,0.026230885
1841,1,odd,0.02687068
1842,2,even,0.04492018
1843,8,even,0.019113105
1844,1,odd,0.020305898
1845,8,even,0.02615382
1846,2,even,0.025209684
1847,4,even,0.023856936
1848,9,odd,0.026831038
1849,6,even,0.029680077
1850,5,odd,0.0629865
1851,0,even,0.022337932
1852,5,odd,0.051170487
1853,6,even,0.017579364
1854,8,even,0.04066871
1855,1,odd,0.0171998
1856,9,odd,0.03274686
1857,8,even,0.030445967
1858,6,even,0.03175243
1859,7,odd,0.03899487
1860,7,odd,0.04682681
1861,5,odd,0.05711357
1862,7,odd,0.04484271
1863,9,odd,0.039057177
1864,4,even,0.018409126
1865,7,odd,0.034301545
1866,1,odd,0.026680972
1867,4,even,0.033355933
1868,3,odd,0.035639673
1869,4,even,0.020296821
1870,0,even,0.010680723
1871,8,even,0.05846642
1872,6,even,0.026126642
1873,5,odd,0.060601868
1874,8,even,0.025314774
1875,6,even,0.018091004
1876,3,odd,0.07146147
1877,6,even,0.02387893
1878,3,odd,0.04800196
1879,4,even,0.031575393
1880,5,odd,0.050728496
1881,6,even,0.017486772
1882,7,odd,0.040740915
1883,2,even,0.035998844
1884,8,even,0.026050942
1885,2,even,0.033435777
1886,1,odd,0.025053369
1887,8,even,0.026845727
1888,9,odd,0.02237684
1889,0,even,0.03037476
1890,9,odd,0.037041485
1891,5,odd,0.04598824
1892,0,even,0.010323494
1893,9,odd,0.028800644
1894,2,even,0.029996151
1895,7,odd,0.03171893
1896,8,even,0.033453833
1897,7,odd,0.05870417
1898,0,even,0.035596896
1899,5,odd,0.04128382
1900,5,odd,0.038249563
1901,4,even,0.022023393
1902,4,even,0.025188277
1903,3,odd,0.0384795
1904,0,even,0.03289739
1905,8,even,0.031432282
1906,6,even,0.024175176
1907,4,even,0.022534389
1908,9,odd,0.023443533
1909,6,even,0.01942465
1910,5,odd,0.035663124
1911,5,odd,0.051535666
1912,1,odd,0.026089191
1913,4,even,0.024282763
1914,0,even,0.028330915
1915,5,odd,0.055567626
1916,1,odd,0.01960811
1917,6,even,0.022043234
1918,3,odd,0.03398603
1919,4,even,0.024153119
1920,8,even,0.050730646
1921,9,odd,0.03260206
1922,7,odd,0.057066295
1923,6,even,0.02085505
1924,8,even,0.052453138
1925,1,odd,0.021279648
1926,6,even,0.0185459
1927,0,even,0.026016172
1928,3,odd,0.055898678
1929,3,odd,0.046998337
1930,3,odd,0.055201706
1931,9,odd,0.036872536
1932,3,odd,0.04189043
1933,1,odd,0.02677682
1934,9,odd,0.037265383
1935,7,odd,0.024247652
1936,7,odd,0.04243193
1937,9,odd,0.02107568
1938,7,odd,0.037606418
1939,8,even,0.030606674
1940,5,odd,0.039328508
1941,2,even,0.019563688
1942,3,odd,0.056506623
1943,7,odd,0.059010837
1944,0,even,0.017374692
1945,7,odd,0.032868147
1946,3,odd,0.062460404
1947,6,even,0.02464853
1948,0,even,0.03172431
1949,3,odd,0.05083265
1950,0,even,0.02024645
1951,2,even,0.06522615
1952,9,odd,0.024862694
1953,4,even,0.016927276
1954,5,odd,0.04573827
1955,7,odd,0.053570855
1956,0,even,0.04197728
1957,9,odd,0.04558271
1958,9,odd,0.03608796
1959,8,even,0.022676736
1960,7,odd,0.034444664
1961,1,odd,0.02385106
1962,4,even,0.023525763
1963,7,odd,0.02102452
1964,9,odd,0.030369915
1965,2,even,0.016219854
1966,2,even,0.025513506
1967,4,even,0.02247168
1968,9,odd,0.0188129
1969,4,even,0.03575164
1970,0,even,0.037858974
1971,3,odd,0.046814185
1972,9,odd,0.05625568
1973,0,even,0.044421345
1974,8,even,0.04145451
1975,7,odd,0.05289528
1976,9,odd,0.028000861
1977,8,even,0.036342904
1978,4,even,0.025544796
1979,6,even,0.028432932
1980,6,even,0.015501177
1981,4,even,0.025137464
1982,9,odd,0.036602944
1983,5,odd,0.04316436
1984,1,odd,0.019348226
1985,4,even,0.016571015
1986,3,odd,0.029705897
1987,5,odd,0.054204483
1988,8,even,0.05918198
1989,0,even,0.020590892
1990,6,even,0.03708755
1991,3,odd,0.061885446
1992,2,even,0.04062862
1993,3,odd,0.04539716
1994,1,odd,0.040888738
1995,1,odd,0.019492283
1996,8,even,0.035816807
1997,1,odd,0.017402336
1998,3,odd,0.0661034
1999,9,odd,0.033072133
