sample_id,x1,x2,variety
S0001,-1.2595,-21.2749,espresso
S0002,7.9576,20.7687,ristretto
S0003,6.9919,9.9560,lungo
S0004,-15.9061,-3.3325,americano
S0005,23.3069,-4.2691,cappuccino
S0006,-14.0871,-7.9144,latte
S0007,21.3634,-5.2883,flat_white
S0008,-2.9526,21.0717,cold_brew
S0009,-5.2551,-1.1834,pour_over
S0010,-5.4802,-8.0763,french_press
S0011,11.2151,-16.9199,espresso
S0012,3.0092,11.9948,ristretto
S0013,-2.4142,4.8517,lungo
S0014,-23.2556,1.9068,americano
S0015,24.4567,-2.6613,cappuccino
S0016,-1.4007,15.8613,latte
S0017,17.1667,2.3892,flat_white
S0018,5.6161,12.9264,cold_brew
S0019,-2.8452,14.2896,pour_over
S0020,-13.7714,-8.8464,french_press
S0021,6.4354,-19.4771,espresso
S0022,0.0259,10.3370,ristretto
S0023,-8.0888,8.8120,lungo
S0024,-19.1898,4.5155,americano
S0025,17.5388,-4.6277,cappuccino
S0026,6.1114,5.4619,latte
S0027,21.3342,-8.1054,flat_white
S0028,4.7759,5.1814,cold_brew
S0029,0.4447,7.3817,pour_over
S0030,-14.5342,-9.4326,french_press
S0031,0.2409,-26.5930,espresso
S0032,-13.6304,-7.3706,french_press
S0033,-5.0202,3.5983,latte
S0034,-6.0300,11.2178,latte
S0035,18.0065,-3.4747,flat_white
S0036,-3.1856,9.5902,latte
S0037,6.1344,-15.9000,espresso
S0038,-13.3750,-9.9938,french_press
S0039,-0.0180,11.6790,pour_over
S0040,-20.7439,-12.8229,french_press
S0041,-4.3889,10.7739,pour_over
S0042,25.0451,-0.7712,cappuccino
S0043,2.8245,9.2869,ristretto
S0044,5.6638,10.3687,cold_brew
S0045,-3.5641,18.9204,cold_brew
S0046,-20.8520,-3.0782,americano
S0047,3.0097,11.3904,latte
S0048,1.6440,10.7381,ristretto
S0049,5.0185,-20.7747,espresso
S0050,3.9386,-20.8821,espresso
S0051,0.9825,6.8048,lungo
S0052,6.2654,7.2593,lungo
S0053,6.8976,13.3213,cold_brew
S0054,1.6729,9.9914,pour_over
S0055,10.7104,9.2084,lungo
S0056,10.3228,-13.9902,espresso
S0057,3.2540,9.5935,ristretto
S0058,6.6600,11.7235,lungo
S0059,22.4267,-10.5570,flat_white
S0060,-19.4066,8.1352,americano
S0061,-23.5655,-3.6213,americano
S0062,4.7700,11.7435,cold_brew
S0063,-23.8921,-0.5928,americano
S0064,-21.5614,8.8196,americano
S0065,28.1816,-7.4270,cappuccino
S0066,21.3916,-11.1766,flat_white
S0067,21.3646,-8.2883,flat_white
S0068,14.7685,-17.1419,flat_white
S0069,19.4466,4.4109,cappuccino
S0070,-7.7118,19.1878,french_press
S0071,7.9143,10.8557,ristretto
S0072,-6.1507,5.7058,latte
S0073,6.3081,-20.1022,espresso
S0074,-18.4244,-11.8018,french_press
S0075,-1.2758,-0.9671,latte
S0076,2.9904,9.2406,lungo
S0077,2.7498,11.2911,pour_over
S0078,6.5645,13.9272,lungo
S0079,-3.4295,-22.8436,espresso
S0080,-1.2648,-23.8025,espresso
S0081,0.1917,15.5745,ristretto
S0082,1.3373,19.6234,cold_brew
S0083,21.6961,-7.1755,flat_white
S0084,-20.2422,5.3570,americano
S0085,-3.7303,2.3269,lungo
S0086,7.4990,20.8642,ristretto
S0087,6.5249,3.7144,cold_brew
S0088,18.2004,13.2130,cappuccino
S0089,22.0688,-2.2352,flat_white
S0090,-24.0961,1.8129,americano
S0091,3.1352,14.1007,ristretto
S0092,-20.6060,14.8595,americano
S0093,-20.1755,-12.0024,french_press
S0094,12.5587,20.2373,ristretto
S0095,-0.1572,17.4650,cold_brew
S0096,20.1391,4.6848,flat_white
S0097,3.1150,10.3820,pour_over
S0098,22.5681,-0.6866,cappuccino
S0099,-24.6856,5.2155,americano
S0100,19.9223,19.1976,ristretto
S0101,22.7723,-4.9867,cappuccino
S0102,8.5576,-23.5169,espresso
S0103,-0.0140,3.9064,latte
S0104,-14.3363,23.0718,americano
S0105,24.5024,-1.2685,flat_white
S0106,-16.4378,-11.5540,french_press
S0107,18.0683,1.4117,flat_white
S0108,-0.7919,9.2278,ristretto
S0109,3.6820,11.3397,cold_brew
S0110,0.8559,7.0731,latte
S0111,16.8322,1.3881,cappuccino
S0112,18.7481,-2.6905,cappuccino
S0113,2.3697,17.6579,cold_brew
S0114,-2.0042,10.5327,lungo
S0115,3.6108,11.3064,pour_over
S0116,2.8354,7.4872,lungo
S0117,-4.9846,4.5357,lungo
S0118,-3.1869,16.2015,latte
S0119,0.2903,15.9462,cold_brew
S0120,-11.9286,-11.5178,french_press
S0121,-3.3200,3.6742,latte
S0122,16.7107,12.1169,cappuccino
S0123,0.0499,18.7689,pour_over
S0124,-3.6522,14.9809,pour_over
S0125,24.5070,-1.2245,cappuccino
S0126,-16.1913,0.5198,french_press
S0127,7.6531,-21.0894,espresso
S0128,1.7711,10.7709,pour_over
S0129,-15.3550,-13.8812,french_press
S0130,4.3197,15.5878,pour_over
S0131,2.0171,-24.1359,espresso
S0132,-3.9070,-3.8289,ristretto
S0133,-8.4423,7.6196,lungo
S0134,-19.6327,11.9962,americano
S0135,18.4176,14.9541,cappuccino
S0136,-0.9930,13.1829,latte
S0137,14.5558,-17.1495,flat_white
S0138,1.0696,17.9753,cold_brew
S0139,1.2115,5.2601,pour_over
S0140,-18.2979,-14.0342,french_press
S0141,3.5610,-21.5290,espresso
S0142,2.8018,7.2663,ristretto
S0143,-10.0279,11.5934,lungo
S0144,-26.9550,-0.8163,americano
S0145,22.4164,10.8726,cappuccino
S0146,-4.3452,17.5647,latte
S0147,18.0050,-10.4026,flat_white
S0148,4.8748,20.3993,cold_brew
S0149,4.2091,0.2166,pour_over
S0150,-18.4295,-11.8764,french_press
S0151,8.0819,-22.2766,espresso
S0152,-2.2305,2.5156,ristretto
S0153,-12.0290,14.1859,lungo
S0154,-16.9286,8.0027,americano
S0155,19.6413,12.4155,cappuccino
S0156,6.2805,2.2410,latte
S0157,20.0245,-6.8329,flat_white
S0158,3.8598,19.6340,cold_brew
S0159,7.1733,12.2689,pour_over
S0160,-16.1987,-11.6150,french_press
S0161,6.0237,-20.8395,espresso
S0162,-12.9607,-8.2820,french_press
S0163,1.5602,15.3756,latte
S0164,5.0478,10.9939,latte
S0165,18.1974,-15.4338,flat_white
S0166,2.4203,10.2904,latte
S0167,4.2891,-22.5786,espresso
S0168,-14.5119,-12.3239,french_press
S0169,3.6542,6.8026,pour_over
S0170,-16.9351,-12.6577,french_press
S0171,4.0459,12.5385,pour_over
S0172,25.3387,12.5894,cappuccino
S0173,-2.3138,3.4118,ristretto
S0174,0.1265,20.0051,cold_brew
S0175,-2.2289,19.5406,cold_brew
S0176,-21.5434,8.6316,americano
S0177,-2.4800,9.6161,latte
S0178,-1.9232,-3.6490,ristretto
S0179,2.8097,-24.2696,espresso
S0180,10.7821,-16.1727,espresso
S0181,-9.5787,9.7734,lungo
S0182,-9.7273,12.5413,lungo
S0183,0.7732,22.1943,cold_brew
S0184,-5.0922,0.9687,pour_over
S0185,0.2376,4.6797,lungo
S0186,10.6608,-21.4599,espresso
S0187,2.0680,7.3930,ristretto
S0188,-3.2404,8.8975,lungo
S0189,15.6980,-13.2653,flat_white
S0190,-26.0699,-3.5089,americano
S0191,-19.1435,2.1902,americano
S0192,8.9194,21.0801,cold_brew
S0193,-21.8771,-2.2774,americano
S0194,-23.0291,2.4103,americano
S0195,20.3798,10.4460,cappuccino
S0196,23.7031,-5.4659,flat_white
S0197,18.4445,-13.3828,flat_white
S0198,18.8975,-16.6612,flat_white
S0199,21.0960,12.7838,cappuccino
S0200,-10.3012,-10.4524,french_press
S0201,7.2077,9.8651,ristretto
S0202,-0.1420,12.3760,latte
S0203,5.7108,-24.4258,espresso
S0204,-14.9378,-5.3364,french_press
S0205,2.8973,4.0255,latte
S0206,-8.9809,12.2770,lungo
S0207,-0.0828,14.7836,pour_over
S0208,-5.4016,12.5619,lungo
S0209,14.7961,-16.2841,espresso
S0210,11.3147,-20.6375,espresso
S0211,1.4398,5.4618,ristretto
S0212,1.1311,23.6187,cold_brew
S0213,17.3294,-15.8818,flat_white
S0214,-20.4457,6.7046,americano
S0215,-5.2641,9.3001,lungo
S0216,1.0762,10.6778,ristretto
S0217,5.7163,19.7646,cold_brew
S0218,-18.3048,9.5261,americano
S0219,-1.6310,0.2375,ristretto
S0220,-19.8427,8.7800,americano
S0221,-14.0485,-5.2113,french_press
S0222,7.5824,10.8932,ristretto
S0223,-1.6468,21.7573,cold_brew
S0224,19.4724,-2.2587,flat_white
S0225,1.7911,-2.9653,pour_over
S0226,26.2501,11.8068,cappuccino
S0227,-17.8526,9.1368,americano
S0228,3.9174,11.0087,ristretto
S0229,24.8452,13.1000,cappuccino
S0230,0.1382,-25.0849,espresso
S0231,-0.3028,11.0241,latte
S0232,-13.5240,9.0317,americano
S0233,17.4783,-13.7517,flat_white
S0234,-13.9419,-9.5398,french_press
S0235,9.9306,-21.5780,flat_white
S0236,9.5303,9.7628,ristretto
S0237,-0.2045,20.8790,cold_brew
S0238,7.6954,8.7053,latte
S0239,20.7972,12.8702,cappuccino
S0240,22.2579,15.9884,cappuccino
S0241,5.5221,20.4699,cold_brew
S0242,1.4937,-1.3955,lungo
S0243,5.4240,15.7706,pour_over
S0244,-1.3203,0.5309,lungo
S0245,-4.2741,12.1178,lungo
S0246,4.4599,11.0332,latte
S0247,3.1717,12.7904,latte
S0248,17.5466,8.2214,cappuccino
S0249,1.3570,7.5453,pour_over
S0250,-0.3704,8.0340,pour_over
S0251,22.6978,13.2809,cappuccino
S0252,-8.9714,-12.6886,french_press
S0253,7.9570,-23.2107,espresso
S0254,-1.7646,2.8775,pour_over
S0255,-4.0612,-8.3993,french_press
S0256,5.2717,5.3640,pour_over
S0257,5.6484,-18.7949,espresso
S0258,10.8481,21.2592,ristretto
S0259,-10.6332,4.2949,lungo
S0260,-19.4732,-3.3440,americano
S0261,20.9178,1.5933,cappuccino
S0262,-11.5808,-11.2267,latte
S0263,14.5658,-15.6247,flat_white
S0264,-5.7037,22.3531,cold_brew
S0265,-6.6729,-1.7017,pour_over
S0266,-7.9408,8.7328,french_press
S0267,3.1502,-20.8327,espresso
S0268,8.7690,18.5844,ristretto
S0269,-10.7632,6.6150,lungo
S0270,-15.6656,1.2307,americano
S0271,26.4529,3.9440,cappuccino
S0272,-6.2115,17.5078,latte
S0273,18.3820,-15.1564,flat_white
S0274,1.0692,17.7693,cold_brew
S0275,1.7502,9.2223,pour_over
S0276,-4.3077,17.0660,french_press
S0277,0.6474,-20.8233,espresso
S0278,13.4315,18.0190,ristretto
S0279,-13.2697,5.2211,lungo
S0280,-22.5037,-0.8223,americano
S0281,23.3953,1.0159,cappuccino
S0282,-8.8928,-1.5683,latte
S0283,14.9748,-15.3189,flat_white
S0284,7.5020,14.3911,cold_brew
S0285,7.0582,7.6709,pour_over
S0286,-23.4221,-8.7316,french_press
S0287,5.8180,-18.4977,espresso
S0288,-17.3489,-10.6481,french_press
S0289,-7.4993,-5.1513,latte
S0290,-7.0404,-12.8006,latte
S0291,17.7594,-10.0539,flat_white
S0292,-8.5462,-14.4379,latte
S0293,-3.1606,-18.9704,espresso
S0294,-15.1427,-6.6869,french_press
S0295,-2.6512,1.7740,pour_over
S0296,-16.0389,-13.8700,french_press
S0297,-1.0876,1.7525,pour_over
S0298,27.5662,-4.1306,cappuccino
S0299,14.1718,18.8111,ristretto
S0300,-4.2258,17.7265,cold_brew
S0301,1.3544,13.7206,cold_brew
S0302,-20.5420,-0.0421,americano
S0303,-7.0797,-1.4210,latte
S0304,9.7184,16.8406,ristretto
S0305,3.6631,-20.5380,espresso
S0306,-0.6204,-24.8482,espresso
S0307,-12.3665,1.5273,lungo
S0308,-10.0702,5.3630,lungo
S0309,-5.2528,19.5521,cold_brew
S0310,-8.1330,-4.3911,pour_over
S0311,-13.2824,8.8611,lungo
S0312,1.1144,-21.3357,espresso
S0313,5.5929,11.5601,ristretto
S0314,-12.3550,3.6047,lungo
S0315,5.4963,-13.6187,flat_white
S0316,-16.3161,3.3659,americano
S0317,-20.7492,1.9286,americano
S0318,1.8903,16.6515,cold_brew
S0319,-25.4238,-0.5509,americano
S0320,-20.4332,1.7087,americano
S0321,28.8892,-2.7424,cappuccino
S0322,14.1246,-16.9262,flat_white
S0323,14.6657,-14.9739,flat_white
S0324,19.1795,-11.1892,flat_white
S0325,25.9717,-2.5738,cappuccino
S0326,-3.2273,11.3460,french_press
S0327,11.3913,20.4100,ristretto
S0328,5.3288,-1.0858,latte
S0329,1.9832,-20.7264,espresso
S0330,-6.9189,13.6292,french_press
S0331,-5.5029,-2.7727,latte
S0332,-15.5417,7.8255,lungo
S0333,-4.8050,-4.5207,pour_over
S0334,-15.0433,3.7417,lungo
S0335,3.4397,-24.5800,espresso
S0336,0.5225,-17.9952,espresso
S0337,8.2793,25.3450,ristretto
S0338,2.6393,14.2526,cold_brew
S0339,20.5560,-5.2689,flat_white
S0340,-20.4681,0.5815,americano
S0341,-16.0211,6.2860,lungo
S0342,6.8762,20.6174,ristretto
S0343,0.9627,14.2037,cold_brew
S0344,26.4136,4.1650,cappuccino
S0345,13.9569,-16.8078,flat_white
S0346,-25.2221,2.7254,americano
S0347,10.9270,23.1019,ristretto
S0348,-15.9833,2.7315,americano
S0349,-7.2348,6.0706,french_press
S0350,10.1297,20.7368,ristretto
S0351,-1.9752,17.4100,cold_brew
S0352,17.3462,-11.2441,flat_white
S0353,1.9410,4.4461,pour_over
S0354,30.3990,-7.8097,cappuccino
S0355,-10.4318,-1.0471,americano
S0356,3.4675,25.2559,ristretto
S0357,20.6932,6.3892,cappuccino
S0358,1.1894,-20.3134,espresso
S0359,-10.2117,-11.6434,latte
S0360,-22.3663,-3.8723,americano
S0361,17.1111,-17.6045,flat_white
S0362,-7.8899,13.3087,french_press
S0363,14.9585,-15.6610,flat_white
S0364,15.2067,12.6008,ristretto
S0365,4.3689,17.0174,cold_brew
S0366,-7.8647,1.2977,latte
S0367,29.4678,-9.3794,cappuccino
S0368,28.0962,0.7074,cappuccino
S0369,0.1464,15.9975,cold_brew
S0370,-13.7114,5.0579,lungo
S0371,-7.0340,-1.1465,pour_over
S0372,-11.4390,6.7573,lungo
S0373,-12.9377,11.0984,lungo
S0374,-13.4634,-11.4245,latte
S0375,5.1775,11.9136,cold_brew
S0376,0.8101,0.9831,french_press
S0377,-2.1910,13.9350,latte
S0378,28.8528,-1.6755,cappuccino
S0379,-6.8732,-8.2826,pour_over
S0380,-4.9299,-1.7271,pour_over
S0381,26.8375,1.2303,cappuccino
S0382,2.2949,-7.5884,french_press
S0383,2.4782,-24.0632,espresso
S0384,3.4198,11.9576,pour_over
S0385,-0.0983,8.2645,french_press
S0386,-23.6941,1.8254,americano
S0387,-5.2792,-25.0021,espresso
S0388,-6.0629,-2.4268,ristretto
S0389,-7.6438,11.2107,lungo
S0390,-21.2915,-1.7549,americano
S0391,17.7812,3.7715,cappuccino
S0392,-10.1887,2.9349,latte
S0393,20.8239,-10.9466,flat_white
S0394,2.5547,8.5624,cold_brew
S0395,0.1368,1.0727,pour_over
S0396,-19.3934,-9.6996,french_press
S0397,-0.7939,-24.9457,espresso
S0398,2.5074,10.4582,ristretto
S0399,-7.1537,1.8928,lungo
S0400,-17.3770,-8.3068,americano
S0401,21.9859,9.7234,cappuccino
S0402,-1.5234,8.0565,latte
S0403,14.0648,-8.0691,flat_white
S0404,3.3755,5.4698,cold_brew
S0405,-3.7647,8.2237,pour_over
S0406,-13.6703,-11.0264,french_press
S0407,4.5402,-24.0358,espresso
S0408,4.5004,8.4647,ristretto
S0409,-6.0666,5.9200,lungo
S0410,-9.2979,-13.6329,americano
S0411,22.0999,8.1155,cappuccino
S0412,-0.4322,5.9361,latte
S0413,16.1558,-10.1698,flat_white
S0414,6.2500,4.7004,cold_brew
S0415,5.0894,-6.8734,pour_over
S0416,-14.6292,-11.3559,french_press
S0417,7.5105,-16.9899,espresso
S0418,-10.6592,-10.8013,french_press
S0419,-15.2229,-1.1338,latte
S0420,-3.4547,-0.5000,latte
S0421,10.0302,-11.1239,flat_white
S0422,-12.2719,-5.2544,latte
S0423,-2.6640,-22.5646,espresso
S0424,-13.2399,-10.2253,french_press
S0425,-4.8295,-1.5331,pour_over
S0426,-20.6949,-11.7717,french_press
S0427,-5.4942,1.8603,pour_over
S0428,19.1847,6.3669,cappuccino
S0429,-1.3051,3.4233,ristretto
S0430,7.1983,1.9155,cold_brew
S0431,-4.3536,16.5985,cold_brew
S0432,-20.6657,-6.6171,americano
S0433,-1.5692,4.4317,latte
S0434,1.5100,7.7868,ristretto
S0435,2.8055,-26.5215,espresso
S0436,5.3654,-21.4647,espresso
S0437,-10.3973,6.2173,lungo
S0438,-11.6460,8.5342,lungo
S0439,2.5307,7.1082,cold_brew
S0440,-7.0163,-2.6232,pour_over
S0441,-12.4613,5.1380,lungo
S0442,-5.4040,-26.1554,espresso
S0443,-0.2520,3.3565,ristretto
S0444,-11.7631,1.9712,lungo
S0445,11.1585,-7.3335,flat_white
S0446,-14.1853,-4.5474,americano
S0447,-11.3897,-9.7192,americano
S0448,6.1759,0.6414,cold_brew
S0449,-13.9150,-9.6800,americano
S0450,-12.8329,-9.1773,americano
S0451,22.5780,4.8111,cappuccino
S0452,19.3963,-12.7759,flat_white
S0453,16.8217,-8.0399,flat_white
S0454,17.5952,-11.9142,flat_white
S0455,20.2163,6.1419,cappuccino
S0456,-21.1036,-10.8838,french_press
S0457,-0.4744,8.0749,ristretto
S0458,-5.3273,-6.1443,latte
S0459,2.1714,-18.8476,espresso
S0460,-11.9497,-7.0374,french_press
S0461,-5.7853,-0.2029,latte
S0462,-5.5839,9.9009,lungo
S0463,-6.8381,3.5239,pour_over
S0464,-9.0118,8.3932,lungo
S0465,-0.9044,-23.8483,espresso
S0466,0.0887,-27.0783,espresso
S0467,6.4248,12.7379,ristretto
S0468,8.8365,-0.6880,cold_brew
S0469,21.0690,-9.3968,flat_white
S0470,-13.5620,-8.2655,americano
S0471,-6.0308,2.8787,lungo
S0472,12.6623,12.0832,ristretto
S0473,-5.2819,14.1301,cold_brew
S0474,17.3500,-1.0559,cappuccino
S0475,13.5852,-10.9312,flat_white
S0476,-12.8170,-8.0269,americano
S0477,-0.3426,10.6137,ristretto
S0478,-15.9613,-3.8490,americano
S0479,-11.8050,-8.9048,french_press
S0480,1.4091,11.2170,ristretto
S0481,-1.5471,2.2869,cold_brew
S0482,12.7817,-13.2578,flat_white
S0483,-2.2975,-9.1647,pour_over
S0484,21.2948,4.4684,cappuccino
S0485,-15.1758,-3.4353,americano
S0486,1.3173,5.8461,ristretto
S0487,20.7878,7.1356,cappuccino
S0488,2.8633,-22.4338,espresso
S0489,-7.0489,3.1495,latte
S0490,-12.0447,-6.3827,americano
S0491,20.8631,-11.2279,flat_white
S0492,-6.5970,-10.8005,french_press
S0493,21.1358,3.9133,flat_white
S0494,2.2719,3.6367,ristretto
S0495,4.8254,6.2318,cold_brew
S0496,-5.0262,2.0666,latte
S0497,14.9412,3.3691,cappuccino
S0498,21.5767,4.0909,cappuccino
S0499,2.8730,2.3173,cold_brew
S0500,-6.5087,4.1300,lungo
S0501,-1.4786,-8.1466,pour_over
S0502,-11.1412,6.8340,lungo
S0503,3.0705,9.8217,lungo
S0504,0.4984,9.8897,latte
S0505,-1.3899,11.2218,cold_brew
S0506,-11.0772,-13.2891,french_press
S0507,8.4520,1.3861,latte
S0508,20.3157,1.8508,cappuccino
S0509,-2.5291,4.0439,pour_over
S0510,0.6017,9.4112,pour_over
S0511,19.0143,9.4951,cappuccino
S0512,-12.8388,-9.4563,french_press
S0513,0.6090,-22.3296,espresso
S0514,-5.9253,-8.7479,pour_over
S0515,-14.7348,-12.6542,french_press
S0516,-7.9409,2.2537,pour_over
S0517,-3.5228,-24.0054,espresso
S0518,-0.8775,5.6455,ristretto
S0519,-3.1184,3.8173,lungo
S0520,-13.9942,-13.4558,americano
S0521,19.3677,6.4292,cappuccino
S0522,-1.9582,-6.2776,latte
S0523,13.9973,-12.2647,flat_white
S0524,-5.8350,18.4719,cold_brew
S0525,3.5529,7.9795,pour_over
S0526,-7.9510,-9.9511,french_press
S0527,0.1298,-21.9466,espresso
S0528,-0.2175,4.0004,ristretto
S0529,-5.1436,7.4640,lungo
S0530,-19.2290,-6.4320,americano
S0531,11.8411,7.6427,cappuccino
S0532,-9.9965,-14.4642,latte
S0533,12.6216,-14.6142,flat_white
S0534,-7.2205,22.2295,cold_brew
S0535,3.8415,2.8595,pour_over
S0536,-8.6726,-14.0612,french_press
S0537,-6.4691,-18.3038,espresso
S0538,1.6178,6.4451,ristretto
S0539,-8.1892,3.0035,lungo
S0540,-12.0707,-2.2800,americano
S0541,22.3165,1.3326,cappuccino
S0542,-13.6455,-10.9119,latte
S0543,13.0964,-17.2621,flat_white
S0544,-2.4599,16.0012,cold_brew
S0545,-3.8268,2.1794,pour_over
S0546,-13.6744,-9.3299,french_press
S0547,0.2076,-22.1849,espresso
S0548,-6.0911,4.8186,french_press
S0549,-11.8918,-2.3214,latte
S0550,-11.2985,-14.4074,latte
S0551,14.0775,-11.7273,flat_white
S0552,-11.5307,-11.7742,latte
S0553,-6.2396,-23.1643,espresso
S0554,-19.4459,-12.5703,french_press
S0555,6.0169,1.6240,pour_over
S0556,-8.3769,-6.1986,french_press
S0557,0.3265,5.7450,pour_over
S0558,19.1726,2.8146,cappuccino
S0559,7.4152,3.6351,ristretto
S0560,3.7740,16.6111,cold_brew
S0561,-4.3138,20.1862,cold_brew
S0562,-17.9058,-5.6783,americano
S0563,-13.3096,-12.1557,latte
S0564,11.9607,2.8161,ristretto
S0565,-2.5094,-24.6874,espresso
S0566,-4.9732,-29.1859,espresso
S0567,-10.3285,8.2260,lungo
S0568,-4.9882,5.2771,lungo
S0569,-5.7440,16.6385,cold_brew
S0570,3.2179,-0.2337,pour_over
S0571,-12.7056,5.4580,lungo
S0572,3.6521,-21.2096,espresso
S0573,9.6802,2.9283,ristretto
S0574,-6.2870,5.7488,lungo
S0575,12.9614,-8.2182,flat_white
S0576,-15.0993,-7.9565,americano
S0577,-19.6106,-10.2790,americano
S0578,-1.3909,19.3136,cold_brew
S0579,-10.9621,-7.7773,americano
S0580,-11.7708,-6.7199,americano
S0581,24.7386,2.5353,cappuccino
S0582,12.7729,-15.1685,flat_white
S0583,18.3597,-12.3988,flat_white
S0584,12.4800,-16.0844,flat_white
S0585,14.6665,9.1591,cappuccino
S0586,-13.9986,-13.9795,french_press
S0587,12.1028,1.1027,ristretto
S0588,-8.4066,-7.4435,latte
S0589,1.7171,-18.9043,espresso
S0590,-19.1384,-10.2101,french_press
S0591,-7.9685,-13.5471,latte
S0592,-10.5284,4.2001,lungo
S0593,1.0525,1.1786,pour_over
S0594,-12.9526,2.8633,lungo
S0595,-8.6319,-18.0548,espresso
S0596,-1.7290,-20.1681,espresso
S0597,8.2633,5.3049,ristretto
S0598,-5.4826,20.9311,cold_brew
S0599,14.4143,-12.4167,flat_white
S0600,-14.2209,-5.8021,americano
S0601,-3.2411,0.1499,lungo
S0602,4.9674,4.7305,ristretto
S0603,-2.0925,20.9001,cold_brew
S0604,16.8512,6.4839,cappuccino
S0605,17.7123,-6.1100,flat_white
S0606,-9.3768,-1.2171,americano
S0607,8.9453,1.7598,ristretto
S0608,-8.2456,-4.5151,americano
S0609,-10.2206,-14.7029,french_press
S0610,0.4302,9.2960,ristretto
S0611,2.6832,19.3629,cold_brew
S0612,16.3538,-14.4086,flat_white
S0613,2.3447,6.2190,pour_over
S0614,18.5511,2.0420,cappuccino
S0615,-19.4580,-4.3160,americano
S0616,7.9142,11.5392,ristretto
S0617,19.8274,3.5611,cappuccino
S0618,-8.7181,-19.2212,espresso
S0619,-11.4765,-17.1530,latte
S0620,-16.9613,-6.4795,americano
S0621,17.4927,-12.6091,flat_white
S0622,-9.1927,-11.3131,french_press
S0623,14.4960,-13.9315,flat_white
S0624,-0.2041,6.2575,ristretto
S0625,-4.6339,20.4087,cold_brew
S0626,-10.6166,-6.5676,latte
S0627,15.6568,-0.2367,cappuccino
S0628,24.3927,0.8281,cappuccino
S0629,-2.9635,17.4682,cold_brew
S0630,-7.6434,8.7607,lungo
S0631,6.5186,2.3785,pour_over
S0632,-18.9683,9.2359,lungo
S0633,-7.4126,5.1064,lungo
S0634,-1.8210,-2.5549,latte
S0635,-6.3770,22.2171,cold_brew
S0636,-20.8163,-12.3471,french_press
S0637,-12.2170,-13.2271,latte
S0638,12.4099,6.2483,cappuccino
S0639,2.0986,1.5507,pour_over
S0640,3.6509,10.3835,pour_over
S0641,15.0576,4.3318,cappuccino
S0642,-18.4387,-16.3648,french_press
S0643,-2.9437,-24.6616,espresso
S0644,2.4302,6.7147,pour_over
S0645,-13.7867,-11.4486,french_press
S0646,5.7151,6.5609,pour_over
S0647,3.1186,-23.4156,espresso
S0648,10.2980,26.0892,ristretto
S0649,-11.2678,5.6069,lungo
S0650,-15.8657,1.4491,americano
S0651,23.2642,10.4442,cappuccino
S0652,4.4492,-1.6154,latte
S0653,16.7893,-12.7079,flat_white
S0654,-1.5776,17.6674,cold_brew
S0655,-5.8991,-1.2194,pour_over
S0656,2.3678,-2.5428,french_press
S0657,-0.9072,-11.5235,espresso
S0658,13.7012,16.0014,ristretto
S0659,-10.5746,2.9335,lungo
S0660,-18.6326,-7.7781,americano
S0661,27.1619,9.2841,cappuccino
S0662,2.4760,-0.2616,latte
S0663,19.3024,-13.8780,flat_white
S0664,2.1293,18.9136,cold_brew
S0665,-1.2592,-3.8124,pour_over
S0666,7.5944,-1.6370,french_press
S0667,7.5480,-21.1273,espresso
S0668,18.1415,11.1425,ristretto
S0669,-14.4662,2.7914,lungo
S0670,-14.6025,3.2546,americano
S0671,17.0649,3.7115,cappuccino
S0672,0.7787,2.6847,latte
S0673,17.3182,-13.7740,flat_white
S0674,4.0198,12.8677,cold_brew
S0675,-3.2391,-3.4862,pour_over
S0676,1.7399,-7.2673,french_press
S0677,4.9437,-19.3457,espresso
S0678,10.3175,-3.0590,french_press
S0679,18.2342,-3.1581,latte
S0680,6.3010,13.6274,latte
S0681,20.2699,-18.1929,flat_white
S0682,8.4134,8.1047,latte
S0683,-0.0563,-25.0071,espresso
S0684,0.9895,4.4601,french_press
S0685,-3.6255,2.5338,pour_over
S0686,8.4757,-1.2879,french_press
S0687,-3.6849,-0.1004,pour_over
S0688,18.3607,10.6188,cappuccino
S0689,10.2493,22.2104,ristretto
S0690,14.6074,7.2261,cold_brew
S0691,7.9768,8.3690,cold_brew
S0692,-11.7337,-6.7196,americano
S0693,4.4212,9.6779,latte
S0694,10.3730,19.5411,ristretto
S0695,7.6943,-22.4119,espresso
S0696,-0.0394,-13.2016,espresso
S0697,-15.0878,5.8990,lungo
S0698,-10.9685,8.1987,lungo
S0699,4.1265,16.2128,cold_brew
S0700,-0.5288,6.2276,pour_over
S0701,-10.1000,8.4536,lungo
S0702,14.5670,-9.4103,espresso
S0703,0.5667,24.2057,ristretto
S0704,-9.7339,3.0912,lungo
S0705,11.8557,-18.1152,flat_white
S0706,-24.3840,-6.5634,americano
S0707,-21.9159,0.0951,americano
S0708,0.5619,17.0400,cold_brew
S0709,-24.3386,-6.3756,americano
S0710,-23.3777,4.1033,americano
S0711,15.7269,5.9088,cappuccino
S0712,15.4336,-14.7690,flat_white
S0713,17.5360,-8.7091,flat_white
S0714,15.1986,-15.7910,flat_white
S0715,22.3594,6.6954,cappuccino
S0716,5.3036,0.3018,french_press
S0717,15.1479,14.1720,ristretto
S0718,9.7242,-6.0010,latte
S0719,8.4128,-20.0490,espresso
S0720,5.2188,3.0909,french_press
S0721,11.5128,-1.8433,latte
S0722,-13.5946,9.8611,lungo
S0723,-3.3920,-1.7823,pour_over
S0724,-6.1250,5.6039,lungo
S0725,5.7533,-17.8111,espresso
S0726,3.8776,-23.1669,espresso
S0727,0.6597,26.3103,ristretto
S0728,3.7827,13.5394,cold_brew
S0729,17.9459,-15.6479,flat_white
S0730,-20.9196,-2.1806,americano
S0731,-9.7604,-1.3671,lungo
S0732,8.0425,14.9356,ristretto
S0733,9.7778,9.9082,cold_brew
S0734,25.1873,6.7489,cappuccino
S0735,19.9371,-8.7868,flat_white
S0736,-21.2800,-4.7579,americano
S0737,9.8902,16.8964,ristretto
S0738,-5.1558,3.6666,americano
S0739,1.0422,-2.5566,french_press
S0740,13.8417,18.4751,ristretto
S0741,7.7238,14.5986,cold_brew
S0742,15.2016,-16.8639,flat_white
S0743,0.3497,8.6570,pour_over
S0744,19.5261,5.5981,cappuccino
S0745,-9.6648,0.1684,americano
S0746,14.7978,17.5326,ristretto
S0747,7.7589,11.8119,cappuccino
S0748,4.2181,-22.6036,espresso
S0749,-3.6455,-6.8414,latte
S0750,-16.8221,8.9851,americano
S0751,23.0946,-10.5252,flat_white
S0752,9.8398,2.7725,french_press
S0753,18.2340,-8.1394,flat_white
S0754,10.7384,22.2358,ristretto
S0755,5.7114,12.4922,cold_brew
S0756,0.9810,11.1131,latte
S0757,14.9522,0.6712,cappuccino
S0758,15.9969,9.8675,cappuccino
S0759,12.6982,8.2320,cold_brew
S0760,-13.8388,9.8185,lungo
S0761,10.1273,9.4517,pour_over
S0762,-13.3157,7.4287,lungo
S0763,-12.3961,8.5909,lungo
S0764,7.8612,8.3606,latte
S0765,-2.3875,19.8777,cold_brew
S0766,9.2057,0.3494,french_press
S0767,3.8497,0.1760,latte
S0768,23.4071,-2.5675,cappuccino
S0769,-2.6798,-4.8382,pour_over
S0770,7.2340,4.7320,pour_over
S0771,13.8113,11.3312,cappuccino
S0772,1.6163,-3.6133,french_press
S0773,3.3655,-17.2868,espresso
S0774,-0.9986,-4.7038,pour_over
S0775,8.3425,11.0874,french_press
S0776,3.5475,3.6054,pour_over
S0777,-3.2613,-19.7073,espresso
S0778,2.5066,26.7875,ristretto
S0779,-11.5546,8.6678,lungo
S0780,-5.3897,-2.0047,americano
S0781,28.2222,-3.1226,cappuccino
S0782,-3.8162,19.8245,latte
S0783,9.0846,-21.0211,flat_white
S0784,-2.3425,16.2139,cold_brew
S0785,4.3044,-0.9682,pour_over
S0786,-19.5018,-13.9215,french_press
S0787,-4.0893,-26.5202,espresso
S0788,-2.5137,20.4431,ristretto
S0789,-13.5363,9.7440,lungo
S0790,-21.0802,1.6311,americano
S0791,29.8128,4.1724,cappuccino
S0792,-1.4714,8.1834,latte
S0793,8.0631,-19.7884,flat_white
S0794,-2.8876,21.2991,cold_brew
S0795,8.3127,3.8299,pour_over
S0796,-8.8908,-14.8957,french_press
S0797,4.2664,-18.0719,espresso
S0798,4.1928,26.2755,ristretto
S0799,-9.8606,4.8808,lungo
S0800,-22.1674,-1.7336,americano
S0801,25.7440,-2.4733,cappuccino
S0802,-1.3472,10.5074,latte
S0803,14.5696,-11.3905,flat_white
S0804,-6.8275,22.7820,cold_brew
S0805,10.3178,8.0014,pour_over
S0806,-11.3360,-13.6114,french_press
S0807,3.9338,-25.2772,espresso
S0808,-16.5139,-15.5158,french_press
S0809,-7.8127,21.7537,latte
S0810,8.2277,12.3025,latte
S0811,11.1670,-18.4900,flat_white
S0812,-4.4746,21.5212,latte
S0813,3.5709,-23.5502,espresso
S0814,-11.0484,-9.1191,french_press
S0815,-5.7581,-1.4352,pour_over
S0816,-17.7028,-14.5836,french_press
S0817,-5.5600,-3.3104,pour_over
S0818,28.9532,-3.1412,cappuccino
S0819,12.4001,9.4661,ristretto
S0820,-8.1538,18.0744,cold_brew
S0821,-3.1388,17.0603,cold_brew
S0822,-20.4891,-0.2273,americano
S0823,-1.2961,16.4200,latte
S0824,7.5361,18.9414,ristretto
S0825,1.8025,-17.8041,espresso
S0826,5.3637,-17.2820,espresso
S0827,-12.5779,11.8763,lungo
S0828,-0.1712,-5.9451,lungo
S0829,2.8046,16.4607,cold_brew
S0830,0.9757,-5.0165,pour_over
S0831,-9.3832,6.7222,lungo
S0832,3.6585,-21.7236,espresso
S0833,-0.0324,3.0312,ristretto
S0834,-7.4228,8.8423,lungo
S0835,20.4790,-6.2672,flat_white
S0836,-13.8437,6.5946,americano
S0837,-12.3373,5.7971,americano
S0838,-7.3996,20.6073,cold_brew
S0839,-18.6860,1.5497,americano
S0840,-16.3210,7.0365,americano
S0841,26.9772,0.9096,cappuccino
S0842,19.6803,-12.7638,flat_white
S0843,13.8730,-15.0742,flat_white
S0844,11.2506,-17.2733,flat_white
S0845,28.8598,0.7227,cappuccino
S0846,-16.6039,-16.6715,french_press
S0847,0.8370,21.5064,ristretto
S0848,-2.9925,13.4925,latte
S0849,6.7429,-22.4093,espresso
S0850,-12.5150,-11.0830,french_press
S0851,-3.7154,17.0918,latte
S0852,-3.7941,3.8388,lungo
S0853,-6.1179,6.8606,pour_over
S0854,-3.1673,1.9672,lungo
S0855,11.6524,-13.1326,espresso
S0856,-5.1402,-21.2532,espresso
S0857,11.0097,12.8031,ristretto
S0858,-5.2459,18.7006,cold_brew
S0859,19.0021,-18.3957,flat_white
S0860,-21.4094,0.4697,americano
S0861,-11.7936,12.3138,lungo
S0862,9.3275,19.6970,ristretto
S0863,0.7988,17.3592,cold_brew
S0864,25.2927,-13.6498,cappuccino
S0865,11.0825,-17.4409,flat_white
S0866,-19.1758,0.8971,americano
S0867,10.3340,25.2980,ristretto
S0868,-21.4713,-1.2281,americano
S0869,-12.6069,-8.2381,french_press
S0870,9.0125,22.5069,ristretto
S0871,-1.1998,21.2577,cold_brew
S0872,13.2786,-17.0265,flat_white
S0873,2.0013,3.6645,pour_over
S0874,25.4138,-2.3459,cappuccino
S0875,-13.9476,-1.6353,americano
S0876,5.7249,26.0251,ristretto
S0877,25.6765,-4.3681,cappuccino
S0878,-2.8677,-22.7598,espresso
S0879,-4.2541,14.6071,latte
S0880,-17.4259,1.7229,americano
S0881,18.8391,-2.3650,flat_white
S0882,-16.9261,-12.7317,french_press
S0883,17.4132,-16.2032,flat_white
S0884,6.2172,26.1201,ristretto
S0885,-0.0079,18.5919,cold_brew
S0886,1.6689,12.0013,latte
S0887,27.2705,0.5561,cappuccino
S0888,28.7570,0.3606,cappuccino
S0889,-2.3132,19.2377,cold_brew
S0890,-4.0941,2.7638,lungo
S0891,-1.5949,5.4914,pour_over
S0892,-7.3917,6.9633,lungo
S0893,-13.4268,5.2966,lungo
S0894,-9.2999,15.0603,latte
S0895,-7.8403,20.1620,cold_brew
S0896,-14.7965,-13.8231,french_press
S0897,-2.1112,12.9436,latte
S0898,29.5576,-3.9304,cappuccino
S0899,-1.7181,3.5362,pour_over
S0900,0.1538,-7.7062,pour_over
S0901,26.4315,-9.5047,cappuccino
S0902,-11.4687,-16.0418,french_press
S0903,6.7889,-20.9168,espresso
S0904,1.0437,4.3498,pour_over
S0905,-20.8611,-12.0203,french_press
S0906,10.4248,6.8343,pour_over
S0907,2.9050,5.7803,ristretto
S0908,-12.2726,11.2835,lungo
S0909,-19.2587,-9.0305,americano
S0910,28.2276,-9.6281,cappuccino
S0911,-9.4457,-3.4727,latte
S0912,12.5291,-17.7479,flat_white
S0913,5.1799,8.5469,cold_brew
S0914,-8.9540,-5.0072,pour_over
S0915,-19.5457,-10.8867,french_press
S0916,-3.6392,-24.9451,espresso
S0917,-1.8835,7.0026,ristretto
S0918,-7.0534,-1.0973,lungo
S0919,-17.9720,-7.8224,americano
S0920,28.7633,-6.9318,cappuccino
S0921,-13.1416,-13.5777,latte
S0922,15.7696,-17.1647,flat_white
S0923,-3.1094,13.9254,cold_brew
S0924,-9.5262,-0.8760,pour_over
S0925,-20.1059,-13.9281,french_press
S0926,-4.4376,-22.7390,espresso
S0927,7.7515,5.2364,ristretto
S0928,-15.9406,11.0714,lungo
S0929,-20.2118,-6.1034,americano
S0930,20.4321,-5.5066,cappuccino
S0931,-13.1702,-13.6058,latte
S0932,10.3299,-15.9774,flat_white
S0933,0.3367,13.0939,cold_brew
S0934,-7.1970,-3.9042,pour_over
S0935,-21.8027,-8.9296,french_press
S0936,0.6782,-24.4674,espresso
S0937,-24.9473,-13.1827,french_press
S0938,-15.0657,-16.8463,latte
S0939,-13.8305,-12.6937,latte
S0940,15.3120,-16.4588,flat_white
S0941,-15.8708,-14.9865,latte
S0942,-6.4370,-22.7907,espresso
S0943,-17.7345,-14.9704,french_press
S0944,-11.3988,-5.1612,pour_over
S0945,-21.2201,-14.2608,french_press
S0946,-6.4979,1.7228,pour_over
S0947,22.6999,-3.6412,cappuccino
S0948,-7.8940,-0.9697,ristretto
S0949,3.5244,14.7762,cold_brew
S0950,2.8068,12.7504,cold_brew
S0951,-14.3831,-6.4844,americano
S0952,-14.6666,-17.8495,latte
S0953,-5.1957,-2.4927,ristretto
S0954,-14.0228,13.6312,lungo
S0955,2.4103,12.6671,cold_brew
S0956,-11.5363,-3.8371,pour_over
S0957,-13.1311,5.9980,lungo
S0958,-4.5934,-22.9609,espresso
S0959,-0.2927,0.0959,ristretto
S0960,-11.2483,10.8084,lungo
S0961,9.6678,-17.1202,flat_white
S0962,-20.0799,-4.5417,americano
S0963,-19.6494,-8.1000,americano
S0964,0.5603,14.0266,cold_brew
S0965,-13.9254,-10.8113,americano
S0966,-17.0725,-12.4946,americano
S0967,16.7803,-6.6950,cappuccino
S0968,17.4296,-16.0115,flat_white
S0969,14.0074,-15.7039,flat_white
S0970,13.2413,-15.1242,flat_white
S0971,19.8895,0.1447,cappuccino
S0972,-18.3132,-10.6805,french_press
S0973,-5.0834,3.4937,ristretto
S0974,-14.3592,-11.3067,latte
S0975,-10.2974,-24.0778,espresso
S0976,-21.0448,-10.0186,french_press
S0977,-14.8801,-14.4596,latte
S0978,-16.3009,3.5895,lungo
S0979,-8.7436,-6.1524,pour_over
S0980,-12.1274,10.5018,lungo
S0981,-6.9936,-19.8178,espresso
S0982,-7.1925,-23.9542,espresso
S0983,-2.5236,2.3565,ristretto
S0984,-2.5644,17.7365,cold_brew
S0985,10.6362,-16.5965,flat_white
S0986,-7.9066,-14.1599,americano
S0987,-11.9676,11.2486,lungo
S0988,3.7821,4.5583,ristretto
S0989,21.6534,-14.0129,cappuccino
S0990,19.9272,-8.2221,flat_white
S0991,-21.6336,-8.5528,americano
S0992,-1.9651,5.4572,ristretto
S0993,-12.7702,-10.2637,americano
S0994,-13.7497,-14.1813,french_press
S0995,-2.2043,5.8530,ristretto
S0996,5.3565,14.1212,cold_brew
S0997,16.5585,-11.8518,flat_white
S0998,-6.4276,-4.9115,pour_over
S0999,13.6764,-6.6935,cappuccino
S1000,-17.1564,-4.1548,americano
S1001,-3.9328,1.4296,ristretto
S1002,22.4521,1.4765,cappuccino
S1003,-4.1407,-23.0096,espresso
S1004,-12.2960,-3.6754,latte
S1005,-17.4082,-12.1683,americano
S1006,15.6767,-16.1246,flat_white
S1007,-22.6868,-14.4399,french_press
S1008,15.9065,-16.5451,flat_white
S1009,-0.3725,0.9035,ristretto
S1010,3.2604,12.3374,cold_brew
S1011,-13.7860,-16.4852,latte
S1012,27.2366,-3.1353,cappuccino
S1013,20.5323,-4.8454,cappuccino
S1014,-1.4535,14.9904,cold_brew
S1015,-12.2019,5.9744,lungo
S1016,-7.8131,-7.4084,pour_over
S1017,-11.2077,7.3101,lungo
S1018,-13.6363,11.2535,lungo
S1019,-12.5922,-18.6293,latte
S1020,1.2927,14.2390,cold_brew
S1021,-17.6485,-16.2040,french_press
S1022,-16.8337,-12.7668,latte
S1023,13.6158,3.8884,cappuccino
S1024,24.4456,2.8539,cappuccino
S1025,-10.8347,-7.0991,french_press
S1026,-12.3582,-20.1032,espresso
S1027,-9.1070,-0.9738,pour_over
S1028,-21.1850,-10.5094,french_press
S1029,-11.7583,-4.7328,pour_over
S1030,1.0062,-21.1248,espresso
S1031,6.5438,15.9365,ristretto
S1032,-11.5276,4.2537,lungo
S1033,-23.1358,-5.4407,americano
S1034,17.0036,1.8588,cappuccino
S1035,1.7437,12.0138,latte
S1036,12.7860,-16.6353,flat_white
S1037,-5.3600,18.2922,cold_brew
S1038,1.5304,3.9165,pour_over
S1039,-12.8790,0.9561,french_press
S1040,3.7557,-26.3114,espresso
S1041,8.8516,17.0034,ristretto
S1042,-8.6717,7.6797,lungo
S1043,-23.3947,-5.3534,americano
S1044,14.4898,-1.0510,cappuccino
S1045,-4.6180,10.5644,latte
S1046,11.1217,-19.3800,flat_white
S1047,-0.0366,15.9984,cold_brew
S1048,-11.2110,15.3298,pour_over
S1049,-10.9031,-7.6295,french_press
S1050,2.1351,-22.8960,espresso
S1051,8.6929,24.7615,ristretto
S1052,-15.1865,3.0689,lungo
S1053,-24.5838,-3.2142,americano
S1054,21.2579,-1.0183,cappuccino
S1055,-4.0328,-6.2050,latte
S1056,17.2041,-12.4277,flat_white
S1057,-1.2611,14.4641,cold_brew
S1058,-8.3073,-0.7094,pour_over
S1059,-12.2991,-7.3806,french_press
S1060,-2.8350,-23.9714,espresso
S1061,-7.9227,0.1425,french_press
S1062,3.3795,4.7898,latte
S1063,1.2612,7.6692,latte
S1064,18.8888,-6.0232,flat_white
S1065,9.1482,10.9192,latte
S1066,7.1201,-25.6528,espresso
S1067,-13.0583,-6.9212,french_press
S1068,-4.5171,0.5764,pour_over
S1069,-8.5564,-4.9105,french_press
S1070,-3.8354,6.4894,pour_over
S1071,16.4746,-6.6591,cappuccino
S1072,9.1614,19.7586,ristretto
S1073,-4.9633,15.2696,cold_brew
S1074,-3.0283,14.7647,cold_brew
S1075,-24.1769,-2.5861,americano
S1076,-6.6518,1.0024,latte
S1077,12.5702,22.2736,ristretto
S1078,4.7098,-18.3772,espresso
S1079,0.2995,-20.0450,espresso
S1080,-5.5506,15.1769,cold_brew
S1081,-9.4506,17.4036,pour_over
S1082,-15.5047,7.9603,lungo
S1083,-5.0920,-27.3771,espresso
S1084,17.1579,11.6608,ristretto
S1085,-14.2756,5.1398,lungo
S1086,16.5925,-7.0929,flat_white
S1087,-31.1699,-8.2647,americano
S1088,-28.4032,-3.1783,americano
S1089,-3.8072,19.7546,cold_brew
S1090,-28.8582,-7.5087,americano
S1091,-28.8333,-4.4058,americano
S1092,18.0964,-0.1475,cappuccino
S1093,15.3450,-12.4372,flat_white
S1094,17.2824,-8.0426,flat_white
S1095,19.7932,-11.1356,flat_white
S1096,5.1058,7.8148,cappuccino
S1097,-9.6660,-10.3662,french_press
S1098,6.9179,25.2586,ristretto
S1099,3.7734,-0.8181,latte
S1100,-3.3091,-22.1701,espresso
S1101,-11.2962,4.4638,french_press
S1102,2.3987,12.6377,latte
S1103,-12.9994,3.6175,lungo
S1104,-10.2122,2.4196,pour_over
S1105,-19.1450,0.7606,lungo
S1106,1.3967,-28.0331,espresso
S1107,-0.6831,-30.0922,espresso
S1108,13.1696,19.2297,ristretto
S1109,-4.5131,15.9426,cold_brew
S1110,23.7016,-7.6195,flat_white
S1111,-24.8027,-4.7677,americano
S1112,-16.8214,7.6635,lungo
S1113,5.1998,23.7651,ristretto
S1114,2.2961,15.3058,cold_brew
S1115,17.3376,1.4926,cappuccino
S1116,17.7466,-12.0075,flat_white
S1117,-27.8761,-4.2526,americano
S1118,1.2503,22.2754,ristretto
S1119,-3.1951,13.0792,americano
S1120,-7.7458,-4.8298,french_press
S1121,7.9689,23.3106,ristretto
S1122,1.4573,15.7870,cold_brew
S1123,13.6265,-12.1201,flat_white
S1124,-6.4218,3.7736,pour_over
S1125,20.1945,6.2868,cappuccino
S1126,-27.0794,-6.0154,americano
S1127,14.4243,15.6358,ristretto
S1128,23.3231,-2.8975,cappuccino
S1129,-0.7628,-21.8692,espresso
S1130,1.3887,2.2590,latte
S1131,-27.4829,-4.6825,americano
S1132,19.4048,-7.9927,flat_white
S1133,-19.5228,-9.3369,french_press
S1134,15.0928,-15.8910,flat_white
S1135,11.6406,21.6486,ristretto
S1136,-7.7406,19.5497,cold_brew
S1137,3.3777,-11.4302,latte
S1138,26.0449,-9.1762,cappuccino
S1139,14.3537,-3.2050,cappuccino
S1140,-2.1813,14.9250,cold_brew
S1141,-15.2604,6.4648,lungo
S1142,-5.1606,9.9808,pour_over
S1143,-6.0504,9.6941,lungo
S1144,-9.1241,3.9588,lungo
S1145,1.9906,9.4992,latte
S1146,-7.4208,18.1205,cold_brew
S1147,-17.1262,-0.7099,french_press
S1148,9.3232,-2.5724,latte
S1149,23.7684,-3.2295,cappuccino
S1150,-5.9949,5.4488,pour_over
S1151,-8.5089,5.2807,pour_over
S1152,17.5800,7.2103,cappuccino
S1153,-2.2891,-2.4180,french_press
S1154,-0.3559,-26.1676,espresso
S1155,-0.3952,11.8407,pour_over
S1156,-17.4014,1.2157,french_press
S1157,-4.3430,7.0033,pour_over
S1158,0.4017,-22.6875,espresso
S1159,5.7228,14.5985,ristretto
S1160,-12.2002,6.6163,lungo
S1161,-26.1500,-6.1788,americano
S1162,26.7630,-1.8668,cappuccino
S1163,-0.8220,-14.1990,latte
S1164,5.3805,-19.6025,flat_white
S1165,-7.0314,18.9835,cold_brew
S1166,-12.0370,-2.3419,pour_over
S1167,-14.5792,-16.4153,french_press
S1168,2.3083,-18.2289,espresso
S1169,6.1798,10.9438,ristretto
S1170,-16.4359,12.4390,lungo
S1171,-25.3424,-1.8633,americano
S1172,27.2922,-9.0362,cappuccino
S1173,-5.5752,-11.0148,latte
S1174,17.9125,-13.4647,flat_white
S1175,-1.4078,17.0324,cold_brew
S1176,0.0306,8.9041,pour_over
S1177,-17.0673,-10.1771,french_press
S1178,2.3534,-17.6216,espresso
S1179,8.3845,15.6011,ristretto
S1180,-18.0468,13.3895,lungo
S1181,-25.8543,-10.8109,americano
S1182,21.0175,-1.0346,cappuccino
S1183,-3.9270,10.7234,latte
S1184,17.8090,-12.4206,flat_white
S1185,-0.5698,15.9078,cold_brew
S1186,-3.2383,16.0903,pour_over
S1187,-6.5365,-12.6206,french_press
S1188,-0.9742,-12.1672,espresso
S1189,-18.0128,-13.7243,french_press
S1190,-6.5826,-4.8725,latte
S1191,-9.2302,10.3068,latte
S1192,17.4982,-12.5787,flat_white
S1193,-6.0150,17.3851,latte
S1194,2.9695,-22.7145,espresso
S1195,-16.4335,-12.2201,french_press
S1196,-4.3812,7.9420,pour_over
S1197,-17.9835,-11.4780,french_press
S1198,-3.1632,10.3013,pour_over
S1199,27.9903,-10.2105,cappuccino
S1200,5.3460,22.4269,ristretto
S1201,-5.9105,16.7131,cold_brew
S1202,-6.0252,20.0076,cold_brew
S1203,-11.4880,26.0546,americano
S1204,8.1464,-8.6961,latte
S1205,4.9067,16.6628,ristretto
S1206,-0.7711,-22.8593,espresso
S1207,-0.3316,-19.3897,espresso
S1208,-18.8297,11.2420,lungo
S1209,-15.3608,11.0008,lungo
S1210,-1.7575,20.5858,cold_brew
S1211,-2.2937,13.5065,pour_over
S1212,-12.9825,7.2642,lungo
S1213,0.5223,-16.5696,espresso
S1214,6.9639,26.4406,ristretto
S1215,-18.8765,9.1665,lungo
S1216,13.7934,-14.0983,flat_white
S1217,-26.4949,-12.1852,americano
S1218,-23.8467,5.6131,americano
S1219,-4.3225,19.0206,cold_brew
S1220,-23.4104,2.7710,americano
S1221,-28.3916,-6.5091,americano
S1222,26.1629,-12.6703,cappuccino
S1223,15.5965,-11.4692,flat_white
S1224,19.0154,-12.0405,flat_white
S1225,19.4019,-10.9403,flat_white
S1226,27.3614,-3.7978,cappuccino
S1227,-17.2195,-11.3034,french_press
S1228,10.0028,17.3523,ristretto
S1229,8.0355,7.0760,latte
S1230,2.7446,-13.7219,espresso
S1231,-14.4346,-8.5589,french_press
S1232,-6.2289,-7.7397,latte
S1233,-19.8701,11.6387,lungo
S1234,-8.8801,16.2281,pour_over
S1235,-17.0872,9.1412,lungo
S1236,-3.8145,-11.7761,espresso
S1237,-3.4469,-17.1561,espresso
S1238,5.5019,26.8434,ristretto
S1239,-7.9517,17.0711,cold_brew
S1240,13.5079,-12.7750,flat_white
S1241,-23.6514,10.9158,americano
S1242,-19.7648,7.3311,lungo
S1243,0.1242,20.3391,ristretto
S1244,-2.6646,16.9970,cold_brew
S1245,28.9847,-1.2060,cappuccino
S1246,15.2589,-11.0975,flat_white
S1247,-22.9832,1.3505,americano
S1248,10.7745,22.5382,ristretto
S1249,-21.9951,0.2124,americano
S1250,-19.4437,-11.2457,french_press
S1251,12.4157,19.3611,ristretto
S1252,-2.2403,18.7227,cold_brew
S1253,17.1753,-9.5566,flat_white
S1254,-10.5068,14.7751,pour_over
S1255,27.7987,-6.5221,cappuccino
S1256,-23.1917,-0.9481,americano
S1257,14.6197,7.8543,ristretto
S1258,29.5159,-6.8100,cappuccino
S1259,2.5747,-19.2307,espresso
S1260,-3.3638,9.6699,latte
S1261,-23.2804,12.8875,americano
S1262,15.3976,-13.8653,flat_white
S1263,-22.3182,-10.9852,french_press
S1264,16.5175,-11.5980,flat_white
S1265,13.4827,3.4364,ristretto
S1266,-8.8722,17.0906,cold_brew
S1267,-0.5445,8.2651,latte
S1268,23.8892,-6.1352,cappuccino
S1269,29.9771,-8.0082,cappuccino
S1270,-0.7589,18.7823,cold_brew
S1271,-9.1548,0.3983,lungo
S1272,-1.3533,5.5998,pour_over
S1273,-15.7871,6.1119,lungo
S1274,-21.9053,10.7904,lungo
S1275,4.8342,1.6245,latte
S1276,-7.5190,21.2547,cold_brew
S1277,-18.6321,-7.6883,french_press
S1278,-3.5929,9.0243,latte
S1279,28.1240,-9.9946,cappuccino
S1280,1.0022,17.3342,pour_over
S1281,-4.1919,12.9114,pour_over
S1282,16.3732,-1.7569,cappuccino
S1283,-23.3531,-13.5252,french_press
S1284,-2.6000,-7.3871,espresso
S1285,-5.2487,17.6365,pour_over
S1286,-12.1082,-8.8592,french_press
S1287,-4.5580,13.0679,pour_over
S1288,3.1322,-24.0911,espresso
S1289,-1.6854,-1.9929,ristretto
S1290,-10.9836,5.3818,lungo
S1291,-30.2558,-0.1491,americano
S1292,23.4594,-11.0850,cappuccino
S1293,-9.5721,-16.1099,latte
S1294,9.3618,-0.9045,flat_white
S1295,-4.6160,18.4968,cold_brew
S1296,2.7307,10.0099,pour_over
S1297,-20.5884,-13.8961,french_press
S1298,8.2781,-24.3853,espresso
S1299,6.7068,17.1212,ristretto
S1300,-8.5464,-0.1408,lungo
S1301,-25.8508,-5.9076,americano
S1302,20.5305,-17.8576,cappuccino
S1303,-12.5565,-6.1340,latte
S1304,10.8410,-2.7732,flat_white
S1305,-8.8530,17.2329,cold_brew
S1306,1.6727,13.3456,pour_over
S1307,-21.3335,-11.6249,french_press
S1308,5.2354,-27.9063,espresso
S1309,-2.5931,-7.1937,ristretto
S1310,-10.1136,5.5685,lungo
S1311,-21.2283,-6.1569,americano
S1312,18.3717,-7.2685,cappuccino
S1313,2.0052,-4.5578,latte
S1314,10.9949,-8.7370,flat_white
S1315,-12.6921,18.4011,cold_brew
S1316,2.8216,13.7816,pour_over
S1317,-20.1587,-13.4252,french_press
S1318,-2.7651,-28.9855,espresso
S1319,-19.3473,-13.0215,french_press
S1320,-4.9600,-5.0357,latte
S1321,1.3297,-4.0550,latte
S1322,11.9851,-8.9901,flat_white
S1323,-6.0849,4.3700,latte
S1324,9.3437,-13.6494,espresso
S1325,-14.1214,-11.2469,french_press
S1326,-1.5215,14.9600,pour_over
S1327,-11.7413,-11.0562,french_press
S1328,2.8181,14.0256,pour_over
S1329,24.5470,-12.4578,cappuccino
S1330,10.2765,23.5545,ristretto
S1331,-9.1170,13.0202,cold_brew
S1332,-12.6947,16.0180,cold_brew
S1333,-26.6258,-4.9720,americano
S1334,-4.0921,-6.4856,latte
S1335,5.6834,26.8820,ristretto
S1336,6.4540,-26.1388,espresso
S1337,6.4977,-25.2878,espresso
S1338,-17.7553,0.4109,lungo
S1339,-15.1606,-8.4793,lungo
S1340,-10.0492,19.1623,cold_brew
S1341,-0.7543,13.3151,pour_over
S1342,-12.3543,-0.9208,lungo
S1343,-0.6453,-24.6167,espresso
S1344,1.9759,-1.7092,ristretto
S1345,-15.1686,-1.6808,lungo
S1346,16.8473,-11.8903,flat_white
S1347,-18.1178,2.9249,americano
S1348,-24.2785,-6.2100,americano
S1349,-6.3273,19.1306,cold_brew
S1350,-25.4998,-9.1374,americano
S1351,-28.3653,-12.0411,americano
S1352,23.4112,-10.7411,cappuccino
S1353,13.0977,-11.1722,flat_white
S1354,13.6941,-11.2547,flat_white
S1355,14.9062,-11.2243,flat_white
S1356,29.4791,-6.6722,cappuccino
S1357,-14.7799,-10.9369,french_press
S1358,4.1112,24.4488,ristretto
S1359,-0.4065,-13.5624,latte
S1360,5.0083,-20.3321,espresso
S1361,-19.4004,-13.3162,french_press
S1362,8.8867,-7.5650,latte
S1363,-17.6512,7.7065,lungo
S1364,3.0300,6.7036,pour_over
S1365,-12.6802,-10.8217,lungo
S1366,-1.4181,-22.1640,espresso
S1367,-0.9087,-22.7358,espresso
S1368,4.3652,7.7790,ristretto
S1369,-8.3773,20.5065,cold_brew
S1370,13.8449,-4.3087,flat_white
S1371,-25.1080,-2.1927,americano
S1372,-10.2708,5.2166,lungo
S1373,1.4129,19.9711,ristretto
S1374,-1.4837,18.4817,cold_brew
S1375,24.7471,-10.3056,cappuccino
S1376,16.6969,-4.7312,flat_white
S1377,-21.8111,8.9459,americano
S1378,2.5754,25.3418,ristretto
S1379,-23.6715,-3.3519,americano
S1380,-19.6547,-13.8702,french_press
S1381,7.6885,23.1804,ristretto
S1382,0.0274,15.4140,cold_brew
S1383,11.7753,-1.8104,flat_white
S1384,-6.6908,16.4389,pour_over
S1385,20.9995,-13.2589,cappuccino
S1386,-22.6035,-9.3492,americano
S1387,10.7833,21.9058,ristretto
S1388,28.8420,-2.0067,cappuccino
S1389,5.1981,-26.7710,espresso
S1390,10.4864,3.5338,latte
S1391,-26.3959,-1.3856,americano
S1392,11.4293,-7.6565,flat_white
S1393,-18.1018,-10.8497,french_press
S1394,10.4201,-14.4917,flat_white
S1395,11.1663,17.8853,ristretto
S1396,-2.7799,17.4846,cold_brew
S1397,-1.9106,7.2953,latte
S1398,25.2004,-11.2397,cappuccino
S1399,26.4614,-11.2116,cappuccino
S1400,0.6804,15.0037,cold_brew
S1401,-13.6819,-5.5915,lungo
S1402,-7.8610,12.7603,pour_over
S1403,-14.1014,2.6069,lungo
S1404,-14.6333,2.8063,lungo
S1405,-1.0245,-13.6041,latte
S1406,-6.6578,18.2417,cold_brew
S1407,-18.8774,-7.5139,french_press
S1408,-11.3893,2.4373,latte
S1409,25.3676,-9.0519,cappuccino
S1410,4.9227,18.1025,pour_over
S1411,3.6664,10.9110,pour_over
S1412,28.6298,-9.7272,cappuccino
S1413,-10.0942,-10.8051,french_press
S1414,9.2511,-16.6433,espresso
S1415,-3.4510,11.6793,pour_over
S1416,-7.3011,-19.9593,espresso
S1417,-4.9042,1.3855,ristretto
S1418,-9.7694,4.8249,lungo
S1419,-17.7046,-5.2244,americano
S1420,18.0899,2.9552,cappuccino
S1421,-12.5291,-7.0727,latte
S1422,11.7027,-18.5694,flat_white
S1423,5.8630,10.8931,cold_brew
S1424,-12.4935,-4.0923,pour_over
S1425,-21.4541,-10.3852,french_press
S1426,-3.6534,-19.1988,espresso
S1427,-5.5297,-4.6889,ristretto
S1428,-6.5089,4.7018,lungo
S1429,-21.3884,-7.3992,americano
S1430,25.7897,0.5440,cappuccino
S1431,-13.0565,-12.8980,latte
S1432,9.7887,-19.8509,flat_white
S1433,1.6869,10.3902,cold_brew
S1434,-7.9953,0.2271,pour_over
S1435,-22.9555,-10.7504,french_press
S1436,-1.4040,-18.1524,espresso
S1437,-3.1188,0.8298,ristretto
S1438,-13.3117,7.3308,lungo
S1439,-18.5793,-1.0207,americano
S1440,25.0335,3.7115,cappuccino
S1441,-8.5803,-15.2385,latte
S1442,11.2638,-19.7479,flat_white
S1443,2.4724,12.8971,cold_brew
S1444,-8.4486,-0.6649,pour_over
S1445,-22.1673,-10.8113,french_press
S1446,-0.5650,-20.7375,espresso
S1447,-24.5442,-13.5098,french_press
S1448,-13.9390,-13.5282,latte
S1449,-13.8975,-11.8546,latte
S1450,13.1759,-15.7703,flat_white
S1451,-8.0689,-12.2264,latte
S1452,-1.7981,-21.5667,espresso
S1453,-20.6028,-11.8161,french_press
S1454,-4.0801,-4.6174,pour_over
S1455,-22.3790,-13.2358,french_press
S1456,-7.0861,-2.5752,pour_over
S1457,26.6892,-0.6651,cappuccino
S1458,-5.1265,-10.3476,ristretto
S1459,-3.0299,14.8366,cold_brew
S1460,5.5076,9.5441,cold_brew
S1461,-21.4559,-3.3192,americano
S1462,-16.6841,-14.0382,latte
S1463,-6.8025,-10.7054,ristretto
S1464,-1.6854,-22.7192,espresso
S1465,-3.7965,-20.3211,espresso
S1466,-15.3923,12.4124,lungo
S1467,-12.8851,8.2419,lungo
S1468,6.3051,11.2513,cold_brew
S1469,4.2231,-5.1020,pour_over
S1470,-13.4671,9.5450,lungo
S1471,-5.3023,-28.6209,espresso
S1472,-7.6217,-10.5027,ristretto
S1473,-11.3805,11.1045,lungo
S1474,10.5380,-24.7763,flat_white
S1475,-18.3889,-3.1087,americano
S1476,-20.0530,-6.6024,americano
S1477,-0.8656,16.7860,cold_brew
S1478,-23.2201,-5.1221,americano
S1479,-27.8753,-5.6183,americano
S1480,23.6403,2.2254,cappuccino
S1481,16.2425,-16.1150,flat_white
S1482,10.6226,-20.2098,flat_white
S1483,17.1259,-15.5435,flat_white
S1484,25.7381,2.5338,cappuccino
S1485,-21.7280,-13.2485,french_press
S1486,-7.3394,-10.4623,ristretto
S1487,-6.4018,-11.7221,latte
S1488,-5.7388,-24.3248,espresso
S1489,-24.9283,-11.0822,french_press
S1490,-3.8427,-11.0171,latte
S1491,-11.6201,10.7256,lungo
S1492,-7.0919,-0.1696,pour_over
S1493,-14.3878,9.6941,lungo
S1494,-6.6094,-26.9821,espresso
S1495,-0.9894,-20.7041,espresso
S1496,-7.7247,-14.1049,ristretto
S1497,-4.6118,11.1884,cold_brew
S1498,14.4605,-20.7039,flat_white
S1499,-20.5067,-3.2605,americano
S1500,-6.5151,1.1258,lungo
S1501,-8.5736,0.2603,ristretto
S1502,-1.5017,13.5938,cold_brew
S1503,26.7508,-0.9822,cappuccino
S1504,14.1327,-17.9757,flat_white
S1505,-22.0242,-0.9954,americano
S1506,-2.9828,-0.1792,ristretto
S1507,-21.3334,-6.3498,americano
S1508,-19.0818,-13.2154,french_press
S1509,-7.3455,-6.2063,ristretto
S1510,-2.3535,11.7341,cold_brew
S1511,14.6653,-18.6554,flat_white
S1512,-5.7144,0.9392,pour_over
S1513,25.0950,4.1113,cappuccino
S1514,-19.4187,-7.9356,americano
S1515,-5.2586,-14.2201,ristretto
S1516,24.4094,4.9914,cappuccino
S1517,-2.4812,-22.9152,espresso
S1518,-14.6227,-10.8541,latte
S1519,-21.7170,-0.5340,americano
S1520,17.0306,-17.1672,flat_white
S1521,-24.3113,-10.6338,french_press
S1522,18.4123,-13.4808,flat_white
S1523,-7.6115,-4.4086,ristretto
S1524,1.7155,8.3325,cold_brew
S1525,-14.8605,-12.2060,latte
S1526,26.7476,-0.0303,cappuccino
S1527,18.5925,7.4044,cappuccino
S1528,-0.4141,13.0542,cold_brew
S1529,-16.8938,11.1083,lungo
S1530,-0.8022,-2.1362,pour_over
S1531,-18.4712,8.3966,lungo
S1532,-11.1025,10.6173,lungo
S1533,-5.2969,-11.8697,latte
S1534,2.4156,10.4278,cold_brew
S1535,-22.8551,-13.2750,french_press
S1536,-8.6773,-4.6094,latte
S1537,27.0085,2.3019,cappuccino
S1538,1.3409,1.4569,pour_over
S1539,-3.4225,8.7507,pour_over
S1540,27.5230,5.5027,cappuccino
S1541,-16.7180,-4.5621,french_press
S1542,-3.3622,-19.4498,espresso
S1543,2.9346,7.6332,pour_over
S1544,-20.1041,-9.3925,french_press
S1545,-0.2383,3.7119,pour_over
S1546,6.6590,-23.7412,espresso
S1547,9.9188,23.7116,ristretto
S1548,-4.9435,6.3488,lungo
S1549,-16.6286,6.6965,americano
S1550,22.2533,1.4444,cappuccino
S1551,3.3449,8.7250,latte
S1552,6.5930,4.5209,flat_white
S1553,-7.2107,18.7429,cold_brew
S1554,9.8651,5.5687,pour_over
S1555,0.5191,-3.3240,french_press
S1556,6.6204,-23.5019,espresso
S1557,9.3591,18.7732,ristretto
S1558,-3.9372,-2.8574,lungo
S1559,-17.5733,5.3988,americano
S1560,24.0794,0.5207,cappuccino
S1561,12.4280,7.5121,latte
S1562,15.2977,-4.4070,flat_white
S1563,-8.6871,5.3365,french_press
S1564,7.6101,-19.0052,espresso
S1565,17.2784,14.2105,ristretto
S1566,-4.5224,6.7123,lungo
S1567,-23.2494,6.5313,americano
S1568,20.5196,2.1368,cappuccino
S1569,-0.0178,11.0563,latte
S1570,19.1250,4.6362,flat_white
S1571,-8.0768,21.4245,cold_brew
S1572,2.4807,5.3916,pour_over
S1573,-5.7644,1.1320,french_press
S1574,20.0923,-4.6009,espresso
S1575,-4.1106,-0.8015,french_press
S1576,-3.1364,19.9456,latte
S1577,0.6945,7.6062,latte
S1578,17.2391,-7.2761,flat_white
S1579,7.7214,10.1707,latte
S1580,4.0276,-25.0795,espresso
S1581,0.8968,11.6851,french_press
S1582,15.1141,6.6136,pour_over
S1583,-7.2485,18.9363,french_press
S1584,3.8529,-0.4105,pour_over
S1585,27.2870,-1.1808,cappuccino
S1586,6.1364,25.5601,ristretto
S1587,0.1764,17.8949,cold_brew
S1588,-3.2346,14.7214,cold_brew
S1589,-16.5054,25.2593,americano
S1590,1.5412,-0.4564,latte
S1591,9.2246,23.0295,ristretto
S1592,15.8218,-13.0287,espresso
S1593,0.4365,-13.7990,espresso
S1594,-7.0552,-11.3587,lungo
S1595,-16.6676,11.0129,lungo
S1596,6.3949,8.0183,cold_brew
S1597,2.6581,9.6878,pour_over
S1598,-4.7375,-3.0157,lungo
S1599,10.6114,-19.7139,espresso
S1600,16.2052,20.2156,ristretto
S1601,-10.2307,5.0260,lungo
S1602,15.8821,-2.3830,flat_white
S1603,-11.9956,21.5172,americano
S1604,-13.5133,27.4944,americano
S1605,-7.0901,16.8891,cold_brew
S1606,-7.5224,20.7337,americano
S1607,-13.9334,19.1557,americano
S1608,16.1338,6.2984,cappuccino
S1609,21.3181,-6.9560,flat_white
S1610,21.9346,-1.4990,flat_white
S1611,17.3042,-6.9163,flat_white
S1612,-7.0734,17.9632,cappuccino
S1613,-0.9380,2.1654,french_press
S1614,14.3458,22.4482,ristretto
S1615,1.7291,12.8996,latte
S1616,17.3560,-15.2256,espresso
S1617,-18.1479,-12.0770,french_press
S1618,7.9312,5.8362,latte
S1619,-8.8852,1.0092,lungo
S1620,2.6136,7.7991,pour_over
S1621,2.3771,-28.7962,espresso
S1622,10.4191,22.6974,ristretto
S1623,0.0149,17.8845,cold_brew
S1624,15.6078,-6.3819,flat_white
S1625,-22.6614,9.3738,americano
S1626,-9.1584,9.1459,lungo
S1627,4.7213,22.4592,ristretto
S1628,1.5449,14.1446,cold_brew
S1629,-1.2084,17.0074,cappuccino
S1630,14.4012,-1.8583,flat_white
S1631,-16.8058,2.4969,americano
S1632,7.4016,26.3113,ristretto
S1633,-13.6063,5.1521,americano
S1634,0.3981,13.4637,french_press
S1635,8.7806,25.7988,ristretto
S1636,-9.1825,15.8762,cold_brew
S1637,19.1879,-6.8434,flat_white
S1638,7.7862,0.9131,pour_over
S1639,28.2903,-4.3159,cappuccino
S1640,-20.6190,5.4022,americano
S1641,6.2498,26.5075,ristretto
S1642,26.2829,3.0377,cappuccino
S1643,11.1875,-20.7857,espresso
S1644,4.5724,11.4925,latte
S1645,-19.6796,0.1093,americano
S1646,17.8673,1.8331,flat_white
S1647,-18.9460,-12.7213,french_press
S1648,21.1551,1.8242,flat_white
S1649,5.0711,24.1913,ristretto
S1650,8.5915,18.3002,cold_brew
S1651,-0.5446,16.5252,latte
S1652,23.7540,-0.1395,cappuccino
S1653,16.4841,9.7619,cappuccino
S1654,4.5129,19.1883,cold_brew
S1655,-2.7123,6.8663,lungo
S1656,-14.6110,2.6193,lungo
S1657,9.9054,6.0886,latte
S1658,-2.2149,13.3040,cold_brew
S1659,-12.4172,-0.7947,french_press
S1660,8.8141,11.4128,latte
S1661,-7.7659,13.9753,cappuccino
S1662,26.6757,-0.7499,cappuccino
S1663,-1.7822,15.4649,french_press
S1664,2.5987,-20.9470,espresso
S1665,8.8071,9.2272,pour_over
S1666,0.5117,15.7779,french_press
S1667,9.6071,11.4852,pour_over
S1668,-2.4815,-21.2338,espresso
S1669,10.9080,9.1958,ristretto
S1670,-12.8517,8.2210,lungo
S1671,-6.4582,-2.1808,americano
S1672,14.1408,2.8753,cappuccino
S1673,-5.7109,-8.7306,latte
S1674,20.4208,-11.3498,flat_white
S1675,-3.0357,21.7684,cold_brew
S1676,-10.3782,3.2515,pour_over
S1677,-22.1552,-12.4706,french_press
S1678,0.0186,-23.5609,espresso
S1679,16.2267,17.0553,ristretto
S1680,-0.9857,10.6802,lungo
S1681,-8.2315,13.9197,americano
S1682,29.0962,-4.4587,cappuccino
S1683,1.2833,-3.2044,latte
S1684,15.9690,-15.2086,flat_white
S1685,8.7008,13.2734,cold_brew
S1686,-0.7809,9.7673,pour_over
S1687,-19.4964,-12.5703,french_press
S1688,2.3841,-20.7215,espresso
S1689,11.6803,10.2944,ristretto
S1690,-7.9550,10.9346,lungo
S1691,-4.7347,4.6740,americano
S1692,27.7882,-5.3148,cappuccino
S1693,8.0794,-8.6603,latte
S1694,21.5683,-12.5712,flat_white
S1695,-0.0229,23.0975,cold_brew
S1696,-5.2355,0.7840,pour_over
S1697,-16.7956,-12.3175,french_press
S1698,-0.0331,-23.8132,espresso
S1699,-16.5288,-11.9859,french_press
S1700,2.9152,-1.7049,latte
S1701,1.1227,-1.2824,latte
S1702,16.0584,-16.0487,flat_white
S1703,-2.6193,2.6309,latte
S1704,10.3284,-20.2337,espresso
S1705,-21.6747,-7.9235,french_press
S1706,0.4379,-5.2838,pour_over
S1707,-23.1241,-12.8166,french_press
S1708,-0.6221,9.2390,pour_over
S1709,27.1040,-2.1721,cappuccino
S1710,9.0246,12.3330,ristretto
S1711,4.6653,14.4359,cold_brew
S1712,3.7578,15.8991,cold_brew
S1713,-3.7929,21.4517,americano
S1714,2.1573,-4.7930,latte
S1715,10.6946,20.3076,ristretto
S1716,1.0262,-18.4338,espresso
S1717,3.4869,-23.1243,espresso
S1718,-5.8894,-3.2313,lungo
S1719,-11.2042,9.8724,lungo
S1720,4.5028,18.1033,cold_brew
S1721,-6.7654,11.7496,pour_over
S1722,-7.0674,2.6946,lungo
S1723,9.5800,-10.5908,espresso
S1724,10.3107,16.0260,ristretto
S1725,-4.2641,2.7053,lungo
S1726,19.6208,-13.1430,flat_white
S1727,-8.8836,11.8426,americano
S1728,-4.9465,15.4475,americano
S1729,4.2550,17.2934,cold_brew
S1730,-0.0278,-7.8355,americano
S1731,-7.9939,15.3468,americano
S1732,28.9972,0.2445,cappuccino
S1733,20.8086,-7.6819,flat_white
S1734,17.6082,-11.8958,flat_white
S1735,13.1357,-21.8430,flat_white
S1736,25.1595,-0.1978,cappuccino
S1737,-18.0725,-15.3316,french_press
S1738,10.2307,18.4933,ristretto
S1739,-3.6880,-5.3720,latte
S1740,1.8139,-16.8884,espresso
S1741,-20.0055,-10.2453,french_press
S1742,6.7171,-12.0749,latte
S1743,-10.1934,13.0902,lungo
S1744,-0.1699,1.4960,pour_over
S1745,-14.5587,9.7939,lungo
S1746,4.0955,-18.3203,espresso
S1747,-1.4580,-18.0314,espresso
S1748,12.8032,11.2868,ristretto
S1749,11.0145,15.7749,cold_brew
S1750,22.8517,-10.0543,flat_white
S1751,-15.4789,16.0593,americano
S1752,-9.5186,8.6120,lungo
S1753,1.8985,18.3761,ristretto
S1754,12.6680,18.9790,cold_brew
S1755,23.6066,-6.0893,cappuccino
S1756,24.1138,-6.0893,flat_white
S1757,-19.8375,7.8531,americano
S1758,4.5328,22.6488,ristretto
S1759,-10.9629,1.0745,americano
S1760,-19.1486,-12.6873,french_press
S1761,17.1597,14.9056,ristretto
S1762,-0.6330,20.7991,cold_brew
S1763,17.5488,-14.4789,flat_white
S1764,0.1923,12.0327,pour_over
S1765,28.4357,-12.2544,cappuccino
S1766,-1.4590,3.6916,americano
S1767,12.5588,13.1441,ristretto
S1768,23.6034,-3.4107,cappuccino
S1769,10.0418,-17.0049,espresso
S1770,-8.3934,-12.7675,latte
S1771,-18.6813,3.6643,americano
S1772,24.4352,-0.5794,flat_white
S1773,-19.2326,-5.1314,french_press
S1774,15.8915,-17.0102,flat_white
S1775,10.5040,14.1395,ristretto
S1776,-3.1231,23.7067,cold_brew
S1777,-0.9161,-10.0286,latte
S1778,20.2308,-2.3702,cappuccino
S1779,26.8033,-2.2325,cappuccino
S1780,3.3490,19.3740,cold_brew
S1781,-10.1788,10.0631,lungo
S1782,0.3047,0.5014,pour_over
S1783,-6.8486,11.7739,lungo
S1784,-7.8668,7.5975,lungo
S1785,1.5771,-11.4876,latte
S1786,3.8867,18.7473,cold_brew
S1787,-16.6549,-7.9419,french_press
S1788,-3.9725,-14.0270,latte
S1789,28.1812,-7.7825,cappuccino
S1790,3.5533,17.9722,pour_over
S1791,0.1347,18.6473,pour_over
S1792,31.7001,-2.7836,cappuccino
S1793,-14.6066,-13.3441,french_press
S1794,6.4646,-20.5673,espresso
S1795,10.8013,6.9603,pour_over
S1796,-4.8721,-12.4240,french_press
S1797,-0.3444,-6.3655,pour_over
